name,valid_coarse,valid_full,gt_displacement_median_512px,gt_displacement_p90_512px,baseline_coarse_epe_256px,attention_coarse_epe_256px,delta_coarse_epe_256px,baseline_corr_top1,attention_corr_top1,delta_corr_top1,baseline_coarse_ms,attention_coarse_ms,delta_coarse_ms,baseline_final_epe_512px,attention_final_epe_512px,delta_final_epe_512px,baseline_full_ms,attention_full_ms,delta_full_ms,baseline_peak_allocated_mib,attention_peak_allocated_mib,delta_peak_allocated_mib,bin_0-8_pixels_coarse_epe_512px,bin_0-8_baseline_coarse_epe_512px,bin_0-8_attention_coarse_epe_512px,bin_0-8_delta_coarse_epe_512px,bin_0-8_pixels_final_epe_512px,bin_0-8_baseline_final_epe_512px,bin_0-8_attention_final_epe_512px,bin_0-8_delta_final_epe_512px,bin_8-16_pixels_coarse_epe_512px,bin_8-16_baseline_coarse_epe_512px,bin_8-16_attention_coarse_epe_512px,bin_8-16_delta_coarse_epe_512px,bin_8-16_pixels_final_epe_512px,bin_8-16_baseline_final_epe_512px,bin_8-16_attention_final_epe_512px,bin_8-16_delta_final_epe_512px,bin_16-32_pixels_coarse_epe_512px,bin_16-32_baseline_coarse_epe_512px,bin_16-32_attention_coarse_epe_512px,bin_16-32_delta_coarse_epe_512px,bin_16-32_pixels_final_epe_512px,bin_16-32_baseline_final_epe_512px,bin_16-32_attention_final_epe_512px,bin_16-32_delta_final_epe_512px,bin_32-64_pixels_coarse_epe_512px,bin_32-64_baseline_coarse_epe_512px,bin_32-64_attention_coarse_epe_512px,bin_32-64_delta_coarse_epe_512px,bin_32-64_pixels_final_epe_512px,bin_32-64_baseline_final_epe_512px,bin_32-64_attention_final_epe_512px,bin_32-64_delta_final_epe_512px,bin_64+_pixels_coarse_epe_512px,bin_64+_pixels_final_epe_512px,bin_64+_baseline_coarse_epe_512px,bin_64+_attention_coarse_epe_512px,bin_64+_delta_coarse_epe_512px,bin_64+_baseline_final_epe_512px,bin_64+_attention_final_epe_512px,bin_64+_delta_final_epe_512px
000000,240,253228,35.56364822387695,48.82023620605469,2.6420164108276367,2.5794315338134766,-0.06258487701416016,0.19166667759418488,0.22083334624767303,0.02916666865348816,11.837400030344725,13.311599963344634,1.474199932999909,3.8562204837799072,3.773167848587036,-0.0830526351928711,70.5531999701634,61.87900004442781,-8.674199925735593,633.6240234375,725.8046875,92.1806640625,4,6.389491558074951,6.130128860473633,-0.25936269760131836,6393,5.338087067886751,5.3410835093070546,0.0029964414203034195,20,6.357190704345703,4.932200241088867,-1.4249904632568358,19244,4.291622551184785,4.285184667948451,-0.0064378832363338745,72,4.848440382215712,3.2136092715793185,-1.634831110636393,76920,3.136991964053562,3.0758373147425897,-0.06115464931097225,144,5.322071923149957,6.135990566677517,0.8139186435275603,150671,4.104911943904268,3.99724358038375,-0.107668363520518,0,0,,,,,,
000001,232,244044,30.927207946777344,42.279476165771484,3.076324701309204,2.7228524684906006,-0.3534722328186035,0.21551723778247833,0.24137930572032928,0.025862067937850952,12.578099966049194,13.782499940134585,1.2043999740853906,2.631382942199707,2.4158146381378174,-0.21556830406188965,65.50120003521442,64.1075000166893,-1.3937000185251236,641.458984375,732.85693359375,91.39794921875,10,3.458688735961914,2.0945438385009765,-1.3641448974609376,8137,1.3070196325427061,1.3219475851050755,0.01492795256236934,22,4.8097756125710225,3.295854395086115,-1.5139212174849073,24492,2.011908225134738,1.9957446245202515,-0.016163600614486517,91,5.5386620825463595,4.113614595853365,-1.4250474866929945,97976,2.335735122632073,2.1371298838491057,-0.19860523878296732,109,7.183435282575974,7.299178657181766,0.11574337460579187,113439,3.115475608036037,2.82567062474105,-0.28980498329498694,0,0,,,,,,
000002,202,216815,136.17481994628906,182.6647491455078,3.8888189792633057,3.5880603790283203,-0.30075860023498535,0.10891088843345642,0.12871286273002625,0.019801974296569824,12.834499939344823,13.496700092218816,0.6622001528739929,4.067395210266113,5.246899127960205,1.1795039176940918,64.4608000293374,61.217600014060736,-3.2432000152766705,642.505859375,732.7529296875,90.2470703125,0,,,,373,1.0914158552645359,0.9928345053828753,-0.09858134988166056,0,,,,1108,1.0307912447822654,0.9194083093305787,-0.11138293545168665,4,10.527275085449219,10.607088088989258,0.07981300354003906,4500,0.9787664930555555,0.9003347439236111,-0.0784317491319444,20,9.692109680175781,8.257237243652344,-1.4348724365234364,17972,1.1988457739817493,1.6520701038420877,0.45322432986033845,178,192862,7.500739279757725,6.977545920382725,-0.523193359375,4.429970976656884,5.716392420487188,1.2864214438303039
000003,228,241440,63.82487869262695,86.28373718261719,3.1247360706329346,2.931438684463501,-0.1932973861694336,0.15789473056793213,0.19298246502876282,0.03508773446083069,11.217999970540404,13.172599952667952,1.9545999821275473,4.221341133117676,4.625496864318848,0.4041557312011719,60.801099985837936,61.404299922287464,0.6031999364495277,641.88232421875,732.7177734375,90.83544921875,4,2.6469039916992188,2.063572406768799,-0.5833315849304199,1893,3.2923331847596407,3.311892550267433,0.019559365507792137,0,,,,5696,3.468408477440309,3.418724488676264,-0.049683988764044784,28,4.679908207484654,3.954748971121652,-0.7251592363630017,22760,3.1784387357205626,3.1592383842267133,-0.019200351493849244,88,5.440632213245738,4.782049005681818,-0.65858320756392,91020,3.188063063063063,3.388715048890354,0.20065198582729105,108,120071,7.44887853551794,7.378968415436922,-0.06991012008101816,5.252670295075414,5.9189359837096385,0.6662656886342244
000004,244,254042,56.774662017822266,78.06765747070312,2.2446513175964355,2.1621224880218506,-0.08252882957458496,0.21721310913562775,0.25819671154022217,0.04098360240459442,11.85140002053231,12.926699942909181,1.075299922376871,3.478963851928711,3.5018398761749268,0.02287602424621582,61.063700006343424,63.089200062677264,2.02550005633384,642.0859375,733.9658203125,91.8798828125,4,1.2434182167053223,2.323223829269409,1.079805612564087,2537,1.590285454954178,1.603393602803508,0.01310814784933001,8,2.621783971786499,2.7957215309143066,0.17393755912780762,7560,1.8279025607638888,1.8357452876984126,0.007842726934523814,27,3.213916919849537,2.928696808991609,-0.2852201108579284,30284,2.6986408871021,2.6810160687161537,-0.017624818385946206,117,4.100232768262553,3.4912250225360575,-0.6090077457264957,121028,3.4769867303433917,3.4468743803086888,-0.030112350034702917,88,92633,5.715214816006747,6.089876348322088,0.37466153231534083,3.9231267474873963,4.02996839679164,0.10684164930424345
000005,232,247570,48.188812255859375,65.60274505615234,2.5638811588287354,2.490020275115967,-0.07386088371276855,0.23706896603107452,0.24568966031074524,0.008620694279670715,12.122099986299872,13.176299980841577,1.0541999945417047,4.917417049407959,4.107966423034668,-0.809450626373291,61.6431999951601,63.52399999741465,1.8808000022545457,643.7275390625,732.85986328125,89.13232421875,4,3.817248821258545,3.971850872039795,0.15460205078125,3397,1.8456140068442743,1.8892921086160583,0.043678101771783995,8,4.079714298248291,2.7681307792663574,-1.3115835189819336,10240,1.4793853759765625,1.4953689575195312,0.01598358154296875,40,3.842023468017578,2.746684265136719,-1.0953392028808593,40932,1.753297007842275,1.5587918682204631,-0.19450513962181182,156,5.167201115534856,5.01975582807492,-0.14744528745993613,161190,5.067982272473478,4.087783438798933,-0.9801988336745451,24,31811,7.582079569498698,9.349488576253256,1.7674090067545576,9.660575351293577,8.568244868127378,-1.092330483166199
000006,208,218314,115.1949691772461,154.54803466796875,3.2139933109283447,3.184497117996216,-0.029496192932128906,0.14423076808452606,0.17788462340831757,0.033653855323791504,11.196699924767017,13.312699971720576,2.116000046953559,6.552051067352295,6.565505504608154,0.013454437255859375,60.495899990200996,64.13850001990795,3.642600029706955,641.91259765625,732.83544921875,90.9228515625,0,,,,517,2.3492089277079304,2.311910662475822,-0.03729826523210855,4,4.909389495849609,3.423428535461426,-1.4859609603881836,1576,2.338118654822335,2.348169626923382,0.010050972101046884,8,5.097665309906006,3.9969139099121094,-1.1007513999938965,6320,2.5137225573575948,2.550019778481013,0.036297221123418044,20,5.419073486328125,4.557277679443359,-0.861795806884766,25276,2.9647581327148282,2.996693689171546,0.03193555645671786,176,184625,6.637617631392046,6.749636563387784,0.11201893199573831,7.22914691943128,7.239460392687881,0.010313473256601036
000007,225,237385,76.1607894897461,102.59174346923828,3.307621717453003,2.725548505783081,-0.5820732116699219,0.1599999964237213,0.15555556118488312,-0.004444435238838196,12.29440001770854,12.673399993218482,0.3789999755099416,2.8863208293914795,2.9398746490478516,0.05355381965637207,61.352499993517995,64.03849995695055,2.6859999634325504,641.88818359375,733.87744140625,91.9892578125,0,,,,1313,0.5659945299856007,0.5698466711342107,0.003852141148609989,4,2.2297768592834473,1.8738563060760498,-0.35592055320739746,3928,1.0003836761909688,0.99512104104347,-0.0052626351474988065,16,3.514288902282715,3.3646254539489746,-0.14966344833374023,15720,1.863245343312659,1.8085626888517812,-0.05468265446087783,60,4.214265441894531,3.6844510396321613,-0.5298144022623696,62848,2.77410727071665,2.6186553271384927,-0.15545194357815717,145,153576,8.071903623383621,6.511037260910561,-1.5608663624730603,3.1050379779392614,3.257131444691879,0.1520934667526177
000008,216,228304,69.46879577636719,93.22555541992188,3.5142784118652344,3.231987953186035,-0.2822904586791992,0.17592592537403107,0.21759259700775146,0.0416666716337204,11.98770001064986,13.73620005324483,1.7485000425949693,4.383889675140381,4.138790607452393,-0.24509906768798828,61.45099992863834,62.93099990580231,1.4799999771639705,641.4609375,733.7236328125,92.2626953125,1,3.4847400188446045,2.786442279815674,-0.6982977390289307,1505,0.6313500895452658,0.6244257423172758,-0.006924347227990069,3,5.066040674845378,4.0015303293863935,-1.0645103454589844,4536,1.4933266076251102,1.4766285945078264,-0.016698013117283805,20,4.561740493774414,3.823002243041992,-0.7387382507324216,18164,2.877357857575424,2.826002842160317,-0.05135501541510701,64,6.2219133377075195,5.07246208190918,-1.1494512557983398,72680,3.7465508048981837,3.616536959961475,-0.13001384493670853,128,131419,7.891000747680664,7.6588287353515625,-0.23217201232910156,5.087331360001217,4.741196573554813,-0.34613478644640416
000009,232,241569,101.32891082763672,137.01473999023438,3.5001652240753174,3.771820068359375,0.2716548442840576,0.12931033968925476,0.12931033968925476,0.0,12.656499980948865,13.932900037616491,1.276400056667626,3.1851704120635986,3.5519089698791504,0.36673855781555176,64.01100009679794,64.1936999745667,0.18269987776875496,640.5498046875,733.91552734375,93.36572265625,0,,,,749,1.0386138223360313,1.0503016065691755,0.011687784233144205,4,3.96954345703125,3.510619878768921,-0.4589235782623291,2248,1.0833251518711076,1.0340806411254448,-0.04924451074566272,8,4.189558982849121,4.172948837280273,-0.016610145568847656,9044,1.1261751359672159,1.0983414850315125,-0.027833650935703336,40,5.351253509521484,5.669277191162109,0.318023681640625,36120,1.6818692466085272,1.77370938019103,0.09184013358250276,180,193408,7.559065755208334,8.199596489800347,0.6405307345920139,3.5949446894647585,4.037681998676374,0.44273730921161514
000010,256,262144,12.353387832641602,17.260875701904297,3.849618434906006,2.978726387023926,-0.8708920478820801,0.2421875,0.23828125,-0.00390625,12.699900078587234,13.261099928058684,0.5611998494714499,2.121311664581299,2.1841840744018555,0.06287240982055664,61.05879996903241,63.49710002541542,2.4383000563830137,641.03173828125,733.96630859375,92.9345703125,52,7.274711608886719,5.878814697265625,-1.3958969116210938,54997,1.2756438703474735,1.2518157240394931,-0.023828146307980358,158,6.475490135482595,4.902297007886669,-1.5731931275959257,161838,2.2221148617753554,2.3111182169824147,0.08900335520705926,46,12.382439654806387,9.670577339504076,-2.7118623153023105,45309,2.7877449844401774,2.862520415370015,0.0747754309298374,0,,,,0,,,,0,0,,,,,,
000011,220,233920,53.72081756591797,72.43475341796875,3.0029661655426025,2.657269239425659,-0.34569692611694336,0.23181816935539246,0.2545454502105713,0.022727280855178833,10.947800008580089,13.084599981084466,2.1367999725043774,2.4200801849365234,2.483320713043213,0.06324052810668945,60.85849995724857,64.40550007391721,3.5470001166686416,643.22314453125,732.890625,89.66748046875,4,2.855231285095215,3.2932629585266113,0.4380316734313965,2593,1.1420168746083206,1.138160431932125,-0.0038564426761955595,8,3.118673801422119,2.9663782119750977,-0.15229558944702148,7796,1.276520761849025,1.2755550973656362,-0.0009656644833888617,32,3.583420991897583,2.6469218730926514,-0.9364991188049316,31104,1.7809489685812114,1.7753052260159465,-0.005643742565264898,120,5.485287984212239,4.810770670572917,-0.6745173136393223,124576,2.453213801213717,2.462045759215258,0.008831958001541018,56,67851,9.143406459263392,8.39822278703962,-0.7451836722237726,2.8324711500198965,3.037125005526816,0.2046538555069195
000012,212,225516,78.77631378173828,105.68543243408203,4.945497512817383,3.995892286300659,-0.9496052265167236,0.09433962404727936,0.1037735864520073,0.009433962404727936,11.38480007648468,12.929199961945415,1.5443998854607344,4.502579212188721,4.348184108734131,-0.15439510345458984,59.94789989199489,62.15629994403571,2.2084000520408154,643.6572265625,732.783203125,89.1259765625,0,,,,1177,1.5780026185482159,1.2540583971099724,-0.32394422143824353,4,21.117595672607422,22.618690490722656,1.5010948181152344,3484,2.2261545244779706,2.0628949416080653,-0.16325958286990527,12,16.518998463948567,17.25726064046224,0.7382621765136719,13932,3.041144319282946,2.984768653100775,-0.056375666182170825,60,8.121259053548178,7.3608856201171875,-0.7603734334309902,55796,4.039371101871102,3.815897701000072,-0.22347340087102996,136,151127,9.756743487189798,7.02237746294807,-2.7343660242417283,4.8835776366896715,4.7471745617923995,-0.136403074897272
000013,208,221774,94.0842514038086,126.21636199951172,3.822741746902466,3.046177864074707,-0.7765638828277588,0.09615384787321091,0.14423076808452606,0.048076920211315155,11.148200021125376,12.766100000590086,1.6178999794647098,2.3304929733276367,2.326691150665283,-0.0038018226623535156,59.87129989080131,62.72270006593317,2.8514001751318574,643.63037109375,732.7509765625,89.12060546875,0,,,,793,1.6316361301032472,1.6491218942110655,0.017485764107818325,4,5.131802082061768,4.772348403930664,-0.3594536781311035,2404,1.4698092290843385,1.5024286101939477,0.03261938110960916,8,7.65494441986084,5.412834167480469,-2.242110252380371,9620,1.3591043642801455,1.3761850717905406,0.017080707510395143,40,7.470426940917969,5.538166427612305,-1.932260513305664,38484,1.5417255385354953,1.5850995909014136,0.04337405236591829,156,170473,7.754338191105769,6.3031494923127,-1.4511886987930689,2.5787608228282486,2.5625179647216862,-0.01624285810656234
000014,216,230375,106.43434143066406,142.850341796875,2.720019817352295,2.33964204788208,-0.38037776947021484,0.12962962687015533,0.15740740299224854,0.0277777761220932,11.435499996878207,12.798600015230477,1.3631000183522701,2.528493642807007,2.737096071243286,0.2086024284362793,61.07200006954372,61.46140000782907,0.3893999382853508,642.80224609375,733.890625,91.08837890625,0,,,,657,3.3779731645976026,3.376879548373288,-0.0010936162243146974,4,4.198770046234131,2.538154363632202,-1.6606156826019287,1936,3.2833789163384557,3.253147093717717,-0.030231822620738757,8,3.7217774391174316,2.5554323196411133,-1.1663451194763184,7820,3.1943998761189256,3.1764855738491047,-0.017914302269820936,32,3.539374351501465,3.481806993484497,-0.05756735801696777,31244,2.5551050801753936,2.6101606508449624,0.05505557066956879,172,188718,5.902438141578852,5.050648179165153,-0.8517899624136991,2.4857927900359265,2.7323827748280505,0.24658998479212402
000015,196,236196,9.693917274475098,13.548422813415527,2.4503958225250244,2.1285593509674072,-0.3218364715576172,0.3520407974720001,0.37244898080825806,0.020408183336257935,11.508399969898164,13.884899904951453,2.376499935053289,2.982760190963745,3.099876880645752,0.11711668968200684,60.379000031389296,64.0871999785304,3.708199947141111,640.41455078125,733.69677734375,93.2822265625,80,2.8879329681396486,2.1943332672119142,-0.6935997009277344,80377,1.8507671271010364,1.9203141912487403,0.06954706414770384,116,6.288970947265625,5.679728540880927,-0.6092424063846984,153530,3.4765159903601903,3.6158006578518855,0.1392846674916952,0,,,,2289,9.614399881225426,9.915042048929664,0.3006421677042379,0,,,,0,,,,0,0,,,,,,
000016,196,209884,97.38232421875,130.7682647705078,3.4892938137054443,3.828648090362549,0.3393542766571045,0.16326530277729034,0.178571417927742,0.01530611515045166,11.04669994674623,13.296699966304004,2.250000019557774,3.533522129058838,3.588066577911377,0.05454444885253906,59.26539993379265,62.95379996299744,3.688400029204786,641.99169921875,733.94580078125,91.9541015625,0,,,,709,1.5946280798219323,1.451247630906206,-0.14338044891572643,4,6.187080383300781,5.226573467254639,-0.9605069160461426,2128,1.4665436708837523,1.3589078286536653,-0.10763584223008693,8,6.579270362854004,6.284719467163086,-0.29455089569091797,8492,1.4402239561867052,1.4046874080016487,-0.03553654818505647,32,6.8737382888793945,6.731207847595215,-0.1425304412841797,34008,1.9426639963390966,1.9257335819880617,-0.016930414351034928,152,164547,7.04250777395148,7.9884691740337175,0.9459614000822372,4.005431958650112,4.082348052532104,0.07691609388199172
000017,232,245726,27.589019775390625,37.80492401123047,3.0958778858184814,2.5419857501983643,-0.5538921356201172,0.25431033968925476,0.25431033968925476,0.0,11.442999937571585,13.642999925650656,2.199999988079071,6.1120805740356445,6.377627372741699,0.2655467987060547,60.72489998769015,63.00670001655817,2.2818000288680196,642.68798828125,733.84521484375,91.1572265625,12,4.04776128133138,3.3292951583862305,-0.7184661229451494,10349,2.852938689728476,2.937773275195671,0.08483458546719502,32,4.909104347229004,4.315566062927246,-0.5935382843017578,30976,3.1927328819085745,3.2277231768143078,0.034990294905733244,120,5.369670104980469,4.206459045410156,-1.1632110595703127,123968,5.058493925851833,5.300471694308208,0.2419777684563753,68,8.624448888442096,7.303775114171645,-1.3206737742704506,80433,9.27955565501722,9.69347158504594,0.41391593002872007,0,0,,,,,,
000018,216,227800,130.32652282714844,174.8513641357422,3.7888126373291016,4.107738018035889,0.3189253807067871,0.07870370149612427,0.125,0.04629629850387573,11.334900045767426,13.742599985562265,2.4076999397948384,6.993427276611328,6.122997283935547,-0.8704299926757812,60.63019996508956,62.45239998679608,1.8222000217065215,641.43017578125,732.828125,91.39794921875,0,,,,429,1.6847783157597611,1.687449066233246,0.002670750473484862,4,5.204351902008057,4.373201370239258,-0.8311505317687988,1296,1.9613673834153165,1.8445310239438657,-0.11683635947145077,0,,,,5136,2.5732509339709893,2.383973689094139,-0.18927724487685005,26,4.295535160945012,4.8382266117976265,0.5426914508526144,20616,3.6249893893092744,3.201699756863601,-0.4232896324456732,186,200323,8.087450909358198,8.770194104922716,0.6827431955645178,7.497335553081773,6.5566809602491976,-0.9406545928325754
000019,204,217226,127.21309661865234,170.64576721191406,5.667253494262695,4.866307258605957,-0.8009462356567383,0.06862745434045792,0.11274509876966476,0.04411764442920685,11.284500011242926,12.395699974149466,1.1111999629065394,8.381054878234863,4.906859874725342,-3.4741950035095215,59.052899945527315,62.08249996416271,3.029600018635392,641.44384765625,732.759765625,91.31591796875,0,,,,429,2.5604165528481935,1.6820856552301864,-0.8783308976180071,4,7.59589147567749,7.373271465301514,-0.22262001037597656,1296,2.6628346384307484,1.8221490177107447,-0.8406856207200037,0,,,,5144,3.410904998541991,1.9498623244313764,-1.4610426741106144,26,12.468556330754208,8.602465702937199,-3.866090627817009,20648,5.192850094440139,2.7862758348266174,-2.406574259613522,174,189709,11.250996205998563,9.955724255792026,-1.295271950206537,8.915052791380482,5.246209984766142,-3.6688428066143404
000020,196,211069,91.3262710571289,122.7192153930664,3.1030726432800293,3.6717958450317383,0.568723201751709,0.1071428582072258,0.12244898080825806,0.015306122601032257,11.3667999394238,12.794199981726706,1.4274000423029065,4.3386054039001465,3.4300055503845215,-0.908599853515625,60.789500013925135,62.27290001697838,1.483400003053248,642.43359375,732.7197265625,90.2861328125,0,,,,805,1.1095627304930125,1.2842179008152175,0.174655170322205,4,2.7508974075317383,2.4398608207702637,-0.3110365867614746,2436,1.1263030855526477,1.2802401638187602,0.15393707826611247,8,3.4139633178710938,3.1850342750549316,-0.2289290428161621,9724,1.3472352555532703,1.4589500286019128,0.11171477304864252,40,4.265493011474609,5.605475616455078,1.3399826049804693,38876,2.1056713171365367,1.9199457891758411,-0.18572552796069552,144,159228,6.996316697862413,8.19364759657118,1.197330898708767,5.1319350239907555,3.9628001984575576,-1.169134825533198
000021,228,238674,121.97904968261719,164.44264221191406,3.6158885955810547,3.771716594696045,0.15582799911499023,0.17105263471603394,0.17543859779834747,0.004385963082313538,11.286999913863838,13.10179999563843,1.8148000817745924,2.27755069732666,2.0154032707214355,-0.2621474266052246,59.68529998790473,61.63150002248585,1.9462000345811248,642.6181640625,733.849609375,91.2314453125,0,,,,509,0.7613356314848354,0.70513700174208,-0.05619862974275536,4,5.209767818450928,2.4790730476379395,-2.7306947708129883,1552,0.6912708085836824,0.6339562799512726,-0.05731452863240982,6,6.498980204264323,4.511069615681966,-1.9879105885823574,6168,0.6620036123946174,0.595321556318904,-0.06668205607571331,22,3.7139611677689985,3.524271184747869,-0.18968998302112938,24644,1.1372231197248823,1.210798964758156,0.07357584503327375,196,205801,7.690332529496174,8.190746073820153,0.5004135443239788,2.4782329167496755,2.1679714262807277,-0.3102614904689478
000022,212,225516,78.77631378173828,105.68543243408203,2.690178394317627,2.6393394470214844,-0.05083894729614258,0.2216981202363968,0.2641509473323822,0.04245282709598541,11.059799930080771,12.644400005228817,1.584600075148046,2.225710868835449,2.0852479934692383,-0.14046287536621094,59.86279994249344,62.39610002376139,2.533300081267953,642.58935546875,733.728515625,91.13916015625,0,,,,1177,0.411582149482928,0.46231667673375104,0.05073452725082306,4,4.26683235168457,3.247183322906494,-1.0196490287780762,3484,0.7782253611375215,0.8123948877906142,0.0341695266530927,12,3.885810216267904,3.121793746948242,-0.7640164693196616,13932,1.2436617364699971,1.2321922440245479,-0.011469492445449259,60,3.804601033528646,3.0858497619628906,-0.7187512715657554,55796,1.7127793098967667,1.6147871543210983,-0.09799215557566843,136,151127,6.240165261661305,6.496166902429917,0.25600164076861187,2.5531155088104707,2.3795656964010403,-0.17354981240943035
000023,224,236486,79.22740936279297,106.6557388305664,2.3278346061706543,2.7970893383026123,0.469254732131958,0.2187500149011612,0.2410714328289032,0.022321417927742004,11.840000050142407,12.720000115223229,0.8800000650808215,2.000809669494629,2.071892023086548,0.07108235359191895,61.0669000307098,61.7793999845162,0.7124999538064003,642.46484375,733.90478515625,91.43994140625,0,,,,1201,0.336712610910179,0.33747816760772276,0.0007655566975437456,4,4.177542209625244,1.9310131072998047,-2.2465291023254395,3624,0.6383375963627897,0.6448996167046082,0.006562020341818409,12,4.638851165771484,2.8781210581461587,-1.7607301076253257,14468,0.9756506681771842,0.9891587252902958,0.013508057113111649,60,3.7344891866048178,3.4720667521158854,-0.2624224344889323,57868,1.094261333444218,1.1557375190087786,0.06147618556456069,148,159325,5.043405893686655,6.773718756598395,1.73031286291174,2.4667022987603953,2.5484993331241172,0.08179703436372199
000024,232,242748,95.42610931396484,129.16241455078125,3.3742775917053223,3.614072561264038,0.23979496955871582,0.0732758641242981,0.10344827175140381,0.030172407627105713,11.812899960204959,12.419100035913289,0.6062000757083297,3.0794389247894287,2.6500461101531982,-0.42939281463623047,60.29489997308701,63.023699913173914,2.728799940086901,640.8037109375,733.94677734375,93.14306640625,0,,,,853,2.642416700249121,2.5955500004579424,-0.04686669979117841,4,10.795222282409668,7.397838592529297,-3.397383689880371,2544,2.2402466588050314,2.2581138370921776,0.017867178287146235,8,10.107160568237305,4.906621932983398,-5.200538635253906,10240,2.118096923828125,2.139871597290039,0.021774673461913974,40,7.684527587890625,4.748224258422852,-2.9363033294677736,40948,2.8189386157443588,2.756292279232197,-0.06264633651216167,180,188163,6.301363796657986,7.878646511501736,1.5772827148437498,3.201773196643336,2.660234909360501,-0.5415382872828349
000025,220,233920,53.72081756591797,72.43475341796875,3.3821487426757812,3.102506160736084,-0.27964258193969727,0.09090908616781235,0.11818181723356247,0.027272731065750122,11.985899996943772,13.181400019675493,1.1955000227317214,3.311605215072632,3.6854441165924072,0.3738389015197754,59.82540000695735,62.103800009936094,2.278400002978742,640.8134765625,732.81689453125,92.00341796875,4,7.596757888793945,7.7055134773254395,0.10875558853149414,2593,2.7712120824093716,2.8407237107717895,0.06951162836241798,8,6.009466648101807,6.151571273803711,0.1421046257019043,7796,2.7884922957285787,2.842593056535403,0.054100760806824244,32,5.0397748947143555,5.0153961181640625,-0.02437877655029297,31104,2.5720094280478394,2.4657640496399176,-0.10624537840792181,120,5.904259236653646,5.411963907877604,-0.49229532877604143,124576,2.864039823079887,3.122340478904444,0.2583006558245571,56,67851,9.641050066266741,8.484639848981585,-1.1564102172851562,4.553144942594804,5.407562618826546,0.8544176762317424
000026,196,209884,97.38232421875,130.7682647705078,7.983127117156982,11.41888427734375,3.4357571601867676,0.030612245202064514,0.030612245202064514,0.0,11.527599999681115,13.001400046050549,1.4738000463694334,6.805166721343994,17.18316078186035,10.377994060516357,61.20599992573261,62.8815001109615,1.6755001852288842,642.1455078125,732.783203125,90.6376953125,0,,,,709,2.9758951593353316,17.354149219851905,14.378254060516573,4,8.506413459777832,19.520389556884766,11.013976097106934,2128,3.286896440319549,16.048896043820488,12.76199960350094,8,10.048154830932617,19.405508041381836,9.357353210449219,8492,3.8049968444565474,14.616929904616109,10.81193306015956,32,12.524408340454102,22.836322784423828,10.311914443969727,34008,4.102022869618914,13.967823747353563,9.86580087773465,152,164547,17.198645340768916,23.10601806640625,5.907372725637334,7.5806760378493685,17.994067044674168,10.4133910068248
000027,196,205800,139.2657012939453,186.82489013671875,4.813105583190918,4.6812286376953125,-0.13187694549560547,0.06632652878761292,0.07653061300516129,0.01020408421754837,12.00690004043281,12.65119994059205,0.6442999001592398,12.827849388122559,7.738656997680664,-5.0891923904418945,60.57280011009425,61.50850001722574,0.9356999071314931,641.29345703125,732.69140625,91.39794921875,0,,,,341,2.762248735623625,2.8445219783838893,0.08227324276026415,0,,,,1012,2.954117484714674,2.730049947504941,-0.22406753720973294,4,3.6021366119384766,12.669778823852539,9.067642211914062,4080,3.5976275275735294,2.778982364430147,-0.8186451631433824,20,6.665540313720703,10.30034942626953,3.6348091125488278,16300,5.4577070552147235,3.721008435582822,-1.7366986196319014,172,184067,10.110570153524709,9.176485283430232,-0.9340848700944768,13.758041908652828,8.240978149260867,-5.517063759391961
000028,228,239318,70.01390075683594,94.45258331298828,2.7468111515045166,2.6315672397613525,-0.11524391174316406,0.17543859779834747,0.21052631735801697,0.035087719559669495,11.52529998216778,13.039099983870983,1.5138000017032027,2.3291828632354736,2.2149202823638916,-0.11426258087158203,59.777499991469085,64.6526999771595,4.875199985690415,641.35986328125,733.82958984375,92.4697265625,1,0.7537904381752014,1.3803709745407104,0.626580536365509,1565,2.1501371243510383,2.124982683955671,-0.025154440395367406,3,2.434961477915446,2.730041821797689,0.29508034388224313,4688,2.077259675634599,2.031051271197739,-0.04620840443686003,20,3.527456283569336,3.2871795654296876,-0.24027671813964835,18764,1.844914547138137,1.7808140754903006,-0.06410047164783639,72,3.3384797837999134,3.2588975694444446,-0.07958221435546875,74992,1.8899488862145295,1.8204783510241092,-0.06947053519042035,132,139309,7.072482022372159,6.742726643880208,-0.32975537849195113,2.6413454084086454,2.4929231061884014,-0.148422302220244
000029,196,208894,103.39998626708984,138.80328369140625,3.432744264602661,3.5878076553344727,0.15506339073181152,0.16326530277729034,0.17346937954425812,0.010204076766967773,11.905899969860911,12.90490000974387,0.9990000398829579,3.158200979232788,2.777440309524536,-0.38076066970825195,60.35269994754344,61.74429995007813,1.3916000025346875,642.517578125,733.73095703125,91.21337890625,0,,,,621,1.6788980726650564,1.6925141216284219,0.013616048963365435,4,8.42066764831543,5.352731227874756,-3.067936420440674,1880,1.6559715757978724,1.6929874501329787,0.037015874335106336,8,6.693276405334473,4.9079060554504395,-1.7853703498840332,7504,1.9326593525119935,1.8236136039945363,-0.10904574851745719,25,6.10404296875,5.862493896484375,-0.2415490722656246,29992,2.680348092824753,2.552446277340624,-0.12790181548412916,159,168897,6.954753371904481,7.542038251768868,0.587284879864387,3.319666719953581,2.8758316829191757,-0.4438350370344053
000030,208,225122,44.917049407958984,61.290836334228516,2.3833436965942383,2.4960460662841797,0.1127023696899414,0.23076924681663513,0.23557692766189575,0.00480768084526062,11.610499932430685,13.037099968641996,1.4266000362113118,2.2539052963256836,2.348970651626587,0.09506535530090332,60.67899998743087,62.091700034216046,1.4127000467851758,642.60986328125,733.84130859375,91.2314453125,4,2.8850455284118652,2.925841808319092,0.04079627990722656,3569,1.9089142726428971,1.942999423201527,0.03408515055862993,9,3.21226077609592,3.346189710828993,0.13392893473307277,10720,1.7138686450559701,1.793718115963153,0.07984947090718286,39,3.635683108598758,2.9026121481870995,-0.7330709604116588,42828,1.6068926870271785,1.6779301070561314,0.07103742002895297,144,5.0106455485026045,5.199191623263889,0.18854607476128482,154000,2.2495750811688313,2.3576286525974024,0.10805357142857108,12,14005,7.307989756266276,11.220877329508463,3.9128875732421866,4.781398942342021,4.834318100678329,0.05291915833630867
000031,216,227497,139.26344299316406,186.85299682617188,4.980997562408447,3.935551166534424,-1.0454463958740234,0.10648148506879807,0.1111111119389534,0.0046296268701553345,11.286400025710464,12.650799937546253,1.3643999118357897,4.682821750640869,4.278713703155518,-0.40410804748535156,60.3592999977991,63.66910005453974,3.3098000567406416,642.53759765625,733.9033203125,91.36572265625,0,,,,373,0.9661020887441354,1.0140145227672588,0.047912434023123396,0,,,,1116,0.9606224798387096,1.028128456471214,0.06750597663250446,4,4.573087692260742,5.657933235168457,1.0848455429077148,4508,1.0862693752772847,1.046908902402673,-0.03936047287461175,20,5.800952911376953,5.122367095947266,-0.6785858154296873,18028,1.1957501872087863,1.103516275030508,-0.09223391217827825,192,203472,10.507706960042318,8.20353635152181,-2.304170608520508,5.098694783557443,4.6554575076669025,-0.4432372758905405
000032,220,228762,118.42098999023438,158.86778259277344,4.215926170349121,2.7962894439697266,-1.4196367263793945,0.16818180680274963,0.1818181723356247,0.013636365532875061,11.45699992775917,12.731800088658929,1.2748001608997583,4.354118347167969,4.0208306312561035,-0.33328771591186523,60.27780007570982,61.669599963352084,1.3917998876422644,642.47265625,732.7587890625,90.2861328125,0,,,,517,1.6346531172555006,1.678581783803796,0.043928666548295414,4,7.548079967498779,3.4019198417663574,-4.146160125732422,1568,1.6979457310267858,1.6911617979711415,-0.006783933055644287,8,8.070146560668945,5.943508148193359,-2.126638412475586,6264,1.9756065164032568,1.9583347364403736,-0.017271779962883205,20,6.4533203125,4.741980743408203,-1.7113395690917965,25072,2.5463737872427408,2.445890055390475,-0.10048373185226556,188,195341,8.676530553939495,5.714745054853723,-2.9617854990857717,4.690933099042188,4.31401177940115,-0.37692131964103837
000033,208,220568,100.1527328491211,134.33985900878906,3.9828855991363525,3.4516520500183105,-0.531233549118042,0.10576923191547394,0.11538462340831757,0.009615391492843628,11.328699998557568,12.318599969148636,0.9898999705910683,5.75167989730835,5.408838748931885,-0.34284114837646484,60.38020004052669,62.97450000420213,2.5942999636754394,640.7744140625,732.763671875,91.9892578125,0,,,,697,2.4012309311110114,2.7024062387912484,0.30117530768023704,4,11.618721008300781,10.196235656738281,-1.4224853515625,2104,2.679629017644962,2.843682930949976,0.16405391330501384,8,12.358993530273438,10.066251754760742,-2.2927417755126953,8444,2.6832518837340125,2.790525955930246,0.10727407219623375,32,7.992508888244629,6.907669544219971,-1.0848393440246582,33792,3.0993337920217803,3.1259883533824575,0.02665456136067723,164,175531,7.657155106707317,6.6678466796875,-0.9893084270198171,6.460026291652187,6.01576644581299,-0.44425984583919664
000034,232,244968,54.4654655456543,73.91297912597656,2.7372546195983887,2.5703330039978027,-0.16692161560058594,0.22413793206214905,0.2629310190677643,0.038793087005615234,11.87370007392019,12.728099944069982,0.8543998701497912,4.630876541137695,4.614864349365234,-0.016012191772460938,60.0360999815166,63.515599933452904,3.4794999519363046,640.72900390625,732.732421875,92.00341796875,4,10.664015769958496,7.001190185546875,-3.662825584411621,2617,4.536281330602789,4.615710528515476,0.07942919791268643,8,7.467757225036621,4.814074516296387,-2.6536827087402344,7928,4.0807363931634715,4.09500494686554,0.014268553702068587,32,4.839604377746582,2.950000762939453,-1.889603614807129,31708,3.86447845378138,3.7923537632458686,-0.07212469053551152,120,4.83582509358724,4.306187438964844,-0.5296376546223964,126784,4.47069523756941,4.4769129976968705,0.006217760127460892,68,75931,6.360613654641544,7.573156020220588,1.2125423655790435,5.279076151374274,5.2429253203566395,-0.03615083101763439
000035,202,236842,11.935328483581543,16.679088592529297,2.266483783721924,2.093012571334839,-0.17347121238708496,0.5445544719696045,0.5742574334144592,0.029702961444854736,11.856899945996702,12.29139999486506,0.43450004886835814,3.8624918460845947,3.7790441513061523,-0.08344769477844238,60.84020005073398,62.9321999149397,2.091999864205718,642.1875,733.97900390625,91.79150390625,52,3.163593585674579,3.227720407339243,0.06412682166466377,53193,2.764937938262553,2.7532520138928054,-0.011685924369747802,132,4.490337025035512,4.008494984019887,-0.481842041015625,151194,3.391982734103205,3.3768870623172877,-0.015095671785917197,18,8.801564534505209,8.256348503960503,-0.5452160305447062,32455,7.853260283469419,7.333772723771376,-0.5194875596980433,0,,,,0,,,,0,0,,,,,,
000036,206,218392,63.745399475097656,86.18888854980469,3.011223316192627,2.825098752975464,-0.18612456321716309,0.13106796145439148,0.17475728690624237,0.04368932545185089,11.04090001899749,12.398999999277294,1.3580999802798033,2.743469715118408,2.6087327003479004,-0.1347370147705078,60.38010003976524,62.70790006965399,2.327800029888749,641.396484375,733.7216796875,92.3251953125,4,4.024813652038574,3.7958250045776367,-0.2289886474609375,1725,2.6746156023550727,2.6873465806159422,0.012730978260869552,0,,,,5144,2.736667188107504,2.768748329364308,0.032081141256803836,26,3.762849367581881,3.223558866060697,-0.539290501521184,20648,2.7088466497965906,2.7670968435199534,0.05825019372336282,82,4.790998133217416,3.9443136075647867,-0.8466845256526292,82544,2.2023186118918394,2.1447167571234735,-0.05760185476836588,94,108331,7.8066886739527925,7.888416046791888,0.08172737283909548,3.163824009286354,2.9232600779093705,-0.2405639313769834
000037,256,262144,24.499013900756836,34.23146057128906,2.218045711517334,2.214209794998169,-0.003835916519165039,0.3515625,0.3671875,0.015625,11.864300002343953,13.141300063580275,1.277000061236322,3.9934940338134766,4.2899980545043945,0.29650402069091797,60.97250001039356,61.16929999552667,0.19679998513311148,641.408203125,733.8779296875,92.4697265625,12,2.9619887669881186,4.356426239013672,1.3944374720255532,13965,1.117216870300752,1.115242836443788,-0.0019740338569638194,40,2.806639862060547,2.699031448364258,-0.10760841369628915,41936,2.365594298454788,2.382357565695345,0.01676326724055688,164,4.347566185927972,4.0801451148056405,-0.2674210711223317,163366,4.09826172520598,4.163798235250909,0.06553651004492966,40,6.8707275390625,7.607329559326172,0.736602020263672,42877,6.123292353709448,7.67062469389183,1.5473323401823826,0,0,,,,,,
000038,225,237385,76.1607894897461,102.59174346923828,3.309985876083374,2.911302089691162,-0.3986837863922119,0.15555556118488312,0.17777778208255768,0.02222222089767456,11.446600081399083,12.830299907363951,1.383699825964868,2.3933897018432617,2.3852803707122803,-0.008109331130981445,61.58840004354715,62.95190006494522,1.3635000213980675,642.6044921875,734.04443359375,91.43994140625,0,,,,1313,1.1878835034570163,1.1709250270730198,-0.0169584763839965,4,2.3684470653533936,2.812856674194336,0.4444096088409424,3928,1.342612334521385,1.3039029931342285,-0.038709341387156426,16,5.507773399353027,4.513491630554199,-0.9942817687988281,15720,1.352507255884224,1.3078512643129772,-0.04465599157124678,60,6.763898722330729,5.675068155924479,-1.0888305664062496,62848,1.9035888174643585,1.8875123313391038,-0.016076486125254696,145,153576,6.800425562365302,6.111133654364224,-0.6892919080010778,2.7375578703703702,2.737307790605303,-0.00025007976506730145
000039,242,250952,65.70831298828125,89.87154388427734,3.579524040222168,2.824963331222534,-0.7545607089996338,0.1818181723356247,0.21074379980564117,0.02892562747001648,12.566699995659292,13.947300030849874,1.3806000351905823,4.010946273803711,4.304769992828369,0.2938237190246582,60.937499976716936,62.40639998577535,1.468900009058416,642.71875,732.79638671875,90.07763671875,4,2.361001491546631,3.209259033203125,0.8482575416564941,1869,1.8223547121622525,1.7966208011470037,-0.0257339110152488,0,,,,5564,2.1230166865115025,2.092136671010065,-0.030880015501437708,28,5.951784406389509,3.872877938406808,-2.0789064679827005,22348,3.1808673455119028,3.155801134329694,-0.025066211182208864,88,6.270226218483665,4.535528009588068,-1.7346982088955967,89312,3.825622536725188,3.8643820259315658,0.03875948920637784,122,131859,8.234556104316086,6.941625376216701,-1.2929307280993854,4.387842316413745,4.926706273367764,0.5388639569540192
000040,206,217690,121.18836975097656,162.60296630859375,4.135386943817139,2.8104140758514404,-1.3249728679656982,0.058252427726984024,0.08252426981925964,0.02427184209227562,11.495299986563623,12.848599930293858,1.353299943730235,7.135427474975586,7.05163049697876,-0.08379697799682617,62.08820000756532,62.58580007124692,0.4976000636816025,642.63623046875,732.84814453125,90.2119140625,0,,,,481,3.4443298466735968,3.558634609293789,0.11430476262019207,4,9.665325164794922,5.1978864669799805,-4.467438697814941,1412,3.777984878496813,3.7214870723043556,-0.05649780619245748,0,,,,5696,3.653897746225421,3.3704655679424156,-0.2834321782830056,28,6.838803972516741,3.703577314104353,-3.1352266584123885,22760,3.2767080404217928,3.3210923769771528,0.044384336555360004,174,187341,8.469147079292386,5.939074286099138,-2.5300727931932476,7.744858306510587,7.650844582872943,-0.09401372363764438
000041,202,236842,11.935328483581543,16.679088592529297,2.5844919681549072,2.438493251800537,-0.14599871635437012,0.31683167815208435,0.3217821717262268,0.004950493574142456,11.89139997586608,12.58189999498427,0.6905000191181898,3.302321195602417,3.188054084777832,-0.11426711082458496,61.305199982598424,62.70919996313751,1.4039999805390835,642.43505859375,732.72119140625,90.2861328125,52,3.0190693781926083,2.9083882845365086,-0.1106810936560998,53193,2.9176260269208356,2.9360982648092793,0.018472237888443654,132,5.436013886422822,4.628854462594697,-0.807159423828125,151194,3.1761796929772346,2.9992071444634045,-0.17697254851383004,18,9.421627468532986,12.383680555555555,2.9620530870225696,32455,4.520466800184871,4.480760379756586,-0.03970642042828487,0,,,,0,,,,0,0,,,,,,
000042,216,227978,127.34356689453125,170.85768127441406,4.2193074226379395,4.476113796234131,0.2568063735961914,0.125,0.1527777761220932,0.0277777761220932,12.142500025220215,13.037299970164895,0.8947999449446797,3.42685604095459,3.7863070964813232,0.3594510555267334,62.060800031758845,63.72420000843704,1.6633999766781926,640.80517578125,733.9482421875,93.14306640625,0,,,,437,2.9677812589387873,3.429536657966247,0.46175539902745966,4,5.964578151702881,4.792592525482178,-1.1719856262207031,1352,2.972458337185651,3.3348475349019973,0.36238919771634626,0,,,,5404,2.5793144401138046,2.8499950123750923,0.2706805722612877,28,7.1339231218610495,6.940543038504464,-0.19338008335658508,21600,1.925574363425926,2.392904730902778,0.4673303674768521,184,199185,8.690937871518342,9.348781419836957,0.6578435483186151,3.616743856214072,3.966659763536411,0.3499159073223388
000043,208,218314,115.1949691772461,154.54803466796875,3.3125264644622803,3.4632508754730225,0.1507244110107422,0.16826923191547394,0.18269231915473938,0.014423087239265442,11.900600045919418,13.292399933561683,1.3917998876422644,3.928217649459839,3.8059005737304688,-0.12231707572937012,62.588099972344935,64.67239989433438,2.084299921989441,640.75732421875,733.68798828125,92.9306640625,0,,,,517,4.232033233347437,4.208023868169729,-0.02400936517770802,4,6.704301357269287,5.273470878601074,-1.430830478668213,1576,3.993310918662754,3.9745979115442576,-0.01871300711849644,8,5.301546096801758,4.720973968505859,-0.5805721282958984,6320,4.030369548556171,3.9607564032832276,-0.06961314527294293,20,4.619602966308594,4.163545227050781,-0.4560577392578127,25276,3.9090750613229943,3.750676902001899,-0.15839815932109547,176,184625,6.91130273992365,7.378293817693537,0.4669910777698867,3.9259350033852405,3.8055937711577523,-0.12034123222748816
000044,200,215582,73.0243911743164,98.4522933959961,3.434497594833374,2.806427001953125,-0.628070592880249,0.14999999105930328,0.17499999701976776,0.025000005960464478,12.05600006505847,12.75810005608946,0.7020999910309911,5.704764366149902,5.617045879364014,-0.08771848678588867,61.68179993983358,63.49690002389252,1.8151000840589404,642.0859375,733.87744140625,91.79150390625,0,,,,1305,6.507608207614942,6.351622365900383,-0.15598584171455965,4,2.894404888153076,2.1944220066070557,-0.6999828815460205,3872,6.491899979016012,6.3577699267174586,-0.1341300522985538,14,4.4631146022251675,4.608679090227399,0.14556448800223176,15528,6.157902257212777,6.0750217349304485,-0.08288052228232878,62,4.6116436373802925,4.290864021547379,-0.3207796158329135,62104,5.090330332989824,5.090111446122633,-0.00021888686719062633,120,132773,8.448465983072916,6.526983642578125,-1.9214823404947907,5.90832332251286,5.781134906946442,-0.12718841556641802
000045,230,243748,57.60393524169922,78.05290985107422,3.161668300628662,2.6411402225494385,-0.5205280780792236,0.14782607555389404,0.17391303181648254,0.0260869562625885,12.165599968284369,12.69879995379597,0.533199985511601,3.870654344558716,4.151428699493408,0.2807743549346924,61.67699990328401,64.13070007693022,2.4537001736462116,641.3154296875,733.8671875,92.5517578125,4,5.4699602127075195,5.5553131103515625,0.08535289764404297,2361,5.486906369123253,5.571176143583227,0.0842697744599743,8,4.468806266784668,3.3809354305267334,-1.0878708362579346,7056,4.9000346557893995,4.897663004003685,-0.0023716517857144126,20,5.264897155761719,4.168010711669922,-1.0968864440917967,28208,4.260110440743761,4.229393866544952,-0.030716574198808466,116,5.236775365369073,3.604413788894127,-1.6323615764749464,112864,3.578366441026368,3.6483533278990645,0.06998688687269672,82,93259,8.341137397580031,8.099800668111662,-0.24133672946836882,3.9877870366398955,4.644275619511253,0.6564885828713578
000046,196,206068,130.29812622070312,174.8206787109375,3.893731117248535,3.427732467651367,-0.46599864959716797,0.10204081237316132,0.11734693497419357,0.015306122601032257,11.763600050471723,13.656299910508096,1.8926998600363731,3.093590497970581,3.376044988632202,0.2824544906616211,61.21400010306388,63.46410000696778,2.2500999039039016,641.5048828125,732.82080078125,91.31591796875,0,,,,385,0.6484314757508117,0.8047313343394886,0.1562998585886769,1,5.255530834197998,3.0307395458221436,-2.2247912883758545,1180,0.8300238140558792,1.003115586103019,0.17309177204713977,3,6.936714172363281,4.492608388264974,-2.4441057840983076,4656,1.1606774608703823,1.2687914871268255,0.10811402625644329,20,5.088031005859375,4.399578475952149,-0.6884525299072264,18612,1.6677020999556738,1.699479838276381,0.03177773832070718,172,181235,8.130909054778343,7.204482677371003,-0.9264263774073394,3.309612174800673,3.6232688222473586,0.31365664744668553
000047,220,231434,100.4508056640625,134.83026123046875,2.6187710762023926,3.0071794986724854,0.3884084224700928,0.09999999403953552,0.13636362552642822,0.0363636314868927,11.25590002629906,13.2543999934569,1.9984999671578407,4.143280982971191,4.462041854858398,0.31876087188720703,60.507799964398146,61.89879996236414,1.3909999979659915,642.390625,732.6767578125,90.2861328125,0,,,,741,3.722220355199899,3.5862610439861675,-0.1359593112137314,4,3.9126904010772705,5.357676982879639,1.4449865818023682,2200,3.768836115056818,3.6467385031960227,-0.12209761186079549,8,3.7726168632507324,5.6685380935668945,1.895921230316162,8820,3.512386178429705,3.3951087726757367,-0.11727740575396828,38,3.954554507606908,5.541756077816612,1.5872015702097042,35224,4.023683248637293,4.09301985152169,0.06933660288439647,170,184449,5.6244384765625,6.151724781709559,0.5272863051470589,4.202446882336039,4.596775395908896,0.3943285135728569
000048,225,237385,76.1607894897461,102.59174346923828,2.8568170070648193,2.6483662128448486,-0.2084507942199707,0.1644444465637207,0.20000000298023224,0.035555556416511536,12.261900003068149,12.834199937060475,0.5722999339923263,3.8283309936523438,3.754133701324463,-0.07419729232788086,61.2587999785319,63.23920004069805,1.9804000621661544,642.6962890625,732.77392578125,90.07763671875,0,,,,1313,1.6653562779655369,1.6714796892850343,0.0061234113194974515,4,6.6101484298706055,5.159529209136963,-1.4506192207336426,3928,1.6730625129280168,1.6749337190523168,0.0018712061243000289,16,6.55316162109375,4.893582344055176,-1.6595792770385742,15720,2.1700269859255723,2.1651802043575064,-0.00484678156806595,60,5.62689208984375,3.898858388264974,-1.728033701578776,62848,3.22565853328666,3.2083330018457232,-0.017325531440936626,145,153576,5.632157950565733,5.923433290678879,0.29127534011314626,4.318324070818357,4.21112185497734,-0.10720221584101708
000049,198,216766,139.1460723876953,186.69696044921875,4.592125415802002,3.7289860248565674,-0.8631393909454346,0.09595959633588791,0.09595959633588791,0.0,11.606800020672381,12.623100075870752,1.0163000551983714,5.958717346191406,4.269482135772705,-1.6892352104187012,60.0474999519065,64.72660007420927,4.679100122302771,642.58447265625,733.9501953125,91.36572265625,0,,,,357,0.9408881350391719,1.5364843202906162,0.5955961852514443,0,,,,1076,1.1967496623780205,1.4429986095782992,0.24624894720027868,4,13.283407211303711,4.893045425415039,-8.390361785888672,4288,1.5215951720280434,1.4332273113193796,-0.08836786070866376,20,8.949909973144532,6.179358673095703,-2.7705513000488287,17188,1.6873579586775658,2.0312270461222948,0.343869087444729,174,193857,9.116953181124282,7.663902545797414,-1.4530506353268686,6.471248136512997,4.551390651356412,-1.9198574851565846
000050,192,206660,121.32818603515625,162.7958984375,3.0380561351776123,2.9423866271972656,-0.09566950798034668,0.1041666716337204,0.1354166716337204,0.03125,11.622200021520257,12.779599986970425,1.1573999654501677,4.2156195640563965,4.309567451477051,0.0939478874206543,61.40410003717989,62.92679999023676,1.522699953056872,642.431640625,733.64501953125,91.21337890625,0,,,,437,0.43522438031857835,0.44434759982390587,0.009123219505327518,4,12.66843032836914,7.66023588180542,-5.008194446563721,1352,0.7014509122047199,0.7108559241661658,0.009405011961445942,0,,,,5388,1.1034935127830363,1.1227934907433186,0.019299977960282266,28,7.434059688023159,5.539980207170759,-1.8940794808524002,21568,1.9078865390856825,1.9302915125996847,0.02240497351400217,160,177915,5.673663711547851,5.900725936889648,0.22706222534179688,4.62561651631397,4.731348537222831,0.10573202090886102
000051,256,261618,17.225650787353516,24.05049705505371,2.753375291824341,2.4547715187072754,-0.29860377311706543,0.34765625,0.38671875,0.0390625,11.359800002537668,12.351099983789027,0.991299981251359,3.062758445739746,3.036640167236328,-0.02611827850341797,60.99859997630119,62.37540009897202,1.3768001226708293,640.68994140625,733.8330078125,93.14306640625,32,3.0536046028137207,2.558385133743286,-0.49521946907043457,28181,1.5902844003938823,1.5850945949842092,-0.005189805409673065,80,3.6825935363769533,2.9262508392333983,-0.756342697143555,84648,2.8882118818519045,2.8660604060344013,-0.022151475817503208,144,7.065315246582031,6.533851623535156,-0.531463623046875,148789,3.440950355873082,3.408611145649208,-0.032339210223874204,0,,,,0,,,,0,0,,,,,,
000052,196,205854,136.26943969726562,182.81224060058594,3.5645010471343994,3.4635612964630127,-0.10093975067138672,0.1071428582072258,0.11734693497419357,0.010204076766967773,11.298299999907613,13.225700007751584,1.9274000078439713,4.647602081298828,4.517083168029785,-0.13051891326904297,62.05409998074174,63.94310004543513,1.8890000646933913,640.88525390625,734.04248046875,93.1572265625,0,,,,349,3.9259361988493913,3.915872918159026,-0.010063280690365328,0,,,,1076,3.933894160954926,3.942242136675186,0.008347975720260248,4,3.3808743953704834,2.6963071823120117,-0.6845672130584717,4256,4.217742231555451,4.338523004288064,0.1207807727326129,20,5.052839660644532,5.36202392578125,0.30918426513671804,17028,3.339216566097017,3.7072354174007516,0.3680188513037348,172,183145,7.457581985828488,7.207501788472021,-0.2500801973564677,4.784807802560812,4.601051762264872,-0.18375604029594061
000053,208,222718,51.23672103881836,69.65990447998047,3.216005802154541,2.7146155834198,-0.5013902187347412,0.26442307233810425,0.2884615361690521,0.024038463830947876,11.308299959637225,13.360499986447394,2.052200026810169,5.39256477355957,5.270492076873779,-0.12207269668579102,59.810300008393824,62.27289990056306,2.462599892169237,642.03857421875,732.67626953125,90.6376953125,4,1.9982099533081055,1.613917350769043,-0.3842926025390625,2709,7.347207081718346,7.388563728543743,0.04135664682539719,8,3.8482580184936523,3.328521728515625,-0.5197362899780273,8136,6.8310258803466075,6.895765156403638,0.06473927605703089,32,5.734249114990234,4.873683929443359,-0.860565185546875,32572,5.895356824880265,5.904615160260346,0.009258335380081029,122,6.553788482165728,4.87835693359375,-1.6754315485719777,130340,5.113777428264539,4.9466242135952125,-0.16715321466932664,42,48961,7.524315243675595,8.21615963890439,0.6918443952287952,5.45305574845285,5.323537803047324,-0.1295179454055262
000054,193,206232,127.31536865234375,170.81149291992188,3.894467353820801,3.476408004760742,-0.4180593490600586,0.05699481815099716,0.05699481815099716,0.0,11.027300031855702,13.409400009550154,2.382099977694452,7.055106163024902,7.151010036468506,0.09590387344360352,61.23049999587238,62.763000023551285,1.532500027678907,641.34228515625,732.740234375,91.39794921875,0,,,,405,7.8489800347222225,7.102999614197531,-0.7459804205246918,3,8.650981903076172,6.803544998168945,-1.8474369049072266,1212,7.7393947890882835,7.176661123143564,-0.5627336659447195,1,11.315187454223633,10.713909149169922,-0.6012783050537109,4892,7.712036232624693,7.124447439697465,-0.5875887929272281,20,5.374246978759766,3.82930908203125,-1.544937896728516,19544,6.336591073347319,5.859713978714695,-0.4768770946326235,169,180179,8.03852871324889,7.3028564453125,-0.7356722679363905,7.1088195627681365,7.291732110845326,0.18291254807718982
000055,204,221574,54.381263732910156,73.81350708007812,2.7649335861206055,2.2654683589935303,-0.4994652271270752,0.19117647409439087,0.20588235557079315,0.014705881476402283,11.229400057345629,12.821899959817529,1.5924999024719,5.274322032928467,5.316306114196777,0.04198408126831055,59.432199923321605,64.09220001660287,4.660000093281269,641.36181640625,732.677734375,91.31591796875,4,3.307974100112915,2.6256182193756104,-0.6823558807373047,2393,3.68892342248224,3.5253175766558713,-0.1636058458263685,8,2.575773239135742,2.59144926071167,0.015676021575927734,7216,3.678948582143847,3.368850200509285,-0.31009838163456216,20,2.548423004150391,2.1695762634277345,-0.37884674072265634,28784,4.7346203620066705,4.675399093246248,-0.059221268760422774,116,4.837654903017241,4.204384639345366,-0.633270263671875,115052,5.3672812076278555,5.5979589663804195,0.2306777587525639,56,68129,8.609257289341517,6.463871547154018,-2.145385742187499,5.570021576714762,5.380620770890516,-0.18940080582424557
000056,196,206938,118.35237121582031,158.81179809570312,4.13529634475708,3.5681166648864746,-0.5671796798706055,0.15306122601032257,0.16326530277729034,0.010204076766967773,11.369300074875355,14.26780002657324,2.898499951697886,4.2930192947387695,4.208919048309326,-0.08410024642944336,60.60089997481555,67.95129994861782,7.3503999738022685,642.4501953125,733.89013671875,91.43994140625,0,,,,481,3.3033891388383574,3.107261483238046,-0.19612765560031153,4,8.703352928161621,5.733262062072754,-2.970090866088867,1412,3.4566989282710696,3.2417178923955383,-0.2149810358755313,0,,,,5680,3.55464658065581,3.321596473371479,-0.23305010728433118,28,5.157892499651227,4.980549403599331,-0.1773430960518967,22696,3.751065716425802,3.5870927145752556,-0.1639730018505463,164,176669,8.79147413300305,7.5384953196455795,-1.25297881335747,4.395760574860332,4.328059818077874,-0.06770075678245746
000057,225,237385,76.1607894897461,102.59174346923828,4.1308698654174805,3.2255971431732178,-0.9052727222442627,0.14222222566604614,0.17777778208255768,0.035555556416511536,11.497800005599856,12.749899993650615,1.2520999880507588,3.93296480178833,3.883448600769043,-0.04951620101928711,59.99029998201877,65.11329999193549,5.123000009916723,642.6025390625,733.607421875,91.0048828125,0,,,,1313,4.6701067004236485,4.864997857958873,0.19489115753522412,4,2.481657028198242,2.8359315395355225,0.3542745113372803,3928,4.569825213212831,4.820292610743381,0.25046739753054936,16,5.490736961364746,4.131986618041992,-1.358750343322754,15720,3.7986502067430026,3.958581822519084,0.1599316157760815,60,6.555999247233073,4.4375768025716145,-2.1184224446614586,62848,3.4613601467031567,3.462244224159878,0.000884077456721144,145,153576,9.432780509159484,7.640059267241379,-1.7927212419181044,4.1171170951190295,4.01577435601917,-0.10134273909985936
000058,224,236501,47.290958404541016,63.99614715576172,2.3123137950897217,2.303755760192871,-0.008558034896850586,0.2232142984867096,0.25,0.026785701513290405,11.908199987374246,13.708300073631108,1.8001000862568617,3.022568464279175,3.3246192932128906,0.3020508289337158,60.66710001323372,63.829899998381734,3.1627999851480126,642.58447265625,733.9501953125,91.36572265625,4,3.821046829223633,3.804609775543213,-0.016437053680419922,3389,1.3007373061282828,1.2902530187278696,-0.010484287400413184,8,2.770284652709961,3.1865382194519043,0.41625356674194336,10144,1.8079204378819993,1.8102958029376972,0.002375365055697909,40,3.1671003341674804,3.105875015258789,-0.06122531890869132,40640,2.629001983882874,2.705943574680118,0.07694159079724416,152,4.81999367161801,4.4046470240542765,-0.41534664756373374,158692,2.936597898759862,3.2275264348549393,0.2909285360950773,20,23636,6.957347869873047,9.88152618408203,2.9241783142089837,5.044657778388898,5.981862942122186,0.9372051637332879
000059,256,262144,10.7882661819458,15.074005126953125,2.453939914703369,2.3217902183532715,-0.13214969635009766,0.27734375,0.2734375,-0.00390625,11.490099946968257,13.000399922020733,1.510299975052476,3.188941717147827,3.179263114929199,-0.00967860221862793,59.94269996881485,61.86429993249476,1.9215999636799097,642.5068359375,733.94677734375,91.43994140625,70,3.1474339076450892,2.648980276925223,-0.49845363071986615,72081,2.0755799031644955,2.0380708855315546,-0.0375090176329409,174,5.2724953136224855,4.88897740155801,-0.38351791206447583,175010,3.3885845808810924,3.365071995885949,-0.023512584995143193,12,9.890223185221354,12.7204958597819,2.830272674560547,15053,6.199152058559756,6.4835809307114864,0.2844288721517305,0,,,,0,,,,0,0,,,,,,
000060,208,220054,103.15174102783203,138.40948486328125,3.0068318843841553,2.577991485595703,-0.42884039878845215,0.16826923191547394,0.1875,0.019230768084526062,11.453800019808114,13.034900068305433,1.5811000484973192,2.7655584812164307,2.796231985092163,0.030673503875732422,61.34790007490665,62.14479997288436,0.7968998979777098,640.9013671875,732.890625,91.9892578125,0,,,,665,3.472782542293233,3.440272923519737,-0.03250961877349612,4,5.479169845581055,3.9398984909057617,-1.539271354675293,1972,3.7582572023960448,3.736854537747211,-0.02140266464883389,8,4.755881309509277,3.513812303543091,-1.2420690059661865,7944,3.7004170797142497,3.7449664743045066,0.04454939459025686,32,5.300986289978027,4.071700096130371,-1.2292861938476562,31764,2.867376393086513,2.8654220383138145,-0.0019543547726983412,164,177709,6.227114793730945,5.4773168796446265,-0.7497979140863187,2.691907134697736,2.7286065280880543,0.036699393390318136
000061,196,206938,118.35237121582031,158.81179809570312,3.439404249191284,3.199178457260132,-0.24022579193115234,0.08673468977212906,0.09183673560619354,0.005102045834064484,11.663799989037216,12.780499993823469,1.116700004786253,2.703122138977051,2.6592180728912354,-0.04390406608581543,59.92629996035248,61.66859995573759,1.7422999953851104,640.72705078125,732.73046875,92.00341796875,0,,,,481,0.7404984377030276,0.691702289541645,-0.04879614816138256,4,4.293281078338623,4.081496238708496,-0.21178483963012695,1412,0.8663817667758499,0.8357692642860305,-0.030612502489819393,0,,,,5680,1.0613723110145246,1.0116423271071744,-0.04972998390735017,28,4.430783408028739,5.033734457833426,0.6029510498046875,22696,1.5588736038288684,1.5337838303004936,-0.025089773528374826,164,176669,7.359825320360137,6.687849835651677,-0.6719754847084607,2.922925428343399,2.8766989752022143,-0.0462264531411849
000062,208,220568,100.1527328491211,134.33985900878906,3.081544876098633,2.997968912124634,-0.08357596397399902,0.11538462340831757,0.13461539149284363,0.019230768084526062,11.28390000667423,12.665099930018187,1.3811999233439565,4.902693271636963,5.090383052825928,0.18768978118896484,60.68100000265986,62.6985999988392,2.0175999961793423,642.04248046875,732.68017578125,90.6376953125,0,,,,697,0.5831295325390065,0.534166990085859,-0.04896254245314746,4,8.41473388671875,5.411450386047363,-3.0032835006713867,2104,0.6161991017852899,0.5847228307687737,-0.03147627101651618,8,6.3156538009643555,7.452254295349121,1.1366004943847656,8444,1.0853240836688773,1.0662844688166153,-0.01903961485226202,32,5.417873382568359,4.775542736053467,-0.6423306465148926,33792,2.018030802408854,2.024150039210464,0.006119236801609862,164,175531,6.2461369212080795,6.177278844321647,-0.06885807688643286,5.710196845571438,5.946352780990252,0.23615593541881452
000063,216,229910,109.43029022216797,146.8671875,2.86901593208313,2.9711685180664062,0.10215258598327637,0.13425925374031067,0.15740740299224854,0.023148149251937866,12.34480005223304,13.566800043918192,1.221999991685152,3.8172850608825684,3.8943746089935303,0.07708954811096191,60.24939997587353,62.663799966685474,2.414399990811944,641.33447265625,733.88623046875,92.5517578125,0,,,,609,2.715434257620074,2.7293594936627668,0.013925236042692912,4,10.551668167114258,7.277236461639404,-3.2744317054748535,1840,2.519294539741848,2.4899899690047556,-0.029304570737092472,8,6.19833517074585,4.425926685333252,-1.7724084854125977,7360,2.465812351392663,2.3831107761548913,-0.08270157523777177,20,3.7155128479003907,3.5709877014160156,-0.1445251464843751,29504,2.8609587365272504,2.6174758613238884,-0.24348287520336198,184,190597,5.833213474439538,6.237003492272419,0.4037900178328808,4.03356132310582,4.167674464970593,0.13411314186477252
000064,216,229910,109.43029022216797,146.8671875,3.7919559478759766,3.5608110427856445,-0.23114490509033203,0.08796296268701553,0.1111111119389534,0.023148149251937866,11.284600012004375,12.445200001820922,1.1605999898165464,4.495127201080322,4.346506118774414,-0.1486210823059082,60.57199998758733,61.5694000152871,0.9974000276997685,641.4521484375,733.6953125,92.2431640625,0,,,,609,1.9773324048773604,0.9708247944247742,-1.0065076104525863,4,5.98638916015625,11.647740364074707,5.661351203918457,1840,2.0009473717730977,1.1754906695822012,-0.8254567021908965,8,8.064484596252441,11.27932357788086,3.214838981628418,7360,1.8169632621433425,1.455515720533288,-0.36144754161005443,20,7.679170227050781,10.556256103515626,2.877085876464845,29504,2.1040785783283624,2.0459380242933163,-0.058140554035046144,184,190597,7.58739305579144,6.4691294794497285,-1.118263576341712,5.000798805857385,4.855665028830464,-0.14513377702692054
000065,239,249970,68.67696380615234,93.80057525634766,3.6681597232818604,3.701380968093872,0.03322124481201172,0.07531380653381348,0.08368200808763504,0.008368201553821564,12.364299967885017,12.61750003322959,0.25320006534457207,2.011824131011963,2.161088705062866,0.14926457405090332,60.805700020864606,62.3829000396654,1.577200018800795,642.48193359375,733.921875,91.43994140625,3,4.345604260762532,5.384286880493164,1.0386826197306318,1693,1.0784362684814308,1.140491609522667,0.06205534104123611,1,3.9993584156036377,2.674053192138672,-1.3253052234649658,5084,1.2082564671334088,1.2409861014641523,0.032729634330743496,22,4.685169566761363,4.7517922141335225,0.06662264737215917,20332,1.3311067529018297,1.4469052978371533,0.1157985449353236,86,6.714771359465843,7.0182885458303055,0.3035171863644628,81404,1.7314278935924525,1.8903668354749152,0.15893894188246271,127,141457,8.31338621124508,8.207252322219489,-0.10613388902559073,2.3110759806867103,2.4648152795549176,0.15373929886820736
000066,232,244968,54.4654655456543,73.91297912597656,3.808795213699341,4.636316299438477,0.8275210857391357,0.08189655095338821,0.10775861889123917,0.025862067937850952,12.104899971745908,12.862800038419664,0.7579000666737556,2.590811014175415,2.530674457550049,-0.06013655662536621,60.96050003543496,62.64709995593876,1.6865999205037951,642.7666015625,733.998046875,91.2314453125,4,6.716188430786133,10.886913299560547,4.170724868774414,2617,2.0503248740208253,2.0259917874713413,-0.024333086549483962,8,8.848130226135254,9.579438209533691,0.7313079833984375,7928,2.02661748707114,1.9924459293800454,-0.03417155769109481,32,6.1064558029174805,7.811786651611328,1.7053308486938477,31708,1.8967773314305538,1.8170269036993818,-0.07975042773117202,120,7.2030487060546875,7.86769765218099,0.6646489461263023,126784,1.9468877677782686,1.990949543120583,0.04406177534231448,68,75931,8.968511244829964,12.308335248161764,3.3398240033318007,4.033343183284824,3.803470420513361,-0.22987276277146318
000067,240,248926,45.036285400390625,61.436668395996094,2.6043620109558105,2.495371103286743,-0.10899090766906738,0.11250000447034836,0.15416666865348816,0.0416666641831398,11.363399913534522,13.417499954812229,2.0541000412777066,3.5545239448547363,3.5772929191589355,0.02276897430419922,60.28249999508262,61.42829998861998,1.1457999935373664,642.61328125,732.8251953125,90.2119140625,4,6.006278038024902,1.4819178581237793,-4.524360179901123,3937,3.85489774495174,4.097426558134366,0.24252881318262576,12,6.169689814249675,2.4136929512023926,-3.755996863047282,11768,4.052480110256628,4.282742394629504,0.2302622843728761,44,4.396310979669744,3.19125019420277,-1.2050607854669741,47140,3.051453781289775,3.3119162998515064,0.2604625185617313,168,5.014806474958148,5.469887869698661,0.455081394740513,170154,3.5804150210985344,3.514956304289056,-0.06545871680947846,12,15927,9.675602595011393,8.62748654683431,-1.0481160481770821,4.324712948138381,4.378906495259622,0.05419354712124136
000068,195,207598,112.4027328491211,150.8282012939453,4.803893089294434,5.115637302398682,0.31174421310424805,0.05128205195069313,0.061538465321063995,0.010256413370370865,11.55509997624904,13.262099935673177,1.706999959424138,5.439846515655518,5.569550037384033,0.12970352172851562,60.41130004450679,63.1112001137808,2.6999000692740083,642.55419921875,732.84033203125,90.2861328125,0,,,,517,3.064552528484647,2.962647901051741,-0.10190462743290629,4,9.966249465942383,5.522679805755615,-4.443569660186768,1576,3.2961686032677666,3.1695349059129123,-0.1266336973548543,8,6.734659194946289,5.247067451477051,-1.4875917434692383,6320,3.445249765130538,3.231784946103639,-0.21346481902689884,20,5.329859924316406,7.033669281005859,1.7038093566894528,25276,3.709407825110777,3.3832347137600887,-0.3261731113506885,163,173909,10.264901564896473,10.98379235764954,0.7188907927530668,5.790321374971968,6.001764572276305,0.21144319730433736
000069,196,205950,133.27310180664062,178.80978393554688,4.593594074249268,4.368706226348877,-0.22488784790039062,0.030612245202064514,0.0357142835855484,0.005102038383483887,11.43790001515299,13.633999973535538,2.196099958382547,9.341142654418945,8.586462020874023,-0.7546806335449219,61.3012999529019,62.14880000334233,0.8475000504404306,640.693359375,732.6826171875,91.9892578125,0,,,,373,2.278028718268264,2.643228893944789,0.3652001756765251,0,,,,1108,4.278975173454422,4.075995600180505,-0.20297957327391725,4,11.587942123413086,7.517868995666504,-4.070073127746582,4476,5.4231321387678735,4.6305761806021,-0.7925559581657735,20,6.30189323425293,10.578287506103516,4.276394271850586,17760,6.427890537021397,6.686474169481982,0.258583632460585,172,182233,9.466856490734012,8.551718778388445,-0.9151377123455671,9.766532406314992,8.908383772423216,-0.8581486338917763
000070,193,206232,127.31536865234375,170.81149291992188,4.999076843261719,4.534924030303955,-0.46415281295776367,0.06735751032829285,0.07772020250558853,0.010362692177295685,11.525799985975027,12.923999922350049,1.398199936375022,5.58910608291626,5.1025214195251465,-0.4865846633911133,60.37389999255538,62.250299961306155,1.8763999687507749,640.6728515625,733.830078125,93.1572265625,0,,,,405,5.897778018904321,4.703443287037037,-1.1943347318672846,3,14.509165445963541,3.785621007283529,-10.723544438680012,1212,5.529109136499588,4.712740353625207,-0.8163687828743811,1,14.394002914428711,1.6706409454345703,-12.72336196899414,4892,5.131861489421505,5.04780604813982,-0.08405544128168518,20,10.336990356445312,5.582913589477539,-4.754076766967773,19544,4.825714173787351,5.180899508800655,0.35518533501330385,169,180179,9.851966993343195,9.620089017427885,-0.23187797591531023,5.684035042929531,5.099023401728282,-0.5850116412012492
000071,208,217978,118.19758605957031,158.5888671875,5.766735553741455,5.319621562957764,-0.4471139907836914,0.07692307978868484,0.08653846383094788,0.009615384042263031,11.04969996958971,12.75660004466772,1.7069000750780106,8.26307201385498,7.547734260559082,-0.7153377532958984,61.13590009044856,62.93290003668517,1.7969999462366104,642.0400390625,733.60498046875,91.56494140625,0,,,,497,8.535131688568914,6.339846697371731,-2.195284991197183,4,10.834424018859863,6.606044292449951,-4.228379726409912,1504,8.081745553523936,5.863185152094415,-2.218560401429521,4,4.600093364715576,7.319991111755371,2.719897747039795,5988,7.556345764445558,5.552701757682031,-2.003644006763527,24,8.869673411051432,6.926736195882161,-1.9429372151692705,23960,6.874439169449082,5.630782423831386,-1.2436567456176961,176,186029,12.070179332386363,11.312593633478338,-0.7575856989080254,8.465411306839256,7.875695456084804,-0.5897158507544518
000072,206,218392,63.745399475097656,86.18888854980469,3.6169440746307373,2.854539632797241,-0.7624044418334961,0.12621359527111053,0.16990292072296143,0.04368932545185089,11.68379990849644,12.925200047902763,1.2414001394063234,4.292452335357666,5.37449312210083,1.082040786743164,60.68289990071207,62.88999994285405,2.207100042141974,641.32421875,733.8759765625,92.5517578125,4,14.448266983032227,5.566493034362793,-8.881773948669434,1725,1.5852564538043479,1.2883136605525363,-0.2969427932518116,0,,,,5144,1.8632237269756027,1.855223660150175,-0.008000066825427643,26,9.911360520582933,4.955509479229267,-4.955851041353666,20648,2.3853918206363813,2.7818065763027895,0.39641475566640816,82,5.8544743235518295,4.429170189834222,-1.4253041337176073,82544,3.5872012199554177,3.9024429395231635,0.3152417195677457,94,108331,7.389634152676197,7.040096201795213,-0.3495379508809844,5.351770845833602,7.222482484238122,1.8707116384045195
000073,216,227978,127.34356689453125,170.85768127441406,4.1290178298950195,4.901305675506592,0.7722878456115723,0.06018518656492233,0.0694444477558136,0.009259261190891266,11.710099992342293,12.92250002734363,1.2124000350013375,7.642470359802246,5.877218723297119,-1.765251636505127,61.00620003417134,62.436999985948205,1.4307999517768621,641.408203125,733.8779296875,92.4697265625,0,,,,437,1.8746455212206807,1.837724698762872,-0.03692082245780881,4,8.893047332763672,9.885797500610352,0.9927501678466797,1352,2.0671003894693047,2.059485441128883,-0.007614948340421535,0,,,,5404,2.3543841222936712,2.522232338025074,0.16784821573140274,28,6.938291277204241,9.347356523786273,2.4090652465820312,21600,2.8435478153935185,2.8174470124421296,-0.026100802951388946,184,199185,8.445060398267662,9.870080035665762,1.4250196373980994,8.356841629640787,6.334824409468585,-2.022017220172202
000074,240,253228,35.56364822387695,48.82023620605469,2.925187349319458,3.394430160522461,0.46924281120300293,0.15833334624767303,0.17083334922790527,0.012500002980232239,11.282699997536838,12.933299993164837,1.6505999956279993,5.180737495422363,5.264097213745117,0.0833597183227539,60.43129996396601,62.601500074379146,2.170200110413134,642.474609375,732.7607421875,90.2861328125,4,5.732881546020508,5.787835121154785,0.054953575134277344,6393,2.9644267289418114,2.9428598662599716,-0.021566862681839716,20,7.410525512695313,5.495863723754883,-1.91466178894043,19244,4.292224199750572,4.2316976232851795,-0.06052657646539217,72,5.349892934163411,4.381281958685981,-0.9686109754774304,76920,5.600002031331253,5.5678123374935,-0.032189693837753275,144,5.887191348605686,8.20003933376736,2.3128479851616746,150671,5.174216919646116,5.339395935515129,0.16517901586901296,0,0,,,,,,
000075,208,223140,87.9801025390625,118.04581451416016,5.100005149841309,5.174653053283691,0.07464790344238281,0.06730769574642181,0.08173077553510666,0.014423079788684845,11.475700070150197,12.683299952186644,1.2075998820364475,3.89504075050354,7.558128356933594,3.6630876064300537,60.79150002915412,63.10130003839731,2.3098000092431903,642.779296875,732.85693359375,90.07763671875,0,,,,933,2.866211460845391,6.722737891881029,3.856526431035638,4,10.748453140258789,6.19550895690918,-4.552944183349609,2772,2.4864119712752526,7.000173329274892,4.513761357999639,11,11.01297413219105,5.786352677778765,-5.226621454412286,11048,1.9740243921411116,7.044363233164374,5.070338841023262,39,9.402891501402243,9.903938489082533,0.5010469876802901,44284,2.8131949109723604,6.580669654954385,3.767474743982025,154,164103,10.329563685825892,10.895908108005276,0.5663444221793839,4.345954979494586,7.870662784958228,3.524707805463642
000076,196,205854,136.26943969726562,182.81224060058594,4.277505397796631,4.316723346710205,0.03921794891357422,0.02551020309329033,0.020408162847161293,-0.005102040246129036,11.186899966560304,12.954200035892427,1.7673000693321228,13.9202299118042,14.677489280700684,0.7572593688964844,61.41049996949732,62.479999964125454,1.0694999946281314,642.5302734375,732.7421875,90.2119140625,0,,,,349,10.32674200282056,11.21896825752149,0.8922262547009314,0,,,,1076,10.23863067059712,10.390924503368959,0.15229383277183928,4,13.913774490356445,5.169262886047363,-8.744511604309082,4256,10.133192478265977,10.017455136865602,-0.11573734140037573,20,7.63922119140625,7.394297027587891,-0.24492416381835902,17028,10.114759513742072,11.16922862344374,1.0544691097016674,172,183145,8.536874460619549,8.858096100563227,0.32122163994367803,14.390529361980944,15.143738567801469,0.7532092058205251
000077,232,244820,86.52838134765625,117.41355895996094,3.5233242511749268,3.753459930419922,0.23013567924499512,0.09051723778247833,0.10344827175140381,0.012931033968925476,11.230000061914325,12.399900006130338,1.169899944216013,3.440821886062622,3.1909749507904053,-0.2498469352722168,60.93529995996505,62.7416999777779,1.806400017812848,642.39013671875,733.830078125,91.43994140625,0,,,,1049,0.9740526692087702,0.9318284433835796,-0.04222422582519059,4,10.419756889343262,9.501784324645996,-0.9179725646972656,3148,1.5160732632822427,1.5818579939147872,0.06578473063254453,12,5.77587890625,7.021701812744141,1.2458229064941406,12520,2.5089672149560704,2.7095472244408945,0.20058000948482402,52,5.724544231708233,6.183220496544471,0.4586762648362379,50228,3.436805043999363,3.7009023229075417,0.2640972789081788,164,177875,7.476564732993522,7.913478944359756,0.43691421136623454,3.5561581166549545,3.1226697118763176,-0.4334884047786369
000078,196,208396,106.39694213867188,142.78089904785156,4.317476749420166,4.105551242828369,-0.21192550659179688,0.040816325694322586,0.05102040618658066,0.010204080492258072,11.531299911439419,12.284300057217479,0.75300014577806,4.134650230407715,2.9759531021118164,-1.1586971282958984,61.69450003653765,62.26420006714761,0.5697000306099653,640.83544921875,733.751953125,92.91650390625,0,,,,593,3.449258685313027,1.3562891736601497,-2.0929695116528775,4,9.879852294921875,4.131644248962402,-5.748208045959473,1768,3.166099582861991,1.4860585760746607,-1.6800410067873304,8,7.996784210205078,7.775242328643799,-0.2215418815612793,7064,2.4084154692808606,1.4576834897897792,-0.9507319794910813,20,7.143116760253906,7.126763916015625,-0.016352844238281428,28248,2.8661456673923817,2.3912696805968565,-0.47487598679552523,164,170723,8.817652260384909,8.464099418826219,-0.35355284155868993,4.4283748381881765,3.1565716101521177,-1.2718032280360587
000079,216,229910,109.43029022216797,146.8671875,3.9263458251953125,2.8823564052581787,-1.0439894199371338,0.12962962687015533,0.1388888955116272,0.009259268641471863,11.744100018404424,12.594299972988665,0.8501999545842409,2.941535234451294,2.903649091720581,-0.03788614273071289,61.89829995855689,64.66969999019057,2.771400031633675,640.6826171875,733.83984375,93.1572265625,0,,,,609,1.3731791679495073,1.5214394755747127,0.14826030762520537,4,14.72562026977539,5.804756164550781,-8.92086410522461,1840,1.3568184230638587,1.441064453125,0.0842460300611414,8,10.934181213378906,5.136331558227539,-5.797849655151367,7360,1.580648140285326,1.6564339015794838,0.0757857612941577,20,8.66955795288086,5.109026336669922,-3.5605316162109375,29504,1.9868193189906453,2.0665578449108595,0.07973852592021413,184,190597,7.4805125360903535,5.862434055494226,-1.618078480596128,3.1621844782446735,3.09992713683846,-0.06225734140621331
000080,256,262144,12.353387832641602,17.260875701904297,3.0248377323150635,2.4090871810913086,-0.6157505512237549,0.16015625,0.1796875,0.01953125,12.454799958504736,12.509299907833338,0.05449994932860136,4.93856143951416,4.981225967407227,0.042664527893066406,61.366100097075105,64.18580003082752,2.8196999337524176,642.13037109375,733.921875,91.79150390625,52,4.099490825946514,2.8884368309607873,-1.2110539949857269,54997,3.3078130966234522,3.457422109387785,0.14960901276433258,158,5.6873787022844144,4.678895588162579,-1.0084831141218356,161838,5.593846933353106,5.693822294516739,0.09997536116363293,46,9.498643958050272,7.4780100946841035,-2.020633863366168,45309,4.577403220110795,4.285547918184025,-0.2918553019267698,0,,,,0,,,,0,0,,,,,,
000081,248,257252,47.93287658691406,66.30752563476562,2.840277910232544,2.8889689445495605,0.0486910343170166,0.16935482621192932,0.19758063554763794,0.028225809335708618,12.334099970757961,13.3283999748528,0.9943000040948391,5.275925159454346,5.332974910736084,0.05704975128173828,61.848699930123985,64.06330002937466,2.2146000992506742,641.49267578125,732.890625,91.39794921875,4,6.388308048248291,3.7218399047851562,-2.6664681434631348,3577,2.0826258692689406,1.9976310783303046,-0.08499479093863593,9,8.04124026828342,6.343200259738499,-1.6980400085449219,10752,3.0598050072079612,2.989272707984561,-0.07053229922340032,39,5.192772107246594,4.572819636418269,-0.6199524708283253,42952,4.393941201806668,4.361977832813373,-0.03196336899329477,164,4.969109511956936,5.302783500857469,0.3336739889005331,165394,5.847652801794503,5.88214279236248,0.03448999056797675,32,34577,9.168792724609375,9.77987289428711,0.6110801696777344,4.656226501720797,4.986130592590451,0.329904090869654
000082,256,262144,10.213349342346191,14.270692825317383,3.0343642234802246,2.477088451385498,-0.5572757720947266,0.3203125,0.32421875,0.00390625,11.369099956937134,13.328899978660047,1.9598000217229128,4.130056381225586,4.229581356048584,0.09952497482299805,63.651899923570454,63.83050000295043,0.1786000793799758,641.55615234375,732.8720703125,91.31591796875,80,4.608247375488281,3.76728515625,-0.8409622192382811,80373,2.4685299323155787,2.6552538632376543,0.18672393092207562,172,6.60225091978561,5.385132900504178,-1.2171180192814317,174358,4.797898576492045,4.842808331134791,0.04490975464274616,4,12.336874008178711,10.16090202331543,-2.1759719848632812,7413,6.436578371610684,6.8752613651692975,0.4386829935586132,0,,,,0,,,,0,0,,,,,,
000083,208,221774,94.0842514038086,126.21636199951172,2.893193244934082,3.1433253288269043,0.25013208389282227,0.10576923191547394,0.125,0.019230768084526062,11.374699999578297,13.067100080661476,1.6924000810831785,3.391908884048462,3.1910202503204346,-0.20088863372802734,63.13239992596209,65.50749996677041,2.37510004080832,642.6044921875,732.890625,90.2861328125,0,,,,793,2.4440640886073455,2.507226470139108,0.06316238153176235,4,2.9536890983581543,2.239802837371826,-0.7138862609863281,2404,2.3685451006135607,2.390879296225042,0.02233419561148109,8,2.946976661682129,3.286992073059082,0.3400154113769531,9620,2.223613321855509,2.266710385265073,0.04309706340956376,40,4.159582901000976,3.312672424316406,-0.8469104766845703,38484,2.3647148815091987,2.1470032594714685,-0.2177116220377302,156,170473,6.4217591897035255,7.306803385416667,0.8850441957131414,3.708565285998369,3.4933303221037937,-0.21523496389457542
000084,196,205950,133.27310180664062,178.80978393554688,4.87639856338501,3.976513624191284,-0.8998849391937256,0.0714285671710968,0.1071428582072258,0.035714291036129,11.431099963374436,13.048699940554798,1.6175999771803617,11.053268432617188,10.858014106750488,-0.19525432586669922,61.173500027507544,62.97720002476126,1.803699997253716,642.6591796875,733.890625,91.2314453125,0,,,,373,3.973851753623492,3.6541761137525133,-0.3196756398709786,0,,,,1108,4.00594663103565,3.608048972670352,-0.3978976583652982,4,4.225249290466309,6.037542343139648,1.8122930526733398,4476,4.417881915354111,4.02651467549151,-0.3913672398626007,20,5.3172859191894535,5.971256256103516,0.6539703369140621,17760,5.862644724802928,5.260569309543919,-0.6020754152590095,172,182233,10.397101823673692,8.228012439816498,-2.1690893838571945,11.779451306843436,11.630147942469256,-0.14930336437418035
000085,228,242574,60.71255874633789,82.1780776977539,3.6303935050964355,2.82934832572937,-0.8010451793670654,0.12280701845884323,0.14035087823867798,0.017543859779834747,11.34309999179095,13.400099938735366,2.0569999469444156,3.766026496887207,3.874174118041992,0.10814762115478516,61.08250003308058,64.4538999767974,3.371399943716824,642.46435546875,733.603515625,91.13916015625,4,7.161582946777344,2.1486034393310547,-5.012979507446289,2093,1.6538881465002389,2.082190822085523,0.4283026755852841,8,4.921681880950928,3.454331398010254,-1.4673504829406738,6320,1.8686973088904273,2.275665051424051,0.40696774253362356,20,6.257891082763672,4.85095329284668,-1.4069377899169924,25276,2.1124397588127075,2.336002408411141,0.22356264959843353,92,5.584399016007133,5.05017554241678,-0.5342234735903526,101052,3.5322182514942804,3.716297982721767,0.18407973122748666,104,107833,9.120357806865986,6.656909649188702,-2.463448157677284,4.524928013687832,4.511137882188199,-0.013790131499633596
000086,220,234328,22.85436248779297,31.740558624267578,2.81744122505188,2.3849220275878906,-0.43251919746398926,0.16363635659217834,0.15909090638160706,-0.004545450210571289,11.806499911472201,13.837700011208653,2.031200099736452,4.204468250274658,4.099335670471191,-0.1051325798034668,59.51419996563345,62.76130001060665,3.2471000449731946,642.5302734375,733.97021484375,91.43994140625,13,2.6299796471228967,2.068873772254357,-0.5611058748685398,14361,3.280832201796532,3.626448693510201,0.34561649171366904,39,3.553370549128606,2.530969668657352,-1.0224008804712539,43104,2.4351423301781736,2.5049948235662582,0.06985249338808464,144,5.662763383653429,4.485921223958333,-1.176842159695096,155032,4.1890133972341195,4.037259646395583,-0.15175375083853648,24,10.477710723876953,11.574579874674479,1.0968691507975254,21831,8.415235931702625,7.999172621501534,-0.4160633102010909,0,0,,,,,,
000087,228,241440,63.82487869262695,86.28373718261719,2.8000340461730957,2.6446292400360107,-0.15540480613708496,0.18421052396297455,0.21929824352264404,0.035087719559669495,11.311099980957806,13.402699958533049,2.0915999775752425,3.3035120964050293,3.2988460063934326,-0.00466609001159668,60.882900026626885,64.84410003758967,3.9612000109627843,640.79541015625,733.9384765625,93.14306640625,4,9.633716583251953,7.011507511138916,-2.622209072113037,1893,0.9975680085760037,0.9894702909361793,-0.008097717639824364,0,,,,5696,1.3939171266020014,1.419215684526422,0.025298557924420706,28,6.4630126953125,4.843038286481585,-1.619974408830915,22760,1.9587032485720561,2.0039999588093145,0.04529671023725834,88,4.4160707647150215,3.9467443986372515,-0.46932636607777,91020,2.831269913205889,2.9173203691496377,0.08605045594374872,108,120071,6.1916859944661455,6.435057463469328,0.24337146900318274,4.043354296624497,3.9590825428288263,-0.08427175379567098
000088,212,230348,32.23781967163086,44.40382766723633,2.801621437072754,2.67643141746521,-0.12519001960754395,0.2971698045730591,0.30188679695129395,0.004716992378234863,11.653500027023256,13.217999949119985,1.5644999220967293,3.813572645187378,3.7813785076141357,-0.03219413757324219,61.10160006210208,61.823799973353744,0.7221999112516642,640.80859375,732.81201171875,92.00341796875,4,6.320178031921387,2.999382495880127,-3.3207955360412598,7105,1.7861351491027446,1.8512507697044336,0.06511562060168896,28,4.77538572038923,4.163461685180664,-0.611924035208566,21264,2.28075584026994,2.2400571020856845,-0.0406987381842554,80,4.474690246582031,3.9208114624023436,-0.5538787841796875,85048,3.181479870190951,3.147589449487348,-0.0338904207036026,100,6.709207763671875,6.925675048828125,0.21646728515624947,116931,4.675252392436565,4.639924399859746,-0.03532799257681951,0,0,,,,,,
000089,228,238330,73.08737182617188,98.52699279785156,2.4382107257843018,2.0593066215515137,-0.3789041042327881,0.17105263471603394,0.19736842811107635,0.02631579339504242,12.191099929623306,12.435399927198887,0.24429999757558107,5.74936580657959,5.61363410949707,-0.13573169708251953,62.97980004455894,65.66910003311932,2.6892999885603786,642.1318359375,732.76953125,90.6376953125,0,,,,1433,0.9410406353585136,0.9069075441327198,-0.03413309122579378,4,2.858106851577759,2.4002864360809326,-0.45782041549682617,4280,1.7502015871422314,1.7015213155300817,-0.04868027161214972,20,4.051403427124024,3.460643768310547,-0.5907596588134769,17140,2.818410425175029,2.735853403952742,-0.08255702122228703,64,3.243624210357666,3.0864624977111816,-0.15716171264648438,68524,3.816500879253984,3.6946384660848754,-0.1218624131691084,140,146953,5.798368617466518,4.733543613978795,-1.064825003487723,7.15587721924697,7.003950242594571,-0.1519269766523994
000090,212,227678,38.586090087890625,52.874305725097656,2.614633321762085,2.745032548904419,0.13039922714233398,0.19811320304870605,0.23113207519054413,0.033018872141838074,11.66200009174645,12.665599933825433,1.0035998420789838,5.0568461418151855,5.044945240020752,-0.011900901794433594,61.27480010036379,61.65710010100156,0.3823000006377697,641.40185546875,732.7998046875,91.39794921875,4,3.3051939010620117,2.9377098083496094,-0.36748409271240234,4905,3.124680252930683,3.1053437181447503,-0.01933653478593289,12,3.9801546732584634,3.733762741088867,-0.2463919321695962,14668,3.0558193218230163,3.0424078989978183,-0.013411422825198027,61,3.2671683889920593,2.8510682152920084,-0.4161001737000509,58732,4.377920575665736,4.295865116120684,-0.08205545954505222,135,6.283885814525463,6.914241536458333,0.6303557219328706,149058,5.576361634397348,5.594847727059266,0.018486092661917475,0,315,,,,9.072760881696428,7.948600260416667,-1.1241606212797617
000091,196,207244,115.37577056884766,154.81761169433594,2.8612895011901855,3.1528537273406982,0.2915642261505127,0.0714285671710968,0.09693877398967743,0.025510206818580627,11.508599971421063,12.844500015489757,1.3359000440686941,5.660693168640137,5.185280799865723,-0.47541236877441406,62.45119997765869,62.39739991724491,-0.05380006041377783,641.443359375,733.9130859375,92.4697265625,0,,,,497,1.9546004051653671,1.958675760618398,0.004075355453030838,4,9.843636512756348,4.6499552726745605,-5.193681240081787,1504,2.401812289623504,2.314714147689495,-0.08709814193400911,4,4.781439781188965,8.553193092346191,3.7717533111572266,5988,2.911872573271543,2.721848482120491,-0.1900240911510518,24,6.1362355550130205,5.973460515340169,-0.16277503967285156,23912,3.869150099845266,3.5439413918743727,-0.3252087079708934,164,175343,5.584484565548781,6.339896597513339,0.7554120319645579,6.037341810052298,5.5270092048157045,-0.5103326052365933
000092,216,229330,66.34815216064453,89.05223083496094,3.369809150695801,2.3751230239868164,-0.9946861267089844,0.18981482088565826,0.19907407462596893,0.009259253740310669,11.7948999395594,13.104400015436113,1.3095000758767128,4.024876594543457,3.9974350929260254,-0.02744150161743164,60.553899966180325,62.493600067682564,1.9397001015022397,642.3955078125,733.60888671875,91.21337890625,3,3.2465343475341797,2.7957016626993814,-0.4508326848347983,1669,1.150472395287223,1.1753079624073173,0.02483556712009438,1,9.606039047241211,8.988713264465332,-0.6173257827758789,4996,1.3508693673688952,1.365730475005004,0.014861107636108928,20,5.686187362670898,5.318419647216797,-0.36776771545410103,20028,1.430320793077192,1.4405489541204812,0.010228161043289274,88,5.558418620716441,4.080846613103693,-1.477572007612748,80004,2.8071067149767512,2.7728941677916104,-0.034212547185140885,104,122633,8.014878493088942,5.2230224609375,-2.7918560321514416,5.3911222917159325,5.359512223463505,-0.031610068252427403
000093,212,226390,41.75284194946289,57.092864990234375,3.4523398876190186,2.894407272338867,-0.5579326152801514,0.16509434580802917,0.18396227061748505,0.01886792480945587,11.387700098566711,12.599200010299683,1.2114999117329717,4.326699733734131,3.9658663272857666,-0.36083340644836426,60.98860001657158,65.10799995157868,4.119399935007095,642.68798828125,733.91943359375,91.2314453125,4,10.272748947143555,9.302508354187012,-0.970240592956543,4165,1.1883398671968788,1.1148578181272508,-0.07348204906962796,12,7.935934702555339,7.178578058878581,-0.7573566436767578,12448,1.4492109048642352,1.512175807609656,0.06296490274542088,52,5.601618840144231,5.926624591533955,0.32500575138972376,49880,2.6852865627506013,2.8879391790296713,0.20265261627907005,140,6.941733660016741,5.279453822544643,-1.6622798374720977,155006,5.031225404177903,4.500745535656685,-0.5304798685212182,4,4891,16.085742950439453,14.141904830932617,-1.943838119506836,8.73445965804539,6.680155515232059,-2.054304142813331
000094,256,259362,3.5457212924957275,4.942300319671631,2.822296619415283,2.8839404582977295,0.06164383888244629,0.41015625,0.4140625,0.00390625,11.914100032299757,13.646700070239604,1.7326000379398465,3.773482084274292,3.6257095336914062,-0.14777255058288574,61.68939999770373,62.18480004463345,0.49540004692971706,642.54248046875,733.908203125,91.36572265625,256,5.644593238830566,5.767880916595459,0.12328767776489258,259362,3.773482140791635,3.6257094331474926,-0.1477727076441422,0,,,,0,,,,0,,,,0,,,,0,,,,0,,,,0,0,,,,,,
000095,216,228304,69.46879577636719,93.22555541992188,3.2356884479522705,2.8738925457000732,-0.36179590225219727,0.13425925374031067,0.16203704476356506,0.027777791023254395,11.79949997458607,13.075000024400651,1.2755000498145819,3.810065507888794,3.6828689575195312,-0.1271965503692627,63.74740006867796,63.04159993305802,-0.7058001356199384,642.59423828125,732.88037109375,90.2861328125,1,6.8147125244140625,3.876901388168335,-2.9378111362457275,1505,1.4937152849875415,1.6595052624065614,0.1657899774190199,3,6.748429616292317,1.7838021914164226,-4.964627424875895,4536,1.8177173755787037,1.788970462859623,-0.028746912719080697,20,8.495907592773438,5.06756591796875,-3.428341674804688,18164,1.8121365578892314,1.922078441560229,0.10994188367099755,64,6.297786712646484,4.763103485107422,-1.5346832275390625,72680,3.007688239543203,2.9245158571821683,-0.08317238236103464,128,131419,6.232664108276367,6.45393180847168,0.2212677001953125,4.62524872735297,4.434175708991851,-0.19107301836111912
000096,220,228762,118.42098999023438,158.86778259277344,4.046335697174072,3.9495432376861572,-0.09679245948791504,0.09999999403953552,0.13181817531585693,0.03181818127632141,11.930899927392602,13.019599951803684,1.0887000244110823,3.1644554138183594,3.009817361831665,-0.15463805198669434,61.082800035364926,61.79780000820756,0.7149999728426337,640.7724609375,732.76171875,91.9892578125,0,,,,517,0.781670280766441,0.6390000717782882,-0.14267020898815275,4,4.984873294830322,5.139285564422607,0.15441226959228516,1568,0.7413461646255182,0.7316478807099012,-0.009698283915617001,8,5.9744791984558105,7.732714653015137,1.7582354545593262,6264,0.9804918233157727,1.0614067457644876,0.0809149224487149,20,5.415625762939453,7.137554931640625,1.7219291687011715,25072,1.5268085725610243,1.6587875356473356,0.1319789630863113,188,195341,8.533723871758644,8.045899736120345,-0.48782413563829863,3.4704369538396955,3.270263283181718,-0.20017367065797753
000097,202,236842,11.935328483581543,16.679088592529297,2.4497108459472656,1.964760184288025,-0.4849506616592407,0.4306930601596832,0.44059404730796814,0.009900987148284912,11.774100014008582,12.859100010246038,1.0849999962374568,3.242126703262329,3.229310989379883,-0.012815713882446289,62.197200022637844,62.02809989918023,-0.1691001234576106,640.76025390625,732.763671875,92.00341796875,52,3.6026382446289062,3.325559762807993,-0.2770784818209133,53193,2.910817095294494,2.921360658357303,0.010543563062809014,132,4.6818255800189394,3.674327041163589,-1.0074985388553506,151194,3.2910071249520483,3.285873199333307,-0.005133925618741486,18,10.241392347547743,7.54571533203125,-2.695677015516493,32455,3.5574234998459406,3.470536608380835,-0.08688689146510553,0,,,,0,,,,0,0,,,,,,
000098,232,247570,48.188812255859375,65.60274505615234,2.550593137741089,2.226736307144165,-0.32385683059692383,0.21551723778247833,0.23706896603107452,0.02155172824859619,11.662999982945621,12.656399980187416,0.9933999972417951,3.5508217811584473,3.5242562294006348,-0.0265655517578125,63.52840003091842,62.247399939224124,-1.2810000916942954,642.15673828125,733.9482421875,91.79150390625,4,5.403298377990723,3.6600759029388428,-1.7432224750518799,3397,1.872638081395349,1.7831962255298792,-0.08944185586546971,8,4.396396636962891,3.313070774078369,-1.0833258628845215,10240,2.2286468505859376,2.1372467041015626,-0.091400146484375,40,4.367184448242187,3.3490879058837892,-1.018096542358398,40932,2.9347110756865042,2.842147876355907,-0.09256319933059709,156,4.950467623197115,4.259626730894431,-0.6908408923026839,161190,3.792437883863763,3.7765238228177926,-0.015914061045970485,24,31811,7.488768259684245,8.066483815511068,0.5777155558268232,3.724109290025463,3.7560734690830215,0.03196417905755844
000099,212,226396,75.69367218017578,101.54074096679688,6.050699710845947,4.518843173980713,-1.5318565368652344,0.014150943607091904,0.03773584961891174,0.02358490601181984,12.810999993234873,13.21440003812313,0.403400044888258,7.691608905792236,6.9629387855529785,-0.7286701202392578,59.700399986468256,62.44479992892593,2.744399942457676,641.4375,733.7626953125,92.3251953125,0,,,,1265,3.5452596189476284,3.7380234066205533,0.1927637876729249,4,8.695186614990234,4.737186908721924,-3.9579997062683105,3792,3.4727798655063293,3.7183534002505274,0.24557353474419807,12,8.212552388509115,6.189121246337891,-2.0234311421712246,15192,3.2696901535347553,3.750544077474987,0.48085392394023163,64,8.953117370605469,9.102437019348145,0.14931964874267578,60660,4.831557039235081,5.1405482401912295,0.3089912009561484,132,145487,14.084589177911932,9.39557069720644,-4.689018480705492,9.491847209716331,8.170826259390873,-1.3210209503254582
000100,212,227326,72.58570861816406,97.38738250732422,3.0419445037841797,2.878256320953369,-0.16368818283081055,0.14150944352149963,0.1603773534297943,0.018867909908294678,11.124899960123003,12.687499984167516,1.5626000240445137,5.718513488769531,5.226441383361816,-0.49207210540771484,61.09500001184642,62.1538000414148,1.0588000295683742,641.4384765625,733.908203125,92.4697265625,0,,,,1369,1.7007203307615046,1.6225840956560447,-0.07813623510545997,4,4.640597343444824,3.1548640727996826,-1.4857332706451416,4144,1.967308250633446,1.8779454765172539,-0.0893627741161922,20,3.4692344665527344,3.0654762268066404,-0.4037582397460939,16568,2.574562975313858,2.457956650244447,-0.11660632506941093,64,4.977312088012695,4.19708776473999,-0.7802243232727051,66276,3.5568748491158186,3.3652821156979904,-0.19159273341782823,124,138969,7.123301844443044,7.079338812058972,-0.043963032384072065,7.275688282998367,6.579464664781354,-0.6962236182170125
000101,220,234056,88.36751556396484,118.76549530029297,2.796194553375244,2.5468015670776367,-0.24939298629760742,0.22272726893424988,0.23636363446712494,0.013636365532875061,11.1992999445647,13.185799936763942,1.9864999921992421,2.5489773750305176,2.538435220718384,-0.010542154312133789,60.80460001248866,62.07179999910295,1.267199986614287,642.4716796875,733.91162109375,91.43994140625,0,,,,965,1.4627949927137305,1.4606958893296633,-0.002099103384067158,4,7.809208393096924,6.8538923263549805,-0.9553160667419434,2868,1.6013486641387726,1.6035346931659693,0.0021860290271966676,12,6.709451675415039,4.98507563273112,-1.724376042683919,11512,1.6872003805811326,1.6996829395413482,0.01248255896021555,44,5.541940168900923,4.2659384987571025,-1.2760016701438204,46036,1.6568422674645928,1.6699262873077592,0.013084019843166317,160,172675,5.467062759399414,5.285343933105469,-0.1817188262939453,2.866088026639641,2.8474534892138412,-0.018634537425799902
000102,220,232698,56.88262176513672,76.58981323242188,3.5212440490722656,3.397115707397461,-0.12412834167480469,0.15454545617103577,0.15909090638160706,0.004545450210571289,11.707999976351857,13.015400036238134,1.3074000598862767,4.313351631164551,5.127447605133057,0.8140959739685059,60.68840005900711,61.85369996819645,1.1652999091893435,642.7060546875,732.78369140625,90.07763671875,4,6.16890811920166,6.610251426696777,0.4413433074951172,2305,2.5129016404555315,2.721701082904013,0.20879944244848136,8,4.58501672744751,4.191032886505127,-0.3939838409423828,6904,2.324800246007749,2.514818741852549,0.19001849584480013,20,4.002329635620117,3.6934295654296876,-0.3089000701904294,27632,1.9823111847224233,1.704193450980747,-0.27811773374167625,116,5.701979012324892,5.217433534819504,-0.4845454775053879,110428,3.162320697649147,3.4089658533161877,0.2466451556670406,72,85429,10.368270874023438,10.495428297254774,0.1271574232313366,6.76446669163867,8.732109412494585,1.967642720855915
000103,220,234820,85.3179702758789,114.7259750366211,5.818732261657715,6.101486682891846,0.28275442123413086,0.045454543083906174,0.06363636255264282,0.01818181946873665,11.498900013975799,13.014399912208319,1.5154998982325196,9.636308670043945,12.172188758850098,2.5358800888061523,60.63760002143681,62.41659994702786,1.7789999255910516,642.56640625,732.7783203125,90.2119140625,0,,,,1041,1.833343183387368,2.6778919758645534,0.8445487924771855,4,5.388884544372559,8.473091125488281,3.0842065811157227,3108,1.8375729593991312,2.840641841618404,1.0030688822192728,12,6.919037501017253,6.827548980712891,-0.09148852030436228,12384,2.270580833888485,3.5047654735949614,1.2341846397064762,48,7.433217366536458,9.753949483235678,2.3207321166992196,49520,5.429631966882068,7.035388479402262,1.6057565125201938,156,168767,13.454254932892628,13.465652857071314,0.011397924178686125,11.602884450159095,14.54586204649013,2.942977596331035
000104,216,228200,124.35594940185547,166.87112426757812,4.91961669921875,4.686167240142822,-0.23344945907592773,0.02777777798473835,0.0416666679084301,0.01388888992369175,11.831099982373416,13.13139998819679,1.3003000058233738,6.980220317840576,6.641583442687988,-0.3386368751525879,59.98420005198568,61.90259999129921,1.918399939313531,642.50048828125,732.78662109375,90.2861328125,0,,,,481,2.890679309868763,2.5891504109277546,-0.30152889894100854,4,12.489696502685547,11.899635314941406,-0.5900611877441406,1412,3.1638498279258145,2.6629776995175285,-0.500872128408286,0,,,,5648,3.851541059888456,3.2203628496813033,-0.6311782102071528,28,5.8421799795968195,8.036897931780134,2.1947179521833142,22672,4.927546574519231,4.3377486547282995,-0.5897979197909313,184,197987,10.389862060546875,9.52061130689538,-0.8692507536514942,7.341682155899124,7.041218615363635,-0.30046354053548896
000105,228,239304,116.07915496826172,156.5957489013672,6.2026519775390625,4.716732025146484,-1.4859199523925781,0.030701754614710808,0.03947368264198303,0.008771928027272224,11.772600002586842,13.48419999703765,1.7115999944508076,7.541571617126465,6.774944305419922,-0.766627311706543,60.432399972341955,62.680099974386394,2.2477000020444393,640.77197265625,733.9150390625,93.14306640625,0,,,,569,3.833866809918717,4.848050994068541,1.014184184149824,4,21.863086700439453,12.98426628112793,-8.878820419311523,1684,4.617833225857334,4.73617589955092,0.11834267369358642,8,17.74277114868164,9.338196754455566,-8.404574394226074,6832,5.397182491400761,4.299048537671985,-1.0981339537287758,20,15.8385498046875,6.334880065917969,-9.503669738769531,27296,6.634434761503517,5.47988601809789,-1.154548743405627,196,202923,11.644101512675382,9.681068887515943,-1.963032625159439,7.770451107070169,7.054828062861282,-0.7156230442088871
000106,232,244968,54.4654655456543,73.91297912597656,3.3147268295288086,2.855698585510254,-0.4590282440185547,0.06896551698446274,0.08620689809322357,0.017241381108760834,11.929600033909082,13.329799985513091,1.4001999516040087,2.3406221866607666,2.2867679595947266,-0.05385422706604004,60.25830004364252,62.09729996044189,1.8389999167993665,640.80029296875,733.73095703125,92.9306640625,4,3.806729316711426,4.210941314697266,0.40421199798583984,2617,1.9941598427947076,1.9618528640857853,-0.032306978708922296,8,3.1829044818878174,4.239480018615723,1.0565755367279053,7928,1.452820748060671,1.5447993119718089,0.0919785639111379,32,5.789289474487305,4.968299865722656,-0.8209896087646484,31708,1.2446336492367858,1.3174219883389051,0.07278833910211935,120,6.529329427083334,4.977092997233073,-1.552236429850261,126784,2.0833750709868752,2.0207639075119888,-0.06261116347488649,68,75931,7.773031795726103,7.618350758272059,-0.15468103745404438,3.332463437199563,3.224378053759334,-0.10808538344022889
000107,196,205950,133.27310180664062,178.80978393554688,6.029317855834961,3.90850567817688,-2.120812177658081,0.0357142835855484,0.040816325694322586,0.005102042108774185,11.852899915538728,13.391599990427494,1.5387000748887658,7.767060279846191,6.768656253814697,-0.9984040260314941,60.73629995808005,61.65100005455315,0.9147000964730978,642.1875,733.97900390625,91.79150390625,0,,,,373,2.932646968729055,2.12225685426441,-0.8103901144646448,0,,,,1108,2.9507759176867103,2.7306437027583486,-0.22013221492836177,4,8.925891876220703,3.7525217533111572,-5.173370122909546,4476,3.3160523660913763,3.355121193238941,0.039068827147564544,20,10.429246520996093,4.7541015625,-5.675144958496094,17760,3.8306451471002254,3.5525278452280404,-0.278117301872185,172,182233,12.320955498273982,8.267688130223474,-4.053267368050507,8.299199376622237,7.19999807938189,-1.0992012972403469
000108,244,255114,53.81381607055664,74.13813018798828,3.686260223388672,3.4181439876556396,-0.2681162357330322,0.08196720480918884,0.08606556802988052,0.004098363220691681,11.88229990657419,13.047399930655956,1.1651000240817666,3.3216586112976074,3.3274781703948975,0.005819559097290039,59.96340001001954,62.01569992117584,2.0522999111562967,641.2783203125,733.830078125,92.5517578125,4,16.05128288269043,10.745603561401367,-5.3056793212890625,2801,1.9257021069484113,2.1637333764726883,0.238031269524277,8,13.016792297363281,8.389008522033691,-4.62778377532959,8444,2.2646826703872573,2.3092492635303175,0.04456659314306011,32,8.115594863891602,5.489610195159912,-2.6259846687316895,33816,2.77847972298616,2.964682953335699,0.1862032303495389,128,5.59157657623291,5.947032928466797,0.3554563522338867,135292,3.336030354714248,3.2696510141028297,-0.06637934061141815,72,74761,9.09909396701389,8.626001993815104,-0.4730919731987857,3.713025507952007,3.7548316468479555,0.04180613889594831
000109,256,261744,33.854148864746094,47.27226257324219,3.174821138381958,2.4422242641448975,-0.7325968742370605,0.19921875,0.23046875,0.03125,11.272600037045777,12.670299969613552,1.3976999325677752,2.495615005493164,2.4889228343963623,-0.006692171096801758,61.30020006094128,62.61839997023344,1.3181999092921615,641.54833984375,732.8642578125,91.31591796875,4,3.938044548034668,3.4270009994506836,-0.5110435485839844,7305,1.791510790982204,1.8059701991358659,0.014459408153661979,28,4.990228380475726,3.9458506447928294,-1.0443777356828963,21928,1.8709740400401313,1.9088025654984495,0.03782852545831816,82,5.827145832340892,4.136621614781822,-1.6905242175590702,87656,2.099621139739436,2.1558904624326916,0.056269322693255575,142,6.987351108604754,5.542422872194102,-1.444928236410652,144855,2.865307764661213,2.812709260985123,-0.05259850367608987,0,0,,,,,,
000110,192,206432,124.30585479736328,166.8166961669922,3.8488128185272217,4.415291786193848,0.566478967666626,0.046875,0.09375,0.046875,11.048499960452318,12.307900004088879,1.2594000436365604,6.90818977355957,6.37606954574585,-0.5321202278137207,61.16689997725189,61.915299971587956,0.7483999943360686,642.60302734375,732.88916015625,90.2861328125,0,,,,429,1.233927835673441,1.5169307824337122,0.28300294676027105,3,13.064608256022135,7.42202885945638,-5.642579396565755,1280,1.4538657188415527,1.654581069946289,0.20071535110473637,1,10.167367935180664,5.374979496002197,-4.792388439178467,5132,1.424900307659051,1.5471400724011106,0.12223976474205966,24,6.536516825358073,6.7731170654296875,0.2366002400716143,20520,2.3492678636695907,2.292389855933236,-0.056878007736354874,164,179071,7.754308188833842,9.178512945407775,1.4242047565739329,7.640329813314272,7.027806707953828,-0.6125231053604443
000111,242,250952,65.70831298828125,89.87154388427734,3.611649990081787,2.819413900375366,-0.7922360897064209,0.09917354583740234,0.13636362552642822,0.03719007968902588,11.319900047965348,12.756900046952069,1.436999998986721,6.641078948974609,6.795872688293457,0.15479373931884766,60.30659994576126,62.29440006427467,1.9878001185134053,642.6005859375,732.67822265625,90.07763671875,4,11.588521957397461,6.083874702453613,-5.504647254943848,1869,6.8027991656634565,7.687691236958266,0.8848920712948098,0,,,,5564,6.123272937634795,6.721251432198059,0.5979784945632645,28,6.760855538504464,3.8437568119594028,-2.9170987265450616,22348,5.453925547028817,5.682677490715053,0.22875194368623575,88,7.186871615323153,4.663069291548296,-2.5238023237748575,89312,6.070260715245432,6.094042513883912,0.02378179863848029,122,131859,7.212589451524078,6.74004626664959,-0.4725431848744881,7.248472326500277,7.450419576972372,0.20194725047209516
000112,244,256228,29.258907318115234,40.38454818725586,2.7375307083129883,2.536545991897583,-0.20098471641540527,0.1352458894252777,0.17213113605976105,0.03688524663448334,11.52539998292923,12.308100005611777,0.7827000226825476,4.926426410675049,4.945259094238281,0.018832683563232422,61.12460000440478,61.34539993945509,0.2207999350503087,642.63623046875,734.001953125,91.36572265625,12,2.955643653869629,2.3442341486612954,-0.6114095052083335,9577,4.669718139814138,4.608794589250287,-0.06092355056385035,20,3.479909896850586,2.085744857788086,-1.3941650390625,28736,3.0491497490082127,2.9769398576698216,-0.07220989133839106,116,4.644127155172414,4.423431396484375,-0.2206957586880387,114936,4.091988693707803,4.12206630211596,0.030077608408157097,96,7.209690093994141,6.8215688069661455,-0.3881212870279951,102979,6.4054746598821115,6.4445785062974,0.039103846415288857,0,0,,,,,,
000113,208,224679,81.85539245605469,109.82683563232422,3.7919344902038574,3.4962446689605713,-0.29568982124328613,0.13461539149284363,0.14423076808452606,0.009615376591682434,12.155499891377985,13.429000042378902,1.273500151000917,3.606480121612549,3.4934394359588623,-0.11304068565368652,59.599699918180704,61.25649996101856,1.6568000428378582,642.58203125,733.79541015625,91.21337890625,0,,,,1085,2.65388914890553,2.4854483186923964,-0.16844083021313372,4,8.18168830871582,2.1747961044311523,-6.006892204284668,3196,2.892175399913955,2.7116683940863577,-0.18050700582759704,12,5.350659688313802,3.5659046173095703,-1.7847550710042315,12868,2.5878201983602733,2.4224022891086414,-0.1654179092516319,52,4.825191791240986,3.4666624802809496,-1.3585293109600363,51504,2.6413464245495497,2.5499236103021126,-0.09142281424743715,140,156026,8.782857840401785,8.733436802455357,-0.049421037946428825,4.030338292976811,3.916248333611065,-0.11408995936574629
000114,194,207976,109.40569305419922,146.80874633789062,3.5417845249176025,3.521883726119995,-0.019900798797607422,0.15463916957378387,0.1855670064687729,0.030927836894989014,11.003599967807531,12.939700041897595,1.9361000740900636,3.7447803020477295,3.662040948867798,-0.08273935317993164,60.937599977478385,63.63370001781732,2.6961000403389335,640.7587890625,733.90185546875,93.14306640625,0,,,,553,2.4660090468891274,2.2293211124689196,-0.23668793442020775,4,5.858761310577393,5.673404693603516,-0.18535661697387695,1672,2.1907316509046053,1.9807898416473535,-0.2099418092572518,8,5.483828544616699,6.875934600830078,1.392106056213379,6672,1.9765540106976918,1.8841991836218526,-0.0923548270758392,20,5.777793121337891,7.209529113769531,1.4317359924316406,26700,1.7650836844569289,1.7705086903089888,0.005425005852059961,162,172379,7.354017469618055,7.065428180459105,-0.2885892891589501,4.139034119585332,4.044738628255182,-0.09429549133015058
000115,244,251960,62.717201232910156,85.94021606445312,2.792168617248535,2.959609270095825,0.16744065284729004,0.0901639312505722,0.11065573245286942,0.02049180120229721,11.9387999875471,12.652199948206544,0.7133999606594443,5.238116264343262,4.964804649353027,-0.2733116149902344,61.39809999149293,61.56959990039468,0.17149990890175104,640.6806640625,733.837890625,93.1572265625,4,4.89736270904541,8.098194122314453,3.200831413269043,2053,1.21960455164698,0.8858780524118668,-0.3337264992351132,6,5.070603370666504,8.451075236002604,3.3804718653360997,6152,0.9102437152044051,0.8283410438170513,-0.08190267138735374,22,4.994527990167791,5.8620688698508525,0.8675408796830615,24596,1.6752782782261344,1.6078792664457635,-0.06739901178037089,91,4.882354736328125,4.591097318209135,-0.29125741811899,98352,4.2632175120993985,4.040835150784936,-0.22238236131446243,121,120807,6.267697168775826,6.730866739572573,0.4631695707967465,7.045874825134305,6.680457775625585,-0.36541704950872056
000116,196,210456,94.35954284667969,126.75566101074219,4.900287628173828,4.485044956207275,-0.41524267196655273,0.05612244829535484,0.06632652878761292,0.010204080492258072,12.013200088404119,13.35070002824068,1.3374999398365617,3.2756423950195312,3.360328197479248,0.0846858024597168,63.72810003813356,62.13660002686083,-1.5915000112727284,642.21435546875,732.85205078125,90.6376953125,0,,,,749,1.7346044726301735,1.0436502413374082,-0.6909542312927652,4,19.281063079833984,17.631694793701172,-1.6493682861328125,2268,1.573123561852403,1.1947961232018849,-0.3783274386505182,8,16.25039291381836,14.10511302947998,-2.145279884338379,9076,1.4460419091215844,1.268503578290271,-0.17753833083131343,40,9.986817932128906,7.659281921386719,-2.327536010742187,36320,1.7769806580396477,1.7775016347742292,0.0005209767345815131,144,162043,9.127171834309896,8.808325025770399,-0.3188468085394973,3.7449770277025234,3.873280548990083,0.12830352128755962
000117,240,253228,35.56364822387695,48.82023620605469,3.00964093208313,3.3888673782348633,0.3792264461517334,0.15833334624767303,0.19583334028720856,0.03749999403953552,11.788100004196167,13.370499946177006,1.5823999419808388,3.8792335987091064,3.7981510162353516,-0.08108258247375488,61.017800006084144,62.63940001372248,1.6216000076383352,641.2958984375,732.69384765625,91.39794921875,4,5.075031757354736,3.000495433807373,-2.0745363235473633,6393,3.0298055490380102,2.7708174468168307,-0.2589881022211795,20,3.3735115051269533,3.7199939727783202,0.3464824676513669,19244,2.943396927289025,2.7760111512029724,-0.16738577608605265,72,4.44939464992947,4.4264026217990455,-0.022992028130424558,76920,3.157262618629745,2.8774416601664066,-0.27982095846333843,144,7.197922600640191,8.483010186089409,1.2850875854492179,150671,4.403379299931639,4.442327571330913,0.03894827139927415,0,0,,,,,,
000118,240,251754,38.713417053222656,53.036277770996094,3.0449109077453613,2.4846041202545166,-0.5603067874908447,0.1041666716337204,0.125,0.020833328366279602,12.020100024528801,12.807599967345595,0.7874999428167939,2.962381601333618,2.8130955696105957,-0.14928603172302246,61.02310004644096,61.63959996774793,0.6164999213069677,641.541015625,732.85693359375,91.31591796875,4,5.610836982727051,4.2113447189331055,-1.3994922637939453,5385,1.1012265516190807,1.0840899199164344,-0.017136631702646232,20,5.534109115600586,2.7861583709716795,-2.7479507446289064,16088,1.8695232859895574,1.8597224542360766,-0.009800831753480788,64,4.487767219543457,4.209697246551514,-0.27806997299194336,64516,2.17205930505611,2.2633365657356315,0.09127726067952135,152,6.850096050061677,5.596189398514597,-1.25390665154708,165326,3.4297645258459046,3.174161580755598,-0.25560294509030657,0,439,,,,5.974042679562927,3.776835448106492,-2.1972072314564346
000119,216,235510,19.83078384399414,27.619401931762695,2.5977251529693604,2.9214460849761963,0.32372093200683594,0.1111111119389534,0.1388888955116272,0.027777783572673798,11.734599946066737,13.533300021663308,1.798700075596571,4.087277889251709,4.011098861694336,-0.07617902755737305,62.19530000817031,63.02469992078841,0.8293999126181006,642.56494140625,734.0048828125,91.43994140625,16,3.834012508392334,4.200868129730225,0.3668556213378906,19181,5.3240845432980555,5.261245666284344,-0.0628388770137116,60,4.2229456583658855,3.9708348592122396,-0.252110799153646,57500,3.394779347826087,3.4703122282608696,0.07553288043478279,136,5.630322624655331,6.698639813591452,1.0683171889361214,155678,4.092155763820193,3.946127583858991,-0.14602817996120177,4,10.443134307861328,11.396434783935547,0.9533004760742188,3151,8.954297742780069,9.47944972826087,0.5251519854808002,0,0,,,,,,
000120,228,241440,63.82487869262695,86.28373718261719,3.4105048179626465,4.792570114135742,1.3820652961730957,0.03947368264198303,0.06578947603702545,0.02631579339504242,11.773500009439886,12.88699998985976,1.1134999804198742,4.357900619506836,3.5617589950561523,-0.7961416244506836,61.03139999322593,62.80200008768588,1.770600094459951,642.71142578125,733.71630859375,91.0048828125,4,6.2266998291015625,7.635983943939209,1.4092841148376465,1893,4.494488844591918,1.5152338333250792,-2.9792550112668383,0,,,,5696,3.1208622964580406,2.035926561677054,-1.0849357347809865,28,5.583338056291852,7.072166987827846,1.488828931535994,22760,3.2762168414982424,2.8591803740114234,-0.417036467486819,88,5.058873263272372,8.267159201882102,3.2082859386097295,91020,3.549219951658976,2.941578773895847,-0.6076411777631288,108,120071,8.59971336082176,11.38275259512442,2.7830392343026613,5.23248952702984,4.269713336276037,-0.9627761907538037
000121,192,211724,88.29945373535156,118.71218872070312,3.3208508491516113,3.6422183513641357,0.3213675022125244,0.0416666679084301,0.0677083358168602,0.0260416679084301,11.877799988724291,12.947399984113872,1.0695999953895807,5.506585121154785,4.969988822937012,-0.5365962982177734,62.09079991094768,64.07899991609156,1.9882000051438808,642.60009765625,733.9658203125,91.36572265625,0,,,,869,2.845308679157077,5.893316446705984,3.048007767548907,4,7.001943588256836,7.879871845245361,0.8779282569885254,2620,3.7390554180582063,5.328810457418893,1.5897550393606865,8,5.640626430511475,5.747317314147949,0.10669088363647461,10420,4.777741872600767,5.035619601727447,0.2578777291266796,40,5.7449287414550785,6.534693908691406,0.789765167236328,41704,5.56611063986668,4.874345086802225,-0.6917655530644549,140,156111,6.94483380998884,7.569471958705357,0.6246381487165173,5.58380975715997,4.97999660497979,-0.6038131521801802
000122,240,250314,41.87451171875,57.24348068237305,3.1745660305023193,2.7668423652648926,-0.40772366523742676,0.15416666865348816,0.15833334624767303,0.0041666775941848755,11.425000033341348,12.837699963711202,1.412699930369854,3.9673643112182617,4.056521892547607,0.0891575813293457,63.51300003007054,63.28380003105849,-0.229199999012053,642.41259765625,733.8525390625,91.43994140625,4,5.2399678230285645,4.798911094665527,-0.4410567283630371,4577,3.653145141468211,3.7409380462093074,0.08779290474109658,12,5.816814422607422,4.561607360839844,-1.2552070617675781,13700,2.744923300638686,2.7602032960766425,0.01527999543795655,60,5.270389811197917,3.807452392578125,-1.4629374186197914,54808,3.288496604054153,3.3935434265983067,0.10504682254415387,160,6.60980224609375,6.006925201416015,-0.6028770446777347,171544,4.235280744298839,4.349143659935644,0.11386291563680473,4,5685,14.809564590454102,16.148555755615234,1.3389911651611328,5.62673427880387,4.996367221855761,-0.630367056948109
000123,212,226390,41.75284194946289,57.092864990234375,4.81510591506958,4.557733058929443,-0.2573728561401367,0.07075472176074982,0.07547169923782349,0.004716977477073669,11.525900103151798,13.685300014913082,2.159399911761284,21.66556739807129,21.311153411865234,-0.3544139862060547,61.57259992323816,63.706799992360175,2.1342000691220164,640.8564453125,732.845703125,91.9892578125,4,4.019737243652344,4.084632873535156,0.0648956298828125,4165,16.48557923169268,16.811445828331333,0.32586659663865447,12,3.942803700764974,5.0161482493082685,1.0733445485432944,12448,16.90277303582905,16.91206167657455,0.009288640745499066,52,6.737640380859375,6.545899024376502,-0.19174135648287294,49880,17.549333400160386,17.017930533279873,-0.5314028668805122,140,11.066664341517857,10.267101178850446,-0.7995631626674111,155006,23.28712920790163,22.85750390307472,-0.4296253048269101,4,4891,19.630523681640625,19.54143524169922,-0.08908843994140625,28.786351845225926,31.11553746677571,2.329185621549783
000124,196,208894,103.39998626708984,138.80328369140625,4.866910457611084,4.416694164276123,-0.45021629333496094,0.05612244829535484,0.07653061300516129,0.020408164709806442,11.041900026611984,13.47090001218021,2.4289999855682254,4.834298610687256,5.580719947814941,0.7464213371276855,61.76379998214543,63.47739999182522,1.7136000096797943,640.7509765625,732.75439453125,92.00341796875,0,,,,621,1.6135515345083535,1.7165578452093397,0.1030063107009862,4,9.372454643249512,4.10498571395874,-5.2674689292907715,1880,1.8725902800864362,1.7272857016705452,-0.14530457841589106,8,8.70995807647705,5.584283828735352,-3.125674247741699,7504,2.4567949177105546,2.21492703891258,-0.24186787879797444,25,7.8907275390625,5.0208651733398435,-2.869862365722656,29992,3.4536230494798614,3.527333851527074,0.07371080204721236,159,168897,10.084222373722485,9.715272915438286,-0.3689494582841988,5.229913053517825,6.151993152631485,0.9220800991136606
000125,216,227667,133.33082580566406,178.86451721191406,5.9538044929504395,4.783870697021484,-1.169933795928955,0.0555555559694767,0.07407407462596893,0.018518518656492233,11.562699917703867,13.142399955540895,1.5797000378370285,6.694960117340088,6.112269401550293,-0.5826907157897949,59.765900019556284,63.95359989255667,4.187699873000383,642.0498046875,732.6875,90.6376953125,0,,,,421,2.9707529969566506,3.4835648706576605,0.5128118737010099,3,6.118710199991862,7.934228897094727,1.8155186971028643,1220,2.988688284451844,3.470130395107582,0.48144211065573783,1,6.551021099090576,10.451478004455566,3.9004569053649902,4916,3.072254699260069,3.319583455171888,0.2473287559118189,20,7.9471183776855465,7.2036598205566404,-0.7434585571289061,19680,2.214647643546748,2.4255916936610773,0.21094405011432915,192,201430,12.438509623209635,9.834921518961588,-2.603588104248047,7.251339174899469,6.562116492081617,-0.689222682817852
000126,212,225516,78.77631378173828,105.68543243408203,3.921360969543457,4.007648944854736,0.0862879753112793,0.08490566164255142,0.11320754885673523,0.028301887214183807,11.485300026834011,13.515900005586445,2.0305999787524343,5.993011474609375,6.3122663497924805,0.31925487518310547,61.21129996608943,65.30340004246682,4.092100076377392,641.361328125,733.9130859375,92.5517578125,0,,,,1177,2.4638572310429057,2.953882935296304,0.4900257042533984,4,12.214018821716309,13.434109687805176,1.2200908660888672,3484,2.5285462336753732,2.805003116927382,0.2764568832520089,12,9.964778900146484,10.26332982381185,0.2985509236653652,13932,2.6678546354615276,2.8255348523184036,0.15768021685687605,60,6.824467468261719,6.3869786580403645,-0.4374888102213541,55796,3.863262207416302,4.364205655423328,0.5009434480070261,136,151127,7.976142434512868,8.375942454618567,0.39980002010569926,7.193204225585104,7.45993270560522,0.26672848002011573
000127,192,206432,124.30585479736328,166.8166961669922,4.8433332443237305,5.719875335693359,0.8765420913696289,0.0260416679084301,0.0364583358168602,0.0104166679084301,11.666399892419577,12.676000013016164,1.0096001205965877,5.237194538116455,7.049445152282715,1.8122506141662598,62.16770003084093,62.91209999471903,0.7443999638780951,641.43505859375,733.67822265625,92.2431640625,0,,,,429,9.577355587121213,11.86094000400641,2.2835844168851978,3,7.045337677001953,21.825828552246094,14.78049087524414,1280,9.895787811279297,11.95603256225586,2.0602447509765636,1,8.485969543457031,21.10123062133789,12.61526107788086,5132,9.179074008671083,11.823344943491817,2.6442709348207334,24,10.864448547363281,17.195963541666668,6.331514994303387,20520,6.670540174220273,9.2109375,2.540397325779727,164,179071,9.569945544731326,10.348477991615853,0.7785324468845278,4.9162776217254605,6.618341328299948,1.7020637065744877
000128,220,233335,91.40947723388672,122.7968521118164,4.798618793487549,3.626095771789551,-1.172523021697998,0.09090908616781235,0.1090909093618393,0.018181823194026947,11.142799980007112,12.776399962604046,1.6335999825969338,5.078677654266357,5.711566925048828,0.6328892707824707,66.21089996770024,61.76329997833818,-4.447599989362061,642.39208984375,733.83203125,91.43994140625,0,,,,885,6.327977136299435,6.429600326624294,0.101623190324859,4,3.273007869720459,2.551891565322876,-0.721116304397583,2692,5.418099345282318,5.664723457234398,0.24662411195208023,9,5.216234419080946,3.7692540486653647,-1.4469803704155813,10752,4.352237156459263,4.750299362909226,0.39806220644996326,39,5.258436154096555,4.715213090945513,-0.543223063151042,42852,3.245271515915243,4.032221001936899,0.7869494860216562,168,176154,10.989733014787946,8.139630998883929,-2.8501020159040173,5.557556882046391,6.175874518886883,0.6183176368404917
000129,244,256204,50.875099182128906,70.21381378173828,3.2133841514587402,2.7022454738616943,-0.5111386775970459,0.07377048581838608,0.10245901346206665,0.028688527643680573,12.021400034427643,12.80120003502816,0.7798000006005168,4.250489711761475,4.427769184112549,0.17727947235107422,61.764499987475574,61.722900019958615,-0.041599967516958714,642.703125,733.9345703125,91.2314453125,4,2.108513832092285,2.2870237827301025,0.17850995063781738,3149,1.1529771666104318,1.2239133144946808,0.07093614788424896,8,3.2431602478027344,3.434462070465088,0.19130182266235352,9512,1.2182689053958158,1.336965806349874,0.11869690095405816,40,5.222407531738281,3.9146453857421877,-1.3077621459960938,38020,2.049960547080484,2.1032228103629667,0.053262263282482625,156,6.487868871444311,5.236951779096555,-1.2509170923477564,152092,4.67124092654446,4.876704560397654,0.20546363385319388,36,53431,8.687454223632812,8.57005140516493,-0.11740281846788214,5.341012824951807,5.543008740244427,0.20199591529261962
000130,196,205950,133.27310180664062,178.80978393554688,4.232506275177002,4.529227256774902,0.2967209815979004,0.06122449040412903,0.06632652878761292,0.005102038383483887,12.76679988950491,12.624299968592823,-0.14249992091208696,7.105813503265381,5.689373970031738,-1.4164395332336426,62.45750002563,62.038700096309185,-0.4187999293208122,642.65625,732.8681640625,90.2119140625,0,,,,373,2.5541455470844503,1.5175285441626174,-1.036617002921833,0,,,,1108,2.8105907233613494,2.1757913858021207,-0.6347993375592287,4,4.904870510101318,5.602124214172363,0.6972537040710449,4476,3.5247723099586685,3.137018962243074,-0.38775334771559455,20,5.859238815307617,7.009127807617188,1.1498889923095703,17760,4.325230503941442,3.74633349169482,-0.5788970122466219,172,182233,8.850804528524709,9.37712771393532,0.526323185410611,7.5001906899409,5.971330659101261,-1.5288600308396392
000131,244,251960,62.717201232910156,85.94021606445312,3.265191078186035,3.026742696762085,-0.2384483814239502,0.09426228702068329,0.12295081466436386,0.028688527643680573,11.92990003619343,12.382099987007678,0.45219995081424713,3.94942569732666,3.918034553527832,-0.031391143798828125,62.7612000098452,61.85980001464486,-0.901399995200336,642.39013671875,732.67626953125,90.2861328125,4,7.401758193969727,5.857745170593262,-1.5440130233764648,2053,4.37196804219435,4.391790405808573,0.019822363614222738,6,5.483029683430989,5.079911549886067,-0.4031181335449219,6152,3.843784287630039,3.7451467129592,-0.098637574670839,22,5.510750163685191,4.597001162442294,-0.9137490012428975,24596,2.889074951211579,2.8124618840461864,-0.07661306716539285,91,5.219768146892171,5.041952950613839,-0.1778151962783312,98352,3.435447105803644,3.456988673336587,0.021541567532942896,121,120807,7.7245664990637914,7.1337890625,-0.5907774365637914,4.581951997814696,4.519229018186032,-0.06272297962866347
000132,240,250314,41.87451171875,57.24348068237305,4.786313056945801,2.8695216178894043,-1.9167914390563965,0.10833334177732468,0.125,0.016666658222675323,11.482900008559227,12.659500003792346,1.1765999952331185,6.077416896820068,6.282525062561035,0.2051081657409668,60.63059996813536,62.31520010624081,1.684600138105452,640.86279296875,732.85205078125,91.9892578125,4,11.250667572021484,6.534262657165527,-4.716404914855957,4577,1.9304765164135897,2.739520249003168,0.8090437325895783,12,10.426403045654297,5.904186248779297,-4.522216796875,13700,1.855419708029197,2.2955123745437955,0.44009266651459855,60,7.795702616373698,4.43736572265625,-3.358336893717448,54808,3.44369606170632,3.2411600496277915,-0.20253601207852867,160,10.041423034667968,6.11097412109375,-3.930448913574218,171544,7.187715688103344,7.440774670055496,0.2530589819521518,4,5685,13.235198974609375,9.096331596374512,-4.138867378234863,11.478618348724714,13.11430573878628,1.635687390061566
000133,198,216766,139.1460723876953,186.69696044921875,4.7211384773254395,7.975536823272705,3.2543983459472656,0.03030303120613098,0.035353533923625946,0.005050502717494965,11.312699993140996,12.937100022099912,1.6244000289589167,21.210914611816406,21.229034423828125,0.01811981201171875,60.27629994787276,65.94809994567186,5.6717999977990985,640.84228515625,733.99951171875,93.1572265625,0,,,,357,8.43365598192402,19.106386499912464,10.672730517988445,0,,,,1076,8.057426594447026,18.58566159386617,10.528234999419144,4,6.058723449707031,24.321807861328125,18.263084411621094,4288,8.546363944437966,16.732895580690297,8.186531636252331,20,7.737858581542969,21.69080047607422,13.95294189453125,17188,12.177334841168257,15.767463128345357,3.5901282871771,174,193857,9.715969041846265,15.098905015265805,5.38293597341954,22.38853381616346,21.831308645032163,-0.5572251711312965
000134,196,205950,133.27310180664062,178.80978393554688,4.631718158721924,4.084468841552734,-0.5472493171691895,0.030612245202064514,0.06632652878761292,0.0357142835855484,11.780399945564568,13.361799996346235,1.5814000507816672,9.190581321716309,6.494739055633545,-2.6958422660827637,60.21089991554618,61.85579998418689,1.644900068640709,642.080078125,733.64501953125,91.56494140625,0,,,,373,2.571147356212299,3.9133042240909854,1.3421568678786864,0,,,,1108,2.8307241722134475,4.005843510266246,1.1751193380527982,4,9.601495742797852,5.032436370849609,-4.569059371948242,4476,3.3239342465370867,3.7844903722631815,0.46055612572609483,20,8.243426513671874,7.635797119140625,-0.6076293945312496,17760,3.92749683277027,3.7814611486486487,-0.1460356841216215,172,182233,9.37418028365734,8.303872751635174,-1.0703075320221664,9.899822617198861,6.846154373796184,-3.0536682434026776
000135,256,262116,31.255144119262695,43.67489242553711,3.635901927947998,2.4875147342681885,-1.1483871936798096,0.1640625,0.16796875,0.00390625,11.109800077974796,13.277800055220723,2.167999977245927,4.728735446929932,4.870672702789307,0.141937255859375,60.81300007645041,62.162799993529916,1.3497999170795083,641.2783203125,733.830078125,92.5517578125,12,3.815945307413737,2.985328992207845,-0.8306163152058916,8585,3.0720779338963307,3.0795471298048924,0.007469195908561765,20,3.9430171966552736,2.921845245361328,-1.0211719512939457,25740,2.144878472222222,2.332609599601787,0.187731127379565,104,4.970039954552283,3.8813453087439904,-1.088694645808293,103044,4.054940729203059,4.44262159854043,0.38768086933737056,120,10.167049153645833,6.464056905110677,-3.702992248535155,124747,5.932463305730799,5.871215339847852,-0.06124796588294679,0,0,,,,,,
000136,236,249022,71.65565490722656,97.74512481689453,2.571458578109741,2.2239949703216553,-0.34746360778808594,0.14830508828163147,0.16525423526763916,0.01694914698600769,11.292899958789349,13.480099965818226,2.1872000070288777,3.6564834117889404,3.710946559906006,0.05446314811706543,61.937700025737286,61.682799947448075,-0.2549000782892108,641.57470703125,734.04443359375,92.4697265625,1,3.733558416366577,4.719505786895752,0.9859473705291748,1565,4.118741887979233,3.712298135483227,-0.4064437524960063,3,5.112046559651692,3.772165298461914,-1.3398812611897783,4656,3.8127756020457473,3.566758617912371,-0.24601698413337614,20,4.328718948364258,3.9211692810058594,-0.40754966735839826,18596,3.3220950574048183,3.195326994044418,-0.12676806336040025,72,4.121999952528212,3.7715267605251737,-0.35047319200303795,74528,2.5525934883533705,2.603214773306677,0.05062128495330631,140,149677,5.795002092633928,4.883687046595982,-0.911315046037946,4.237987883910019,4.33104618612078,0.0930583022107605
000137,240,253228,35.56364822387695,48.82023620605469,2.54398775100708,2.2291407585144043,-0.3148469924926758,0.21250000596046448,0.25833335518836975,0.04583334922790527,12.97289994545281,12.707100016996264,-0.2657999284565449,4.688769817352295,4.5644211769104,-0.12434864044189453,61.74709997139871,61.72100000549108,-0.026099965907633305,642.5546875,732.8408203125,90.2861328125,4,4.878200531005859,4.44529390335083,-0.4329066276550293,6393,3.0392390847411233,2.872167311903645,-0.16707177283747843,20,4.67918701171875,3.338962173461914,-1.340224838256836,19244,3.954374983761172,3.765661537362295,-0.18871344639887733,72,4.181604173448351,3.5671564737955728,-0.6144476996527781,76920,3.366976241549662,3.285776212298492,-0.08120002925116987,144,5.603763580322266,5.059666103786892,-0.5440974765353737,150671,5.527354716567887,5.3910112928168,-0.13634342375108677,0,0,,,,,,
000138,224,239360,40.80092239379883,55.44148635864258,2.918907403945923,2.5957493782043457,-0.32315802574157715,0.1696428656578064,0.1830357164144516,0.013392850756645203,12.936200015246868,12.94200005941093,0.005800044164061546,4.632532596588135,4.438094615936279,-0.19443798065185547,63.136399956420064,61.977799981832504,-1.1585999745875597,642.779296875,732.85693359375,90.07763671875,4,5.011447906494141,2.8848512172698975,-2.126596689224243,4597,3.559464944868936,3.06360933421253,-0.49585561065640604,12,6.441153208414714,4.147266387939453,-2.2938868204752607,13804,3.7745963013438133,3.2424817987539845,-0.5321145025898288,60,6.234673055013021,4.242494710286459,-1.992178344726562,55228,3.2031677206308395,3.012778278228435,-0.19038944240240463,148,5.650341137035473,5.7232389707823055,0.07289783374683267,163010,5.070105361634256,4.92621349917183,-0.1438918624624259,0,2721,,,,13.595472712238148,12.512969151966189,-1.0825035602719595
000139,224,236486,79.22740936279297,106.6557388305664,2.784426689147949,2.615994691848755,-0.16843199729919434,0.1785714328289032,0.2187500149011612,0.040178582072257996,12.513000052422285,12.402900028973818,-0.11010002344846725,3.1332952976226807,3.0729541778564453,-0.06034111976623535,64.32510004378855,61.618899926543236,-2.7062001172453165,642.591796875,732.8037109375,90.2119140625,0,,,,1201,1.4068794599877705,1.5002812394293819,0.09340177944161132,4,3.051586627960205,4.0227742195129395,0.9711875915527344,3624,1.5227514271178255,1.4830281844991722,-0.03972324261865334,12,3.8094520568847656,4.442450841267903,0.6329987843831377,14468,2.1583275914950235,2.118472933802184,-0.03985465769283936,60,5.278328450520833,4.693971761067709,-0.5843566894531245,57868,2.6452467793080805,2.5997148143187947,-0.0455319649892858,148,159325,5.897321546399915,5.546801592852618,-0.35051995354729737,3.4487403891416917,3.3795320100423663,-0.06920837909932542
000140,256,262144,26.515037536621094,37.048362731933594,2.542550563812256,2.53462553024292,-0.007925033569335938,0.1796875,0.1953125,0.015625,11.294799973256886,12.748800101689994,1.4540001284331083,3.831942081451416,3.858368158340454,0.026426076889038086,62.27340002078563,62.85089999437332,0.5774999735876918,642.5068359375,733.94677734375,91.43994140625,12,4.048027356465657,3.714911460876465,-0.3331158955891924,11937,4.251305028482868,4.197117549426154,-0.05418747905671406,40,3.2109527587890625,2.9886680603027345,-0.22228469848632804,35824,3.6144955197632873,3.6419295549073247,0.027434035144037416,136,4.873926050522748,4.375055649701287,-0.4988704008214606,143192,3.759515632856584,3.8006548899379853,0.041139257081401315,68,6.792904124540441,7.9205151726217835,1.1276110480813424,71191,4.016723497352193,4.0265658580438535,0.009842360691660446,0,0,,,,,,
000141,192,206432,124.30585479736328,166.8166961669922,5.544454574584961,4.38232421875,-1.162130355834961,0.0677083358168602,0.0833333358168602,0.015625,11.24250004068017,12.335099978372455,1.0925999376922846,5.522789478302002,5.401376724243164,-0.12141275405883789,61.43169989809394,62.64509994070977,1.213400042615831,640.9013671875,733.81787109375,92.91650390625,0,,,,429,3.807968602035985,3.2893200142956003,-0.5186485877403846,3,10.146502176920572,15.690513610839844,5.544011433919271,1280,3.9617080688476562,3.671813201904297,-0.2898948669433592,1,17.2329158782959,12.27171802520752,-4.961197853088379,5132,4.009480572267147,3.7653905641075602,-0.24409000815958715,24,10.992927551269531,10.444100697835287,-0.5488268534342442,20520,4.156273605019493,3.7051066794590644,-0.4511669255604285,164,179071,11.082729432641006,8.370796761861662,-2.711932670779344,5.73801767176148,5.660062908008555,-0.07795476375292498
000142,220,233920,53.72081756591797,72.43475341796875,3.6304593086242676,4.069399833679199,0.43894052505493164,0.10454545170068741,0.1409090906381607,0.0363636389374733,11.50320004671812,12.76539999525994,1.26219994854182,3.3930866718292236,3.394557476043701,0.001470804214477539,59.82280010357499,63.63190000411123,3.809099900536239,640.6748046875,733.83203125,93.1572265625,4,4.209684371948242,2.864084243774414,-1.3456001281738281,2593,1.6249433194538179,1.8756895819273043,0.2507462624734864,8,4.931243896484375,3.308345317840576,-1.6228985786437988,7796,2.2535640272255004,2.564959193817342,0.31139516659184174,32,5.355776786804199,5.38547420501709,0.029697418212890625,31104,2.704534083236883,2.8498901869534463,0.14535610371656338,120,7.256974283854166,8.181651814778645,0.9246775309244786,124576,3.2372284288305933,3.0778440470074493,-0.15938438182314396,56,67851,8.908777509416852,10.687135968889509,1.7783584594726562,4.1933911254071425,4.379099976418918,0.1857088510117757
000143,216,235510,19.83078384399414,27.619401931762695,3.7547335624694824,2.612481117248535,-1.1422524452209473,0.1527777761220932,0.18518519401550293,0.03240741789340973,11.385399964638054,12.933799996972084,1.5484000323340297,2.784463882446289,2.870497465133667,0.08603358268737793,60.139200068078935,62.19920003786683,2.0599999697878957,642.1455078125,733.93701171875,91.79150390625,16,3.5753042697906494,3.101327419281006,-0.47397685050964355,19181,1.8325079994525832,1.6762889545644126,-0.15621904488817062,60,6.079898579915365,3.1675130208333333,-2.9123855590820313,57500,2.447508152173913,2.397908695652174,-0.04959945652173925,136,8.438130995806526,6.1655870325425095,-2.2725439632640168,155678,2.937848274964992,3.1120000096352727,0.17415173467028078,4,13.115043640136719,12.599991798400879,-0.5150518417358398,3151,7.150012520826722,6.832212863971755,-0.3177996568549668,0,0,,,,,,
000144,216,229330,66.34815216064453,89.05223083496094,3.749589681625366,3.198453664779663,-0.5511360168457031,0.0833333358168602,0.11574073880910873,0.032407402992248535,11.510299984365702,13.166200020350516,1.6559000359848142,4.69044303894043,4.843435287475586,0.15299224853515625,61.78340001497418,62.01880006119609,0.2354000462219119,641.39111328125,732.7890625,91.39794921875,3,8.484059651692709,8.91903305053711,0.43497339884440045,1669,3.2513328995656083,3.5325477924655484,0.28121489289994006,1,10.998136520385742,11.0670804977417,0.06894397735595703,4996,3.3261359087269815,3.6196766006555245,0.29354069192854304,20,7.220338439941406,6.631047058105469,-0.5892913818359373,20028,3.114131621979229,3.60405003307869,0.489918411099461,88,6.789744984019887,4.825338537042791,-1.9644064469770957,80004,3.9088061221938903,4.241785566971651,0.33297944477776076,104,122633,8.091038630558895,7.5640094463641825,-0.5270291841947126,5.532976441903892,5.50605057366288,-0.02692586824101184
000145,208,223888,84.94098663330078,113.9327621459961,5.588726997375488,4.194712162017822,-1.394014835357666,0.11538462340831757,0.13942308723926544,0.024038463830947876,12.311500031501055,13.176699983887374,0.8651999523863196,2.8992950916290283,2.5561442375183105,-0.3431508541107178,62.76680005248636,61.76039995625615,-1.0064000962302089,641.44970703125,732.765625,91.31591796875,0,,,,989,1.6223479021186173,1.2728659048360087,-0.34948199728260865,4,12.782397270202637,8.546245574951172,-4.236151695251465,2996,2.2989254226990155,2.183892162205858,-0.11503326049315765,12,7.078367869059245,6.020466486612956,-1.057901382446289,11916,3.292582583291373,2.9762654991188318,-0.3163170841725411,44,9.885616649280895,6.924706198952415,-2.9609104503284795,47684,2.9238666271705394,2.3478345068576463,-0.5760321203128931,148,160303,11.850495209565034,9.012720056482264,-2.83777515308277,2.881849918591667,2.6017537881387125,-0.28009613045295456
000146,256,262144,10.213349342346191,14.270692825317383,3.4494476318359375,3.5655436515808105,0.11609601974487305,0.08984375,0.109375,0.01953125,11.363100027665496,12.990700080990791,1.6276000533252954,3.3911890983581543,2.7979836463928223,-0.593205451965332,61.80270004551858,62.10470001678914,0.3019999712705612,642.458984375,732.7451171875,90.2861328125,80,5.5048583984375,5.656933975219727,0.15207557678222638,80373,2.6638658582484167,2.036921603025892,-0.6269442552225248,172,7.351026668105015,7.589631546375363,0.23860487827034849,174358,3.6544193555787516,3.013999931176086,-0.6404194244026655,4,15.3379487991333,16.896780014038086,1.5588312149047852,7413,5.085618697726966,5.968721544921085,0.8831028471941185,0,,,,0,,,,0,0,,,,,,
000147,232,237723,142.56478881835938,192.09580993652344,6.330677509307861,5.116490364074707,-1.2141871452331543,0.012931033968925476,0.03448275849223137,0.021551724523305893,11.543700005859137,13.189699966460466,1.6459999606013298,18.031566619873047,6.933980941772461,-11.097585678100586,60.3397999657318,63.6289999820292,3.2892000162974,642.81298828125,734.04443359375,91.2314453125,0,,,,373,2.9495483071171247,0.9363984217912198,-2.013149885325905,0,,,,1108,3.3681537063543545,0.9881981804913131,-2.3799555258630414,4,30.224672317504883,12.768657684326172,-17.45601463317871,4508,4.702728569348936,1.1554286520144743,-3.5472999173344615,20,22.340521240234374,9.30752944946289,-13.032991790771483,17972,7.50464003032495,1.8616211154851992,-5.64301891483975,208,213762,11.392909123347355,10.273202749399038,-1.1197063739483166,19.30002877031465,7.523585810387253,-11.776442959927397
000148,208,236842,14.237706184387207,19.896543502807617,3.4956045150756836,2.9875314235687256,-0.508073091506958,0.09615384787321091,0.10576923191547394,0.009615384042263031,11.577000026591122,13.657599920406938,2.0805998938158154,3.084460496902466,2.8886356353759766,-0.19582486152648926,61.18249997962266,61.89140002243221,0.708900042809546,642.5859375,733.72509765625,91.13916015625,32,5.992159843444824,6.633490085601807,0.6413302421569824,37385,2.918520128393741,2.9795963872542464,0.061076258860505384,116,5.849343135439116,4.738008170292296,-1.1113349651468205,112144,2.7233509483342844,2.5291405469753174,-0.19421040135896694,60,9.731642659505209,8.015538533528646,-1.7161041259765621,87313,3.619317140631979,3.311420908112194,-0.30789623251978515,0,,,,0,,,,0,0,,,,,,
000149,196,209884,97.38232421875,130.7682647705078,4.2657151222229,3.5606651306152344,-0.705049991607666,0.06632652878761292,0.08673468977212906,0.020408160984516144,11.799799976870418,12.850399943999946,1.0505999671295285,3.0888357162475586,2.9236350059509277,-0.16520071029663086,61.362900072708726,62.24849994760007,0.8855998748913407,642.50830078125,733.9482421875,91.43994140625,0,,,,709,3.6293311717648096,2.6483546850207156,-0.980976486744094,4,7.810445785522461,3.6468582153320312,-4.16358757019043,2128,2.789530589168233,1.8804601224741542,-0.9090704666940788,8,6.404027462005615,5.898406982421875,-0.5056204795837402,8492,2.4268590106865284,1.6381512793290745,-0.788707731357454,32,7.12624979019165,5.9292826652526855,-1.1969671249389648,34008,2.5379203055163493,2.4962421525817455,-0.04167815293460375,152,164547,8.958199752004523,7.528085809004934,-1.430113942999589,3.2384026296438098,3.092985400827727,-0.14541722881608266
000150,228,239680,113.12073516845703,152.68386840820312,4.289183139801025,3.950526475906372,-0.3386566638946533,0.0833333358168602,0.1184210553765297,0.035087719559669495,11.780699947848916,12.91359995957464,1.1329000117257237,3.0697758197784424,2.8819239139556885,-0.1878519058227539,62.04210000578314,62.466699979268014,0.42459997348487377,640.7021484375,733.84521484375,93.14306640625,0,,,,593,2.2096439252213322,1.8647555629479342,-0.34488836227339803,4,12.898414611816406,11.459661483764648,-1.4387531280517578,1800,2.3680094401041667,2.1803854709201387,-0.18762396918402802,8,10.652718544006348,8.36395263671875,-2.2887659072875977,7216,2.34742780799612,2.416562370080377,0.06913456208425695,20,8.704496765136719,7.049793243408203,-1.654703521728516,28768,2.7912258194869297,2.850173695599277,0.05894787611234742,196,201303,8.39266282684949,7.896398427535076,-0.4962643993144136,3.144285604288063,2.9124121970363084,-0.23187340725175476
000151,204,217226,127.21309661865234,170.64576721191406,5.0108537673950195,4.500019073486328,-0.5108346939086914,0.0784313753247261,0.0882352963089943,0.009803920984268188,12.062499998137355,12.983900029212236,0.9214000310748816,6.152960777282715,4.360395908355713,-1.792564868927002,62.04380001872778,64.32419992052019,2.280399901792407,640.8017578125,732.80517578125,92.00341796875,0,,,,429,2.761175266790501,1.8599788070002914,-0.9011964597902096,4,9.836555480957031,6.849404335021973,-2.9871511459350586,1296,3.78634794258777,2.762215508355035,-1.0241324342327354,0,,,,5144,4.108232133310653,3.0897125671291796,-1.0185195661814737,26,6.663389352651743,4.455625680776743,-2.207763671875,20648,3.6185174562911664,2.6960306385606354,-0.922486817730531,174,189709,10.527781519396552,9.728528252963361,-0.7992532664331904,6.508091339894259,4.592573032908296,-1.9155183069859625
000152,248,257252,47.93287658691406,66.30752563476562,3.2802529335021973,2.7662785053253174,-0.5139744281768799,0.16935482621192932,0.16129031777381897,-0.008064508438110352,11.29569998010993,12.932199984788895,1.6365000046789646,3.9165289402008057,3.930072546005249,0.01354360580444336,61.03590002749115,62.179100001230836,1.1431999737396836,642.08203125,732.7197265625,90.6376953125,4,3.7825262546539307,4.903604507446289,1.1210782527923584,3577,1.8602869952561505,1.8853192925286553,0.025032297272504778,9,4.277484893798828,5.031698015001085,0.7542131212022571,10752,2.394030979701451,2.4977406093052457,0.1037096296037947,39,4.412277612930689,3.8823093512119393,-0.5299682617187496,42952,2.57202280307087,2.718871683798193,0.14684888072732338,164,6.3994014088700455,5.427951719702744,-0.9714496891673017,165394,3.8796468584108252,3.9141145537322997,0.03446769532147442,32,34577,10.993666648864746,8.299388885498047,-2.694277763366699,6.449262696301009,6.167900175694826,-0.2813625206061827
000153,256,262144,26.515037536621094,37.048362731933594,3.307924747467041,2.732326030731201,-0.5755987167358398,0.15625,0.17578125,0.01953125,10.912099969573319,12.333199963904917,1.4210999943315983,3.197327136993408,3.110139846801758,-0.08718729019165039,60.83420000504702,62.3446999816224,1.5104999765753746,641.47412109375,732.8720703125,91.39794921875,12,5.537921905517578,5.364922205607097,-0.17299969991048147,11937,1.6485880298651252,1.47299870544316,-0.1755893244219653,40,6.126381683349609,4.825735473632813,-1.3006462097167963,35824,1.8001953779240174,1.805363766260049,0.005168388336031615,136,5.8150787353515625,4.844124737907858,-0.9709539974437043,143192,2.6561061808620594,2.6262114416308173,-0.029894739231242085,68,8.695535996380974,7.099139045266544,-1.5963969511144294,71191,5.24866292789819,5.014587957045132,-0.23407497085305806,0,0,,,,,,
000154,206,220468,57.505043029785156,77.9614028930664,3.103364944458008,2.811541795730591,-0.291823148727417,0.08252426981925964,0.10679611563682556,0.024271845817565918,11.951199965551496,12.687899987213314,0.736700021661818,5.793086528778076,5.533281326293945,-0.25980520248413086,62.29439994785935,61.880200053565204,-0.4141998942941427,641.57470703125,734.04443359375,92.4697265625,4,5.172128200531006,5.133418083190918,-0.03871011734008789,2129,5.03131513474636,5.057689202677313,0.026374067930952982,8,6.0602593421936035,6.053525447845459,-0.006733894348144531,6400,6.275652465820312,5.901851806640625,-0.37380065917968697,20,4.60761833190918,5.873294067382813,1.265675735473633,25604,5.529097016091236,5.277619585806905,-0.2514774302843312,98,4.975588740134726,4.629934816944356,-0.3456539231903699,102384,4.78922915201594,4.751866136310361,-0.037363015705579095,76,83951,8.284942626953125,6.818341706928454,-1.4666009200246712,7.080403300734953,6.548206691998904,-0.532196608736049
000155,220,230900,103.44300842285156,138.85365295410156,4.557836055755615,3.8860442638397217,-0.6717917919158936,0.040909089148044586,0.06818181276321411,0.027272723615169525,11.142499977722764,12.359199929051101,1.2166999513283372,3.523268699645996,3.7752115726470947,0.25194287300109863,62.52490007318556,63.09860001783818,0.573699944652617,642.44580078125,733.6591796875,91.21337890625,0,,,,681,2.5341890085811305,1.968001086981461,-0.5661879215996695,4,6.371079444885254,9.01728343963623,2.6462039947509766,2076,2.4035623362987715,1.8058984422040583,-0.5976638940947132,8,8.375235557556152,8.156915664672852,-0.21831989288330078,8292,2.1809721531295225,1.7376787302520502,-0.4432934228774723,32,9.031879425048828,7.422931671142578,-1.60894775390625,33148,2.3954954390159284,1.9611355935878485,-0.4343598454280799,176,186703,9.226940501819957,7.7897796630859375,-1.4371608387340196,3.799171009571351,4.21627196670648,0.41710095713512896
000156,212,226390,41.75284194946289,57.092864990234375,3.5668745040893555,3.135915517807007,-0.43095898628234863,0.1462264209985733,0.1320754736661911,-0.014150947332382202,11.31059997715056,12.626999989151955,1.3164000120013952,5.1236395835876465,4.9723615646362305,-0.15127801895141602,60.80069998279214,61.97020004037768,1.1695000575855374,642.69384765625,733.92529296875,91.2314453125,4,3.1024088859558105,2.851238250732422,-0.25117063522338867,4165,2.900974217812125,2.9572600915366145,0.056285873724489566,12,3.643486658732096,4.169373830159505,0.5258871714274087,12448,3.2193939287435733,3.3487200504097046,0.12932612166613122,52,3.9335896418644833,4.168028024526743,0.23443838266225958,49880,3.4734140061146754,3.530587159182037,0.05717315306736159,140,8.358977399553572,7.04731183733259,-1.3116655622209823,155006,5.7939317671574,5.567162722733314,-0.22676904442408663,4,4891,20.354930877685547,16.207386016845703,-4.147544860839844,7.449409629932529,6.673842101564097,-0.7755675283684322
000157,240,253228,35.56364822387695,48.82023620605469,3.7475693225860596,3.5532736778259277,-0.19429564476013184,0.11666667461395264,0.13333334028720856,0.01666666567325592,11.40980003401637,12.771499925293028,1.3616998912766576,6.105231761932373,5.811760902404785,-0.2934708595275879,63.175999908708036,62.95299995690584,-0.22299995180219412,642.54248046875,733.908203125,91.36572265625,4,4.715972900390625,4.634284973144531,-0.08168792724609375,6393,8.150769151806664,7.2942427264195215,-0.8565264253871421,20,3.8115093231201174,3.7049938201904298,-0.10651550292968759,19244,6.629871648305966,5.998297764887758,-0.6315738834182083,72,4.679293314615886,4.608398013644749,-0.07089530097113705,76920,4.273677197087883,3.933541341653666,-0.34013585543421687,144,9.491873847113716,8.896733601888021,-0.5951402452256946,150671,6.886469526318933,6.683894876917257,-0.2025746494016767,0,0,,,,,,
000158,220,232657,94.40609741210938,126.82317352294922,3.853649854660034,3.490144729614258,-0.36350512504577637,0.059090908616781235,0.08181817829608917,0.022727269679307938,11.575500015169382,13.457700028084219,1.8822000129148364,2.6493260860443115,2.840733051300049,0.1914069652557373,62.37749999854714,63.25470004230738,0.8772000437602401,642.57080078125,732.85693359375,90.2861328125,0,,,,845,1.4694165472448224,1.5782739402274408,0.10885739298261843,4,12.764989852905273,5.373065948486328,-7.391923904418945,2496,1.6445862207657251,1.756833981244992,0.11224776047926688,8,7.928755760192871,5.964710235595703,-1.964045524597168,10040,1.404725336933516,1.3842718967878487,-0.0204534401456673,40,7.651434326171875,8.34335708618164,0.6919227600097653,40100,1.8867051122194514,1.813580891521197,-0.0731242206982543,168,179176,7.589634486607143,6.74237787155878,-0.8472566150483631,2.9093039106800016,3.1732769037147834,0.26397299303478183
000159,204,217412,66.85504913330078,90.29013061523438,2.8719756603240967,3.0023081302642822,0.13033246994018555,0.06372549384832382,0.09313725680112839,0.029411762952804565,11.075699934735894,12.980900006368756,1.905200071632862,5.179849624633789,5.294928073883057,0.11507844924926758,63.337599975056946,64.95349993929267,1.615899964235723,640.7890625,732.7783203125,91.9892578125,1,2.1425628662109375,3.9184768199920654,1.775913953781128,1565,3.2299767247404154,3.416067417132588,0.18609069239217257,3,3.4554999669392905,4.990284601847331,1.5347846349080405,4656,3.061060744872208,3.271681113751074,0.21062036887886615,20,3.2099246978759766,3.1232622146606444,-0.08666248321533221,18672,3.6572014580655527,4.013939655634105,0.3567381975685522,72,4.201898362901476,3.8512662251790366,-0.3506321377224393,74760,4.686412770866774,4.829368562734082,0.14295579186730833,108,117759,7.338164152922453,8.02125831886574,0.6830941659432872,5.844231651083994,5.898572508258392,0.05434085717439885
000160,208,224679,81.85539245605469,109.82683563232422,3.4466700553894043,3.913672685623169,0.46700263023376465,0.048076923936605453,0.06730769574642181,0.01923077180981636,12.106999987736344,13.429700047709048,1.3227000599727035,10.511468887329102,11.072616577148438,0.5611476898193359,61.64009997155517,63.7418000260368,2.1017000544816256,640.716796875,732.72021484375,92.00341796875,0,,,,1085,8.956847638248847,9.097006408410138,0.14015877016129075,4,5.898210048675537,7.598979473114014,1.7007694244384766,3196,7.553453046777221,9.133735895455256,1.580282848678035,12,5.042011578877767,5.947475433349609,0.9054638544718427,12868,7.210876787379546,9.089143126359962,1.8782663389804162,52,5.221168518066406,6.138944772573618,0.9177762545072117,51504,7.783254091915191,9.21338391192917,1.4301298200139794,140,156026,7.701549421037947,8.622122628348214,0.9205732073102668,11.755662517785497,11.903384692294875,0.14772217450937752
000161,256,262144,20.704792022705078,28.929956436157227,3.2767562866210938,3.722433567047119,0.4456772804260254,0.1171875,0.12890625,0.01171875,12.041799956932664,13.172100065276027,1.1303001083433628,3.481935501098633,3.488406181335449,0.006470680236816406,62.64969997573644,62.65259999781847,0.002900022082030773,642.1103515625,733.90185546875,91.79150390625,16,4.984309673309326,6.029791355133057,1.0454816818237305,19573,3.605519242068155,3.7906395289429318,0.18512028687477677,61,5.149999399654201,7.458304483382428,2.3083050837282277,58684,2.684157415138709,2.773718666927953,0.0895612517892439,167,6.952291705651198,7.2540268583925895,0.30173515274139184,174834,3.6306053170435955,3.633799418305364,0.003194101261768445,12,10.230635325113932,11.91918690999349,1.6885515848795585,9053,5.515008836849663,4.659882255882028,-0.8551265809676352,0,0,,,,,,
000162,208,223140,87.9801025390625,118.04581451416016,3.2437374591827393,2.6316590309143066,-0.6120784282684326,0.14423076808452606,0.18269231915473938,0.03846155107021332,11.71929994598031,12.94759998563677,1.2283000396564603,3.0152840614318848,3.036414384841919,0.02113032341003418,61.78400001954287,63.24109993875027,1.4570999192073941,641.49267578125,733.81787109375,92.3251953125,0,,,,933,0.8644045454640609,0.7370027172092711,-0.12740182825478974,4,3.1907920837402344,2.8527519702911377,-0.3380401134490967,2772,0.9904358878968254,0.9671824621775794,-0.023253425719245935,11,3.1837283047762783,4.071646603670987,0.887918298894709,11048,1.349483503801593,1.3642914901169896,0.014807986315396482,39,3.831766373071915,3.8667586889022436,0.03499231583032847,44284,2.1314410255396985,2.168929699496432,0.03748867395673372,154,164103,7.481633966619318,5.764723344282671,-1.7169106223366475,3.412373631195042,3.4311091966630713,0.018735565468029236
000163,228,242574,60.71255874633789,82.1780776977539,3.0801825523376465,2.9451639652252197,-0.13501858711242676,0.10087719559669495,0.10526315867900848,0.004385963082313538,11.562499916180968,13.719699927605689,2.1572000114247203,2.777867078781128,2.6488611698150635,-0.12900590896606445,61.462100013159215,63.80529992748052,2.3431999143213034,641.42626953125,733.89599609375,92.4697265625,4,4.6802825927734375,4.453181743621826,-0.22710084915161133,2093,1.6872591254703178,1.6155166589524605,-0.0717424665178572,8,4.389496803283691,3.154329299926758,-1.2351675033569336,6320,1.82920292721519,1.6375627348694621,-0.19164019234572782,20,5.857513046264648,3.0467910766601562,-2.810721969604492,25276,2.0770600384257794,1.881557604051274,-0.19550243437450532,92,5.410577193550441,5.088008714758831,-0.3225684787916103,101052,2.114906186913668,2.074400741697344,-0.040505445216324265,104,107833,7.07502687894381,7.4126410851111775,0.33761420616736704,3.6401756651488877,3.446380920033756,-0.19379474511513184
000164,244,252990,59.7457160949707,82.00129699707031,3.1816530227661133,2.747349262237549,-0.43430376052856445,0.1147540956735611,0.1352458894252777,0.020491793751716614,11.418399983085692,12.943300069309771,1.5249000862240791,3.98034930229187,3.9811012744903564,0.0007519721984863281,60.28340000193566,64.73630003165454,4.452900029718876,642.5302734375,733.97021484375,91.43994140625,4,5.489096641540527,3.8915295600891113,-1.597567081451416,2249,1.4071367873568807,1.4660940886921965,0.05895730133531574,8,5.988228797912598,4.010451316833496,-1.9777774810791016,6808,1.8549867802585194,1.8963303168147767,0.04134353655625733,20,4.3692779541015625,3.3791271209716798,-0.9901508331298827,27232,2.413859957953878,2.3548944027247356,-0.058965555229142375,116,5.1457324850148165,4.231782321272226,-0.9139501637425909,108804,3.8486182723061653,3.7285055007168855,-0.1201127715892798,96,107897,8.317645390828451,7.651953379313151,-0.6656920115152998,4.696292818614048,4.8302232105619245,0.13393039194787626
000165,212,227326,72.58570861816406,97.38738250732422,3.618736505508423,2.715062379837036,-0.9036741256713867,0.08018867671489716,0.08962264657020569,0.009433969855308533,11.942599900066853,13.274400029331446,1.3318001292645931,4.2035322189331055,4.102893829345703,-0.10063838958740234,61.14120001439005,63.041500048711896,1.9003000343218446,642.7783203125,732.85595703125,90.07763671875,0,,,,1369,0.9903788263559167,1.2750002496690103,0.2846214233130936,4,6.013751029968262,5.272194862365723,-0.7415561676025391,4144,1.0207689204271235,1.2157090824083012,0.1949401619811777,20,7.429403686523438,5.258199310302734,-2.171204376220704,16568,1.5000960765858884,1.3482689003274384,-0.15182717625845,64,5.859956741333008,4.732291221618652,-1.1276655197143555,66276,2.6859694685859132,2.613064353989378,-0.07290511459653537,124,138969,7.956966277091734,5.823121101625504,-2.13384517546623,5.376143690319424,5.255772870208464,-0.1203708201109599
000166,206,220468,57.505043029785156,77.9614028930664,3.1186091899871826,2.772972345352173,-0.34563684463500977,0.1650485396385193,0.20873786509037018,0.04368932545185089,11.834700009785593,13.519300031475723,1.6846000216901302,4.330212593078613,4.147896766662598,-0.18231582641601562,60.12609996832907,61.87279999721795,1.7467000288888812,642.5458984375,732.7578125,90.2119140625,4,5.470941066741943,7.941146373748779,2.470205307006836,2129,2.5441386526097935,2.7278858362200564,0.18374718361026288,8,6.933340072631836,7.812335968017578,0.8789958953857422,6400,2.421579132080078,2.4477633666992187,0.026184234619140767,20,7.810206604003906,6.805925750732422,-1.0042808532714842,25604,3.0820629833229183,3.0961849222777693,0.014121938954851032,98,5.008967185507015,4.141716470523757,-0.8672507149832587,102384,3.732054080715737,3.6980717201906548,-0.03398236052508219,76,83951,7.374124627364309,6.660455804122122,-0.7136688232421875,5.631177338566545,5.18286969482198,-0.448307643744565
000167,196,206068,130.29812622070312,174.8206787109375,7.839442729949951,6.6748785972595215,-1.1645641326904297,0.040816325694322586,0.05612244829535484,0.015306122601032257,11.453100014477968,14.004900003783405,2.5517999893054366,17.512184143066406,11.859868049621582,-5.652316093444824,61.04580010287464,64.54880000092089,3.502999898046255,642.44580078125,732.73193359375,90.2861328125,0,,,,385,7.372339184253247,2.0632994812804384,-5.309039702972808,1,29.563621520996094,14.06848430633545,-15.495137214660645,1180,7.220075807733051,2.097003277277542,-5.1230725304555085,3,15.397916158040365,14.073552449544271,-1.3243637084960938,4656,7.830529491516323,2.678017527786727,-5.152511963729596,20,15.875653076171876,11.16033477783203,-4.715318298339845,18612,10.22184612078229,5.019977450703847,-5.201868670078444,172,181235,15.580180323401162,13.587538608284884,-1.992641715116278,18.598146053466493,12.882554418296687,-5.715591635169806
000168,228,238206,127.86125183105469,172.3251953125,3.727755308151245,3.667667865753174,-0.06008744239807129,0.08771929889917374,0.09649123251438141,0.008771933615207672,11.353699956089258,13.210900011472404,1.8572000553831458,4.657864570617676,4.421364784240723,-0.23649978637695312,60.05269999150187,62.83670000266284,2.7840000111609697,640.6875,733.83056640625,93.14306640625,0,,,,473,0.7407431088340711,1.067486817438557,0.32674370860448587,4,3.176241874694824,6.8133769035339355,3.6371350288391113,1404,0.9757515670906785,1.28776528556802,0.3120137184773415,0,,,,5564,1.6696126185073688,1.790706719536305,0.12109410102893614,28,4.631871904645648,5.593601771763393,0.9617298671177457,22396,2.1380314146499373,2.0160177877746026,-0.12201362687533468,196,208369,7.946220553651148,7.594807527503189,-0.35141302614795933,5.042199175501154,4.778870657343463,-0.2633285181576914
000169,230,238027,130.77413940429688,176.2788848876953,6.12835168838501,4.478180885314941,-1.6501708030700684,0.06956521421670914,0.0782608687877655,0.008695654571056366,10.982600040733814,13.580799917690456,2.5981998769566417,7.914857864379883,6.195333480834961,-1.7195243835449219,60.43900002259761,61.80999998468906,1.370999962091446,640.7958984375,733.7265625,92.9306640625,0,,,,437,2.255466347700944,2.4108255416905036,0.15535919398955977,4,7.222354412078857,4.079371452331543,-3.1429829597473145,1344,2.235451107933408,2.5841276986258372,0.3486765906924294,0,,,,5348,2.062739575542259,2.551164534346952,0.48842495880469317,28,9.70962415422712,6.792206900460379,-2.9174172537667404,21368,3.518726527400786,3.407213034678023,-0.11151349272276301,198,209530,12.718602035984848,9.36093108822601,-3.3576709477588373,8.560780079224932,6.603738128191667,-1.9570419510332648
000170,232,247570,48.188812255859375,65.60274505615234,3.1237025260925293,2.3113436698913574,-0.8123588562011719,0.11206896603107452,0.13362069427967072,0.02155172824859619,11.063199955970049,12.950300006195903,1.887100050225854,2.9094045162200928,2.9631567001342773,0.05375218391418457,60.950699960812926,61.63210002705455,0.681400066241622,642.1611328125,733.95263671875,91.79150390625,4,2.76520037651062,2.6184468269348145,-0.14675354957580566,3397,1.1646192009953635,1.4095420534202974,0.24492285242493383,8,5.471219062805176,3.8388631343841553,-1.6323559284210205,10240,1.3722640991210937,1.3853632926940918,0.013099193572998047,40,5.817280578613281,3.7119171142578127,-2.1053634643554684,40932,2.157366943955829,1.98483384027167,-0.17253310368415908,156,6.040614983974359,4.669557229066506,-1.3710577549078522,161190,3.216668993113717,3.281499705316707,0.06483071220299008,24,31811,9.147514343261719,6.431301752726237,-2.7162125905354815,3.0012544795825344,3.282708811417434,0.28145433183489965
000171,244,257732,26.142967224121094,36.19495391845703,3.540996551513672,3.3343441486358643,-0.20665240287780762,0.13934426009655,0.16393440961837769,0.024590149521827698,11.006199987605214,12.661300017498434,1.6551000298932195,4.109402656555176,3.8828999996185303,-0.2265026569366455,60.69980002939701,62.638600007630885,1.9387999782338738,641.4375,733.9892578125,92.5517578125,12,6.1363474527994795,5.076345443725586,-1.0600020090738935,12041,2.688636741134457,2.4900066374781993,-0.19863010365625788,40,6.557745361328125,6.554054260253906,-0.0036911010742191053,36200,2.608377719267956,2.626285609461326,0.017907890193370246,136,6.667572919060202,6.43202927533318,-0.23554364372702175,144808,3.803570503701453,3.6041012064250593,-0.19946929727639384,56,8.665544782366071,7.666530064174107,-0.9990147181919644,64683,5.898612270612062,5.469615760709924,-0.428996509902138,0,0,,,,,,
000172,216,233034,25.947647094726562,35.93239974975586,3.335991144180298,3.3799846172332764,0.043993473052978516,0.1388888955116272,0.1388888955116272,0.0,11.194900027476251,12.321199988946319,1.1262999614700675,3.3940842151641846,3.6176767349243164,0.22359251976013184,62.32100003398955,63.20960004813969,0.8886000141501427,641.55810546875,732.8740234375,91.31591796875,12,5.18520991007487,7.78262456258138,2.59741465250651,11065,1.7765861528468143,1.827170060438319,0.05058390759150466,32,5.98903751373291,6.373097896575928,0.3840603828430176,33236,2.3866414148062343,2.5798251989559513,0.19318378414971704,128,6.30026912689209,5.324217796325684,-0.9760513305664062,132908,3.192040734944473,3.5570119462334846,0.3649712112890118,44,8.655499545010654,10.939152110706676,2.2836525656960216,55825,4.795501567398119,4.734896999552172,-0.0606045678459477,0,0,,,,,,
000173,256,262144,26.515037536621094,37.048362731933594,2.8484959602355957,2.454721450805664,-0.39377450942993164,0.1875,0.1953125,0.0078125,11.316400021314621,12.579599977470934,1.2631999561563134,4.376373291015625,4.337811470031738,-0.03856182098388672,59.95289993006736,61.87229999341071,1.9194000633433461,642.49365234375,732.77978515625,90.2861328125,12,3.3946987787882485,3.341891606648763,-0.05280717213948538,11937,4.526642477171818,4.478460485255927,-0.04818199191589123,40,3.536215972900391,3.283565902709961,-0.25265007019042995,35824,4.07765133011389,4.180538884546673,0.1028875544327823,136,5.053542642032399,4.5507031609030335,-0.5028394811293655,143192,3.469206554835466,3.5534088409268674,0.08420228609140157,68,8.661221672506894,6.85994675580193,-1.8012749167049638,71191,6.326151216445899,5.971098874857777,-0.35505234158812193,0,0,,,,,,
000174,212,236446,16.929981231689453,23.634464263916016,3.4424474239349365,2.9410948753356934,-0.5013525485992432,0.23113207519054413,0.24056604504585266,0.009433969855308533,11.35029993019998,12.426200089976192,1.0759001597762108,4.490331649780273,4.533146858215332,0.042815208435058594,61.03820004500449,62.168899923563,1.1306998785585165,642.81298828125,732.890625,90.07763671875,24,4.209707260131836,3.5299809773763022,-0.6797262827555337,26381,2.598786768886699,2.459463309294568,-0.13932345959213066,88,5.836504849520597,4.10793720592152,-1.728567643599077,79220,3.7138786764705882,3.5975811032567533,-0.11629757321383494,100,8.449523315429687,8.008062744140625,-0.4414605712890616,130845,5.3418090106614695,5.517681703542359,0.17587269288088958,0,,,,0,,,,0,0,,,,,,
000175,205,217437,124.2012710571289,166.62644958496094,4.497070789337158,3.9926958084106445,-0.5043749809265137,0.039024390280246735,0.043902438133955,0.004878047853708267,11.356899980455637,13.262399937957525,1.9054999575018883,9.05659008026123,8.526966094970703,-0.5296239852905273,60.73879997711629,61.42170005477965,0.682900077663362,642.5810546875,733.94677734375,91.36572265625,0,,,,437,1.9328349307690933,2.492412087028032,0.5595771562589389,4,7.292065620422363,8.983467102050781,1.691401481628418,1352,1.8515926564233542,2.0863811786358175,0.23478852221246327,0,,,,5420,2.146881666570572,1.9908102225553506,-0.15607144401522155,28,8.436187199183873,6.795986720493862,-1.6402004786900113,21656,3.193687661618027,3.0697497229405246,-0.12393793867750258,173,188572,9.123801170746026,8.154819731078396,-0.9689814396676297,9.99666440404726,9.401709956939525,-0.5949544471077353
