sequence,stem,valid_pixels,zero_epe_512px,zero_pred_magnitude_mean_512px,zero_gt_magnitude_mean_512px,zero_direction_pixels,zero_direction_cosine_mean,zero_direction_positive_fraction,coarse16_epe_512px,coarse16_pred_magnitude_mean_512px,coarse16_gt_magnitude_mean_512px,coarse16_direction_pixels,coarse16_direction_cosine_mean,coarse16_direction_positive_fraction,local32_epe_512px,local32_pred_magnitude_mean_512px,local32_gt_magnitude_mean_512px,local32_direction_pixels,local32_direction_cosine_mean,local32_direction_positive_fraction,local64_epe_512px,local64_pred_magnitude_mean_512px,local64_gt_magnitude_mean_512px,local64_direction_pixels,local64_direction_cosine_mean,local64_direction_positive_fraction,final128_epe_512px,final128_pred_magnitude_mean_512px,final128_gt_magnitude_mean_512px,final128_direction_pixels,final128_direction_cosine_mean,final128_direction_positive_fraction,final512_epe_512px,final512_pred_magnitude_mean_512px,final512_gt_magnitude_mean_512px,final512_direction_pixels,final512_direction_cosine_mean,final512_direction_positive_fraction,window32_queries,window32_inside_queries,window32_coverage,window32_radius_grid_cells,window32_radius_512px_each_axis,window32_outside_epe_before_512px,window64_queries,window64_inside_queries,window64_coverage,window64_radius_grid_cells,window64_radius_512px_each_axis,window64_outside_epe_before_512px,window128_queries,window128_inside_queries,window128_coverage,window128_radius_grid_cells,window128_radius_512px_each_axis,window128_outside_epe_before_512px,final128_native_query_epe_512px,gt_warp_mse_255,identity_warp_mse_255,gt_valid_pixels,gt_valid_fraction,photometric_pixels
photo-0306-02,000000,248021,12.520232200622559,0.0,12.520232200622559,0,,,18.816783905029297,22.4147891998291,12.520232200622559,247233,0.4546178877353668,0.7832934923735909,11.392109870910645,16.061092376708984,12.520232200622559,247719,0.5291532278060913,0.7920425966518515,10.918915748596191,16.088031768798828,12.520232200622559,247296,0.5489240288734436,0.8020914208074534,10.825142860412598,16.536785125732422,12.520232200622559,247896,0.5486676692962646,0.7897586084487043,10.825142860412598,16.536785125732422,12.520232200622559,247896,0.5486676692962646,0.7897586084487043,961,961,1.0,4,64.0,,3829,3712,0.9694437189866806,4,32.0,33.69831085205078,15379,13399,0.8712530073476819,4,16.0,23.983680725097656,10.79288101196289,0.5357987284660339,479.130615234375,248021,0.9461250305175781,248021
photo-0306-02,000001,247659,13.075263023376465,0.0,13.075263023376465,0,,,23.299917221069336,27.440404891967773,13.075263023376465,246878,0.5060529708862305,0.8078322086212624,17.914836883544922,23.936580657958984,13.075263023376465,247079,0.5701771378517151,0.8047628491292259,17.249174118041992,23.917110443115234,13.075263023376465,246851,0.6047482490539551,0.8161765599491191,16.99738121032715,24.30227279663086,13.075263023376465,247398,0.6124265193939209,0.8128804598258677,16.99738121032715,24.30227279663086,13.075263023376465,247398,0.6124265193939209,0.8128804598258677,961,924,0.9614984391259105,4,64.0,76.87891387939453,3818,3551,0.93006809848088,4,32.0,37.080055236816406,15349,10989,0.7159424066714444,4,16.0,23.827985763549805,16.913331985473633,0.5135717391967773,503.6114196777344,247659,0.9447441101074219,247659
photo-0306-02,000002,248273,11.86423110961914,0.0,11.86423110961914,0,,,21.651735305786133,26.45899200439453,11.86423110961914,246904,0.5479508638381958,0.827783267990798,11.706297874450684,18.12349510192871,11.86423110961914,248047,0.6654462218284607,0.8581075360717928,10.736964225769043,17.835912704467773,11.86423110961914,248134,0.6895900964736938,0.8647504977149444,10.396123886108398,17.787952423095703,11.86423110961914,248113,0.6974778175354004,0.8568797281883658,10.396123886108398,17.787952423095703,11.86423110961914,248113,0.6974778175354004,0.8568797281883658,959,921,0.9603753910323254,4,64.0,80.99653625488281,3828,3787,0.9892894461859979,4,32.0,33.998008728027344,15384,13851,0.9003510140405616,4,16.0,22.00857162475586,10.393146514892578,0.4799058437347412,449.1303405761719,248273,0.9470863342285156,248273
photo-0306-02,000003,248328,11.990532875061035,0.0,11.990532875061035,0,,,27.63045310974121,33.7988166809082,11.990532875061035,246069,0.6282208561897278,0.851728580194986,24.661378860473633,32.89263916015625,11.990532875061035,247887,0.7225883603096008,0.8864361584108889,23.697065353393555,32.130516052246094,11.990532875061035,248082,0.7444512248039246,0.8968083133802534,23.312402725219727,31.933635711669922,11.990532875061035,248051,0.7452385425567627,0.8875634446142124,23.312402725219727,31.933635711669922,11.990532875061035,248051,0.7452385425567627,0.8875634446142124,961,892,0.9281997918834547,4,64.0,74.67161560058594,3837,2961,0.7716966379984362,4,32.0,44.26026153564453,15390,10158,0.6600389863547759,4,16.0,29.667848587036133,23.23358917236328,0.5089344382286072,453.2680969238281,248328,0.947296142578125,248328
photo-0306-02,000004,248352,11.688100814819336,0.0,11.688100814819336,0,,,29.133798599243164,34.36429214477539,11.688100814819336,248275,0.5548401474952698,0.8167757526935857,24.082006454467773,31.7386417388916,11.688100814819336,248171,0.7322110533714294,0.8817468600279645,23.24298858642578,31.393047332763672,11.688100814819336,248227,0.7585458755493164,0.8943628211274358,23.095064163208008,31.64411735534668,11.688100814819336,248212,0.7683457136154175,0.8873261566725219,23.095064163208008,31.64411735534668,11.688100814819336,248212,0.7683457136154175,0.8873261566725219,959,870,0.9071949947862357,4,64.0,87.86746978759766,3831,3236,0.844688070999739,4,32.0,49.092044830322266,15388,10208,0.6633740577073044,4,16.0,29.16896629333496,23.08468246459961,0.4803343713283539,445.4338684082031,248352,0.9473876953125,248352
photo-0306-02,000005,248759,11.1701078414917,0.0,11.1701078414917,0,,,26.228139877319336,30.942584991455078,11.1701078414917,248237,0.5477079749107361,0.8163569492057993,23.520727157592773,31.19929313659668,11.1701078414917,248215,0.7492911219596863,0.9053199846906915,22.663753509521484,30.57364845275879,11.1701078414917,247715,0.7642727494239807,0.9082695839977394,22.653461456298828,30.789878845214844,11.1701078414917,248539,0.7649275660514832,0.9006996889824133,22.653461456298828,30.789878845214844,11.1701078414917,248539,0.7649275660514832,0.9006996889824133,961,919,0.9562955254942768,4,64.0,70.08128356933594,3840,3081,0.80234375,4,32.0,46.62604522705078,15413,10852,0.704080970609226,4,16.0,30.447168350219727,22.54537582397461,0.5225472450256348,419.7229309082031,248759,0.9489402770996094,248759
photo-0306-02,000006,249384,10.289862632751465,0.0,10.289862632751465,0,,,25.113895416259766,29.345348358154297,10.289862632751465,249129,0.5030916333198547,0.7901127528308627,19.30443572998047,26.027379989624023,10.289862632751465,249133,0.6905403733253479,0.8885294200286594,18.527692794799805,25.407567977905273,10.289862632751465,248900,0.7060835361480713,0.8946002410606669,18.226594924926758,25.25113868713379,10.289862632751465,249047,0.7092521786689758,0.8851782996783739,18.226594924926758,25.25113868713379,10.289862632751465,249047,0.7092521786689758,0.8851782996783739,961,918,0.9552549427679501,4,64.0,79.14134979248047,3841,3551,0.9244988284300963,4,32.0,41.163665771484375,15459,11373,0.7356879487677082,4,16.0,27.001216888427734,18.166831970214844,0.5446780920028687,391.4626159667969,249384,0.951324462890625,249384
photo-0306-02,000007,249570,9.585992813110352,0.0,9.585992813110352,0,,,36.00144958496094,39.95313262939453,9.585992813110352,249056,0.5271517634391785,0.8181814531671592,36.22276306152344,40.57633590698242,9.585992813110352,249315,0.5650311708450317,0.8619256763532078,35.26817321777344,40.02198028564453,9.585992813110352,249386,0.6024079918861389,0.8732887972861347,34.00434875488281,39.0418815612793,9.585992813110352,249470,0.616948664188385,0.8662965486832084,34.00434875488281,39.0418815612793,9.585992813110352,249470,0.616948664188385,0.8662965486832084,958,792,0.826722338204593,4,64.0,98.53923034667969,3842,1951,0.5078084331077564,4,32.0,56.505855560302734,15473,8290,0.5357719899179215,4,16.0,40.26039505004883,33.954647064208984,0.5062347054481506,377.93585205078125,249570,0.9520339965820312,249570
photo-0306-02,000008,249733,9.568048477172852,0.0,9.568048477172852,0,,,30.122753143310547,33.191104888916016,9.568048477172852,248362,0.43873584270477295,0.7797328093669724,26.956748962402344,31.09568977355957,9.568048477172852,249733,0.5161597728729248,0.8578121433691183,25.704730987548828,29.842994689941406,9.568048477172852,249171,0.5432060360908508,0.8696758451023594,24.435955047607422,28.84313201904297,9.568048477172852,249423,0.5437824130058289,0.8510041175031974,24.435955047607422,28.84313201904297,9.568048477172852,249423,0.5437824130058289,0.8510041175031974,961,836,0.8699271592091571,4,64.0,92.7087631225586,3843,2684,0.6984126984126984,4,32.0,47.61014175415039,15483,9798,0.6328230962991668,4,16.0,33.76401901245117,24.329126358032227,0.5228103399276733,378.15338134765625,249733,0.9526557922363281,249733
photo-0306-02,000009,250451,8.033295631408691,0.0,8.033295631408691,0,,,25.458768844604492,28.155981063842773,8.033295631408691,249163,0.445476770401001,0.7685771964537271,17.744895935058594,21.821455001831055,8.033295631408691,250395,0.6187525391578674,0.8782803170989836,16.59639549255371,21.117759704589844,8.033295631408691,249801,0.6868495345115662,0.8897602491583301,15.287775039672852,20.55919647216797,8.033295631408691,249598,0.7460601925849915,0.9019222910439988,15.287775039672852,20.55919647216797,8.033295631408691,249598,0.7460601925849915,0.9019222910439988,959,897,0.935349322210636,4,64.0,81.94136810302734,3842,3468,0.9026548672566371,4,32.0,49.871883392333984,15497,12191,0.7866683874298251,4,16.0,27.809476852416992,15.206315994262695,0.4997078478336334,308.64739990234375,250451,0.9553947448730469,250451
photo-0306-02,000010,250465,7.9823737144470215,0.0,7.9823737144470215,0,,,33.76836395263672,36.423919677734375,7.9823737144470215,249873,0.40193620324134827,0.760386276228324,34.012672424316406,37.03767395019531,7.9823737144470215,250240,0.4579213559627533,0.8333200127877238,33.120052337646484,36.44624710083008,7.9823737144470215,250043,0.5006650686264038,0.8434669236891255,32.40918731689453,36.08396911621094,7.9823737144470215,250137,0.5165711641311646,0.8431459560161032,32.40918731689453,36.08396911621094,7.9823737144470215,250137,0.5165711641311646,0.8431459560161032,956,787,0.8232217573221757,4,64.0,100.0577621459961,3844,1988,0.5171696149843913,4,32.0,52.9362907409668,15502,8760,0.5650883756934589,4,16.0,38.8882942199707,32.28321075439453,0.508242666721344,320.60107421875,250465,0.9554481506347656,250465
photo-0306-02,000011,250763,7.528867244720459,0.0,7.528867244720459,0,,,25.900239944458008,27.94684410095215,7.528867244720459,249719,0.31737181544303894,0.7183474225028933,18.355478286743164,21.54146385192871,7.528867244720459,250621,0.46195271611213684,0.8090024379441467,17.46937370300293,20.808399200439453,7.528867244720459,249895,0.4993501305580139,0.8217131195101943,16.896089553833008,20.796457290649414,7.528867244720459,250359,0.5399777293205261,0.8203100347900415,16.896089553833008,20.796457290649414,7.528867244720459,250359,0.5399777293205261,0.8203100347900415,959,878,0.9155370177267987,4,64.0,90.78450775146484,3846,3455,0.8983359334373375,4,32.0,46.78078079223633,15520,12123,0.7811211340206186,4,16.0,27.33561134338379,16.82758140563965,0.5257554054260254,287.1553039550781,250763,0.9565849304199219,250763
photo-0306-02,000012,251060,6.786811351776123,0.0,6.786811351776123,0,,,32.30840301513672,34.06425857543945,6.786811351776123,247632,0.269256591796875,0.6927658784002068,27.74732780456543,29.93988609313965,6.786811351776123,248196,0.36296790838241577,0.7674620058340988,26.26642608642578,28.834667205810547,6.786811351776123,248136,0.4098588526248932,0.7823693458426024,25.131502151489258,28.102527618408203,6.786811351776123,248205,0.4487472474575043,0.7816482343224351,25.131502151489258,28.102527618408203,6.786811351776123,248205,0.4487472474575043,0.7816482343224351,954,802,0.8406708595387841,4,64.0,101.99995422363281,3850,2762,0.7174025974025974,4,32.0,53.70790100097656,15541,10038,0.645904381957403,4,16.0,34.35870361328125,25.031360626220703,0.4823787212371826,260.0997619628906,251060,0.9577178955078125,251060
photo-0306-02,000013,251250,6.111917018890381,0.0,6.111917018890381,0,,,34.079063415527344,34.60260009765625,6.111917018890381,245698,0.10610434412956238,0.5523935888774023,32.08794403076172,32.941978454589844,6.111917018890381,245496,0.18007250130176544,0.5521515625509174,30.84630012512207,31.961078643798828,6.111917018890381,245816,0.24383680522441864,0.5863369349432096,29.876873016357422,31.252973556518555,6.111917018890381,245944,0.2636575996875763,0.6031535634128095,29.876873016357422,31.252973556518555,6.111917018890381,245944,0.2636575996875763,0.6031535634128095,941,780,0.8289054197662061,4,64.0,103.30751037597656,3851,2372,0.6159439106725526,4,32.0,55.819580078125,15532,9074,0.5842132371877414,4,16.0,37.74951934814453,29.706661224365234,0.4704185724258423,243.01406860351562,251250,0.9584426879882812,251250
photo-0306-02,000014,251444,5.915754795074463,0.0,5.915754795074463,0,,,25.63849639892578,27.426403045654297,5.915754795074463,244459,0.33322376012802124,0.7106876817789486,21.406112670898438,23.57294464111328,5.915754795074463,244745,0.4428461790084839,0.8201352428037345,20.451505661010742,22.530916213989258,5.915754795074463,243190,0.43852320313453674,0.8422180188330112,20.302762985229492,22.497196197509766,5.915754795074463,244778,0.44599130749702454,0.8344091380761343,20.302762985229492,22.497196197509766,5.915754795074463,244778,0.44599130749702454,0.8344091380761343,945,886,0.9375661375661376,4,64.0,82.51020050048828,3857,3166,0.8208452164894996,4,32.0,45.91084289550781,15540,11337,0.7295366795366796,4,16.0,30.438844680786133,20.185029983520508,0.4867074489593506,176.73135375976562,251444,0.9591827392578125,251444
photo-0306-02,000015,251553,6.049962997436523,0.0,6.049962997436523,0,,,27.912677764892578,29.39287567138672,6.049962997436523,245558,0.26714444160461426,0.6546477817867876,23.77728843688965,25.553688049316406,6.049962997436523,245042,0.34433844685554504,0.7238432595228573,23.16937828063965,24.894895553588867,6.049962997436523,244620,0.3522200584411621,0.7088259341018723,23.328399658203125,25.0510311126709,6.049962997436523,245613,0.3399745523929596,0.6867103939938033,23.328399658203125,25.0510311126709,6.049962997436523,245613,0.3399745523929596,0.6867103939938033,943,849,0.9003181336161188,4,64.0,83.81327819824219,3859,2923,0.7574501166105209,4,32.0,47.04718017578125,15558,10409,0.6690448643784548,4,16.0,31.346656799316406,23.22224235534668,0.48198723793029785,190.6573486328125,251553,0.9595985412597656,251553
photo-0306-02,000016,251977,5.499863147735596,0.0,5.499863147735596,0,,,29.537654876708984,31.317842483520508,5.499863147735596,244228,0.346470445394516,0.6907234223758127,24.933029174804688,27.377843856811523,5.499863147735596,244262,0.447639137506485,0.7517092302527614,24.628372192382812,27.188623428344727,5.499863147735596,245280,0.4707537293434143,0.7731572080887149,24.493061065673828,27.03972625732422,5.499863147735596,245091,0.4579654335975647,0.7621944502246104,24.493061065673828,27.03972625732422,5.499863147735596,245091,0.4579654335975647,0.7621944502246104,943,850,0.9013785790031813,4,64.0,80.56365966796875,3867,2746,0.7101111973105767,4,32.0,45.93476867675781,15575,9629,0.6182343499197431,4,16.0,30.711965560913086,24.42184066772461,0.44878700375556946,173.60581970214844,251977,0.9612159729003906,251977
photo-0306-02,000017,251827,6.4051690101623535,0.0,6.4051690101623535,0,,,33.522216796875,35.316444396972656,6.4051690101623535,244289,0.34485527873039246,0.6854013074677943,32.01244354248047,34.19038391113281,6.4051690101623535,244489,0.40723738074302673,0.7686153569281235,31.181123733520508,33.178504943847656,6.4051690101623535,243540,0.3656752109527588,0.7518805945635214,30.49717903137207,32.40999984741211,6.4051690101623535,243361,0.3429250419139862,0.7394323659090816,30.49717903137207,32.40999984741211,6.4051690101623535,243361,0.3429250419139862,0.7394323659090816,946,819,0.8657505285412262,4,64.0,87.9513931274414,3862,2251,0.5828586224754013,4,32.0,51.78144836425781,15585,8344,0.5353865896695541,4,16.0,35.23414993286133,30.346294403076172,0.4777287542819977,171.5186309814453,251827,0.9606437683105469,251827
photo-0306-02,000018,252125,6.1764817237854,0.0,6.1764817237854,0,,,28.71194839477539,30.149124145507812,6.1764817237854,245003,0.3038615584373474,0.6416166332657152,24.788286209106445,26.75720977783203,6.1764817237854,245097,0.41146689653396606,0.7783571402342746,24.19525146484375,25.882875442504883,6.1764817237854,243991,0.3509121239185333,0.7402199261448168,24.160816192626953,25.812715530395508,6.1764817237854,242998,0.3434348702430725,0.7288743117227302,24.160816192626953,25.812715530395508,6.1764817237854,242998,0.3434348702430725,0.7288743117227302,949,861,0.9072708113804004,4,64.0,82.78004455566406,3862,2854,0.7389953392024857,4,32.0,45.66596221923828,15604,9717,0.6227249423224814,4,16.0,30.56426239013672,24.05712127685547,0.4562102258205414,150.67910766601562,252125,0.9617805480957031,252125
photo-0306-02,000019,252394,6.275463581085205,0.0,6.275463581085205,0,,,19.34278678894043,20.428049087524414,6.275463581085205,244939,0.35754695534706116,0.6967898129738425,11.100983619689941,13.31209945678711,6.275463581085205,245039,0.5744327902793884,0.8378992731769228,10.195252418518066,12.144426345825195,6.275463581085205,242921,0.5447959303855896,0.8067808052823757,9.823436737060547,11.77446174621582,6.275463581085205,243891,0.546718955039978,0.8215145290314115,9.823436737060547,11.77446174621582,6.275463581085205,243891,0.546718955039978,0.8215145290314115,952,947,0.9947478991596639,4,64.0,74.71925354003906,3876,3876,1.0,4,32.0,,15614,14206,0.9098245164595875,4,16.0,22.80486297607422,9.75883674621582,0.4468066990375519,137.6795196533203,252394,0.9628067016601562,252394
photo-0306-02,000020,252746,6.0207133293151855,0.0,6.0207133293151855,0,,,26.097980499267578,27.339378356933594,6.0207133293151855,245773,0.34665194153785706,0.7003779910730633,21.45842933654785,23.86496925354004,6.0207133293151855,245844,0.5274804830551147,0.8655082084573957,20.885133743286133,23.091890335083008,6.0207133293151855,243199,0.4987345039844513,0.8877914794057541,20.037353515625,22.60287094116211,6.0207133293151855,244565,0.5325230956077576,0.938073722732198,20.037353515625,22.60287094116211,6.0207133293151855,244565,0.5325230956077576,0.938073722732198,952,914,0.9600840336134454,4,64.0,72.10929107666016,3878,3226,0.8318720990201135,4,32.0,40.73154830932617,15640,10640,0.680306905370844,4,16.0,29.06128692626953,19.94527244567871,0.44434070587158203,136.28944396972656,252746,0.9641494750976562,252746
photo-0306-02,000021,253012,6.067368984222412,0.0,6.067368984222412,0,,,25.801040649414062,26.696208953857422,6.067368984222412,248384,0.30743107199668884,0.6434110087606287,22.75527000427246,23.962997436523438,6.067368984222412,248470,0.3646329641342163,0.7439167706362941,22.227630615234375,23.152557373046875,6.067368984222412,247317,0.30585724115371704,0.700420917284295,22.23476219177246,22.976459503173828,6.067368984222412,245436,0.2699684798717499,0.6704721393764566,22.23476219177246,22.976459503173828,6.067368984222412,245436,0.2699684798717499,0.6704721393764566,953,908,0.9527806925498427,4,64.0,72.80176544189453,3888,2941,0.7564300411522634,4,32.0,42.62141036987305,15668,10085,0.6436686239468982,4,16.0,28.822479248046875,22.173295974731445,0.4383942186832428,136.64305114746094,253012,0.9651641845703125,253012
photo-0306-02,000022,253596,5.418069362640381,0.0,5.418069362640381,0,,,33.81938552856445,33.82880783081055,5.418069362640381,248651,0.20392824709415436,0.6003112796650727,34.11585998535156,34.082427978515625,5.418069362640381,248716,0.16732242703437805,0.5128660801878447,33.07714080810547,32.907684326171875,5.418069362640381,247904,0.12147185951471329,0.49763618174777335,32.874019622802734,32.432987213134766,5.418069362640381,247088,0.05946769192814827,0.4671129314252412,32.874019622802734,32.432987213134766,5.418069362640381,247088,0.05946769192814827,0.4671129314252412,954,823,0.8626834381551363,4,64.0,87.73079681396484,3904,2208,0.5655737704918032,4,32.0,55.00498580932617,15695,8122,0.5174896463841988,4,16.0,37.16853332519531,32.757423400878906,0.41292187571525574,103.52476501464844,253596,0.9673919677734375,253596
photo-0306-02,000023,253220,6.996693134307861,0.0,6.996693134307861,0,,,33.31529998779297,35.30913543701172,6.996693134307861,253220,0.43522605299949646,0.7034910354632335,33.306888580322266,35.27190399169922,6.996693134307861,252859,0.3778681755065918,0.7248782918543536,32.526519775390625,34.25495147705078,6.996693134307861,251920,0.33919787406921387,0.6919339472848524,32.17510223388672,33.5161018371582,6.996693134307861,251638,0.24744707345962524,0.6341530293516877,32.17510223388672,33.5161018371582,6.996693134307861,251638,0.24744707345962524,0.6341530293516877,961,880,0.9157127991675338,4,64.0,78.74632263183594,3910,2496,0.6383631713554987,4,32.0,52.526405334472656,15701,8720,0.5553786383032928,4,16.0,40.20454788208008,32.12306213378906,0.4989798069000244,195.12208557128906,253220,0.9659576416015625,253220
photo-0306-02,000024,254218,4.951048851013184,0.0,4.951048851013184,0,,,24.6190242767334,25.394149780273438,4.951048851013184,248727,0.33658090233802795,0.699823501268459,24.1896915435791,25.234708786010742,4.951048851013184,248694,0.3641805052757263,0.7535485375602146,23.440067291259766,24.304716110229492,4.951048851013184,246881,0.300038605928421,0.6996123638514102,22.946380615234375,23.67479705810547,4.951048851013184,248005,0.2592276930809021,0.6547287353077559,22.946380615234375,23.67479705810547,4.951048851013184,248005,0.2592276930809021,0.6547287353077559,957,921,0.9623824451410659,4,64.0,74.47113037109375,3913,2864,0.7319192435471505,4,32.0,44.21269607543945,15724,10202,0.6488170948867973,4,16.0,30.38690948486328,22.839218139648438,0.41309690475463867,98.77838897705078,254218,0.9697647094726562,254218
photo-0306-02,000025,254464,5.001194477081299,0.0,5.001194477081299,0,,,28.589454650878906,30.015213012695312,5.001194477081299,252330,0.42967069149017334,0.7344271390639242,25.32704734802246,26.97644805908203,5.001194477081299,251694,0.45348086953163147,0.8341517874879815,24.098400115966797,25.59660530090332,5.001194477081299,251038,0.4116576611995697,0.8049657820728336,23.238948822021484,24.565122604370117,5.001194477081299,250953,0.35898828506469727,0.7558586667623021,23.238948822021484,24.565122604370117,5.001194477081299,250953,0.35898828506469727,0.7558586667623021,959,882,0.9197080291970803,4,64.0,83.04649353027344,3922,2917,0.7437531871494135,4,32.0,43.66458511352539,15745,10230,0.64973007303906,4,16.0,31.427663803100586,23.16655158996582,0.41284817457199097,105.71562957763672,254464,0.970703125,254464
photo-0306-02,000026,254434,5.599751949310303,0.0,5.599751949310303,0,,,31.540040969848633,32.06542205810547,5.599751949310303,254278,0.2823965549468994,0.6651381558766389,31.74500846862793,31.820938110351562,5.599751949310303,253846,0.16725274920463562,0.5724494378481442,30.880422592163086,30.826040267944336,5.599751949310303,253584,0.1344534456729889,0.5665341661934507,30.651371002197266,30.29117202758789,5.599751949310303,253104,0.0620257742702961,0.5090160566407484,30.651371002197266,30.29117202758789,5.599751949310303,253104,0.0620257742702961,0.5090160566407484,961,858,0.8928199791883454,4,64.0,85.83952331542969,3936,2427,0.6166158536585366,4,32.0,51.610443115234375,15750,8405,0.5336507936507936,4,16.0,35.8099250793457,30.558408737182617,0.4276407063007355,121.9874038696289,254434,0.9705886840820312,254434
photo-0306-02,000027,254287,6.340958118438721,0.0,6.340958118438721,0,,,38.254547119140625,39.32223129272461,6.340958118438721,253786,0.3190203905105591,0.6859755857297093,42.00810623168945,42.26556396484375,6.340958118438721,254081,0.1862388402223587,0.5908942423872702,41.21283721923828,41.326900482177734,6.340958118438721,253939,0.17256885766983032,0.5849160625189515,40.256629943847656,40.13069534301758,6.340958118438721,253219,0.13239915668964386,0.5523084760622228,40.256629943847656,40.13069534301758,6.340958118438721,253219,0.13239915668964386,0.5523084760622228,961,811,0.8439125910509886,4,64.0,94.51592254638672,3940,1704,0.43248730964467,4,32.0,59.56584548950195,15758,6904,0.4381266658205356,4,16.0,42.458580017089844,40.21062088012695,0.47157347202301025,188.06716918945312,254287,0.9700279235839844,254287
photo-0306-02,000028,255079,4.880550861358643,0.0,4.880550861358643,0,,,37.2145881652832,38.400699615478516,4.880550861358643,254650,0.3743518590927124,0.6809306891812291,37.099918365478516,37.709049224853516,4.880550861358643,254652,0.2622479200363159,0.5974781270125504,36.184505462646484,36.64909744262695,4.880550861358643,254684,0.2236827313899994,0.5733772046928743,34.8258171081543,35.05905532836914,4.880550861358643,253699,0.14944392442703247,0.5369197355921781,34.8258171081543,35.05905532836914,4.880550861358643,253699,0.14944392442703247,0.5369197355921781,961,815,0.8480749219562955,4,64.0,97.93807220458984,3942,1969,0.49949264332825977,4,32.0,53.79835510253906,15779,7298,0.4625134672666202,4,16.0,37.73554611206055,34.77170181274414,0.4193785786628723,129.93359375,255079,0.9730491638183594,255079
photo-0306-02,000029,254924,5.379910945892334,0.0,5.379910945892334,0,,,37.93513488769531,39.637916564941406,5.379910945892334,254865,0.45351994037628174,0.7528024640495948,37.856422424316406,39.27892303466797,5.379910945892334,254924,0.3985663056373596,0.8345624578305691,36.86547088623047,38.11273956298828,5.379910945892334,254749,0.36596545577049255,0.8250945047870649,35.81135940551758,36.676692962646484,5.379910945892334,254611,0.2756819725036621,0.7533020961388157,35.81135940551758,36.676692962646484,5.379910945892334,254611,0.2756819725036621,0.7533020961388157,961,804,0.8366285119667014,4,64.0,101.64071655273438,3944,2177,0.5519776876267748,4,32.0,57.799686431884766,15770,7574,0.48027901077996193,4,16.0,39.312992095947266,35.79244613647461,0.42566803097724915,157.8736114501953,254924,0.9724578857421875,254924
photo-0306-02,000030,254898,5.469281196594238,0.0,5.469281196594238,0,,,30.77432632446289,32.85647964477539,5.469281196594238,254302,0.4949769377708435,0.7911498926473248,25.47362518310547,28.085987091064453,5.469281196594238,254898,0.6040734648704529,0.9826832693861859,24.266008377075195,26.773305892944336,5.469281196594238,254898,0.5946530103683472,0.9868339492659809,23.58223533630371,25.90483283996582,5.469281196594238,254639,0.5493726134300232,0.9590047086267225,23.58223533630371,25.90483283996582,5.469281196594238,254639,0.5493726134300232,0.9590047086267225,961,843,0.8772112382934444,4,64.0,95.40528106689453,3931,3141,0.7990333248537268,4,32.0,50.376163482666016,15796,9927,0.6284502405672322,4,16.0,31.480022430419922,23.539493560791016,0.42996543645858765,180.27703857421875,254898,0.9723587036132812,254898
photo-0306-02,000031,256036,3.3578779697418213,0.0,3.3578779697418213,0,,,33.38487243652344,34.21304702758789,3.3578779697418213,245718,0.3899855613708496,0.6942714819427148,33.58217239379883,34.307533264160156,3.3578779697418213,245894,0.36457037925720215,0.7027092975021757,32.51939392089844,33.148990631103516,3.3578779697418213,245460,0.3335641324520111,0.6824370569542899,31.781503677368164,32.37275695800781,3.3578779697418213,244072,0.3158349394798279,0.6669507358484381,31.781503677368164,32.37275695800781,3.3578779697418213,244072,0.3158349394798279,0.6669507358484381,961,827,0.8605619146722164,4,64.0,103.24004364013672,3906,2068,0.5294418842805939,4,32.0,51.118316650390625,15876,8017,0.504976064499874,4,16.0,34.8641471862793,31.666593551635742,0.34883636236190796,69.50495147705078,256036,0.9766998291015625,256036
photo-0306-02,000032,255424,5.0580596923828125,0.0,5.0580596923828125,0,,,31.64187240600586,32.20246124267578,5.0580596923828125,254921,0.2474357783794403,0.6192506698153546,32.18108367919922,32.472373962402344,5.0580596923828125,255424,0.24368630349636078,0.5732781571034828,31.263198852539062,31.357133865356445,5.0580596923828125,254908,0.22423313558101654,0.5759528928083858,30.663009643554688,30.611122131347656,5.0580596923828125,255343,0.19021600484848022,0.58127694904501,30.663009643554688,30.611122131347656,5.0580596923828125,255343,0.19021600484848022,0.58127694904501,961,846,0.8803329864724245,4,64.0,93.49153900146484,3969,2201,0.5545477450239354,4,32.0,48.68940734863281,15798,7895,0.49974680339283456,4,16.0,33.64710998535156,30.553977966308594,0.4404180347919464,189.8275909423828,255424,0.974365234375,255424
photo-0306-02,000033,255820,3.827531099319458,0.0,3.827531099319458,0,,,37.32778549194336,38.0830078125,3.827531099319458,248209,0.3279556334018707,0.6375675338122309,40.42978286743164,40.869686126708984,3.827531099319458,248502,0.26475200057029724,0.5921843687374749,39.25495147705078,39.56793975830078,3.827531099319458,247531,0.2291407734155655,0.5798829237550044,38.82352066040039,39.0221061706543,3.827531099319458,247505,0.1834576427936554,0.5705904931213511,38.82352066040039,39.0221061706543,3.827531099319458,247505,0.1834576427936554,0.5705904931213511,961,792,0.8241415192507804,4,64.0,103.99232482910156,3915,1795,0.45849297573435505,4,32.0,59.24143600463867,15849,6958,0.4390182345889331,4,16.0,39.55323791503906,38.769405364990234,0.3778190314769745,111.43976593017578,255820,0.9758758544921875,255820
photo-0306-02,000034,255714,4.189538955688477,0.0,4.189538955688477,0,,,32.69681167602539,32.681671142578125,4.189538955688477,249242,0.13338103890419006,0.5170517007566943,33.55848693847656,33.276336669921875,4.189538955688477,249307,0.08139608800411224,0.42204190014720805,32.419254302978516,31.942686080932617,4.189538955688477,248867,0.05105102062225342,0.40721750975420606,31.27967071533203,30.729061126708984,4.189538955688477,248539,0.03158990666270256,0.3976518775725339,31.27967071533203,30.729061126708984,4.189538955688477,248539,0.03158990666270256,0.3976518775725339,961,833,0.8668054110301769,4,64.0,97.00335693359375,3952,2156,0.5455465587044535,4,32.0,52.705257415771484,15791,8339,0.5280856183902223,4,16.0,35.8118782043457,31.228424072265625,0.40723490715026855,156.16261291503906,255714,0.9754714965820312,255714
photo-0306-02,000035,255869,2.987828493118286,0.0,2.987828493118286,0,,,38.82309341430664,39.440799713134766,2.987828493118286,232107,0.33106178045272827,0.6430094740787654,37.22618103027344,37.42434310913086,2.987828493118286,231982,0.13123109936714172,0.46227724564836925,35.73107147216797,35.86879348754883,2.987828493118286,231282,0.13885340094566345,0.48432649319877896,34.95420455932617,35.014808654785156,2.987828493118286,230910,0.12328781932592392,0.4808973193018925,34.95420455932617,35.014808654785156,2.987828493118286,230910,0.12328781932592392,0.4808973193018925,965,791,0.8196891191709844,4,64.0,107.86702728271484,3907,2007,0.5136933708727924,4,32.0,56.45522689819336,15763,7484,0.4747827190255662,4,16.0,37.450592041015625,34.88639450073242,0.3419914245605469,102.80992126464844,255869,0.9760627746582031,255869
photo-0306-02,000036,255781,3.038364887237549,0.0,3.038364887237549,0,,,35.2361946105957,35.76979446411133,3.038364887237549,233424,0.24572399258613586,0.5991072040578518,36.49843978881836,36.812740325927734,3.038364887237549,233587,0.11376138776540756,0.47445705454498754,34.90833282470703,35.166900634765625,3.038364887237549,232169,0.11793006956577301,0.4856720750832368,34.75682830810547,35.00712203979492,3.038364887237549,231558,0.13702338933944702,0.4960096390537144,34.75682830810547,35.00712203979492,3.038364887237549,231558,0.13702338933944702,0.4960096390537144,965,799,0.827979274611399,4,64.0,97.8121566772461,3905,2051,0.5252240717029449,4,32.0,55.32654571533203,15768,7729,0.49016996448503297,4,16.0,36.85308074951172,34.71122741699219,0.34721240401268005,109.20101928710938,255781,0.9757270812988281,255781
photo-0306-02,000037,255629,3.465599536895752,0.0,3.465599536895752,0,,,34.23215866088867,34.21763229370117,3.465599536895752,241489,-0.0022029452957212925,0.445022340562096,32.149288177490234,31.811805725097656,3.465599536895752,241223,-0.12515199184417725,0.2992500715105939,30.686254501342773,30.458528518676758,3.465599536895752,239742,-0.07571502774953842,0.3266720057395033,30.493751525878906,30.215612411499023,3.465599536895752,240158,-0.11125817149877548,0.324952739446531,30.493751525878906,30.215612411499023,3.465599536895752,240158,-0.11125817149877548,0.324952739446531,967,816,0.843846949327818,4,64.0,101.37187957763672,3913,2566,0.6557628418093534,4,32.0,55.693809509277344,15773,8678,0.5501806885183541,4,16.0,35.37755584716797,30.261884689331055,0.3670305907726288,166.45741271972656,255629,0.9751472473144531,255629
photo-0306-02,000038,255562,2.7924232482910156,0.0,2.7924232482910156,0,,,32.20464324951172,32.92409133911133,2.7924232482910156,239158,0.2874543070793152,0.6850910276888083,27.696090698242188,28.635610580444336,2.7924232482910156,239197,0.3097063899040222,0.7340769324029983,26.419532775878906,27.4600830078125,2.7924232482910156,237933,0.3745127320289612,0.7662114965137244,26.424509048461914,27.52841567993164,2.7924232482910156,238260,0.3880317211151123,0.7805086879879124,26.424509048461914,27.52841567993164,2.7924232482910156,238260,0.3880317211151123,0.7805086879879124,967,818,0.8459152016546019,4,64.0,93.32316589355469,3875,2760,0.712258064516129,4,32.0,52.37318420410156,15774,10185,0.6456827691137315,4,16.0,33.891998291015625,26.270151138305664,0.3288034498691559,114.86028289794922,255562,0.9748916625976562,255562
photo-0306-02,000039,255516,2.765263319015503,0.0,2.765263319015503,0,,,37.87809753417969,38.24492645263672,2.765263319015503,237266,0.1349782794713974,0.5251279155041177,39.720340728759766,40.0810661315918,2.765263319015503,237519,0.10171151161193848,0.5066121026107385,38.21168518066406,38.67147445678711,2.765263319015503,236104,0.15712110698223114,0.5234811777860604,37.54823684692383,38.102596282958984,2.765263319015503,235772,0.184931218624115,0.5344951902685645,37.54823684692383,38.102596282958984,2.765263319015503,235772,0.184931218624115,0.5344951902685645,968,755,0.7799586776859504,4,64.0,97.9000244140625,3874,2082,0.537429013939081,4,32.0,64.03081512451172,15784,7995,0.5065255955397872,4,16.0,42.37862014770508,37.43996810913086,0.3395651578903198,127.62981414794922,255516,0.9747161865234375,255516
photo-0306-02,000040,255425,3.010514736175537,0.0,3.010514736175537,0,,,35.138248443603516,35.84016036987305,3.010514736175537,241363,0.2798331379890442,0.7149231655224703,35.17902755737305,36.000301361083984,3.010514736175537,241663,0.2626970112323761,0.6701729267616474,34.15055465698242,35.16352462768555,3.010514736175537,241084,0.3522306978702545,0.7037132285842279,33.2836799621582,34.58750534057617,3.010514736175537,240662,0.4335051476955414,0.7484438756430181,33.2836799621582,34.58750534057617,3.010514736175537,240662,0.4335051476955414,0.7484438756430181,964,776,0.8049792531120332,4,64.0,97.30731964111328,3881,2321,0.5980417418191187,4,32.0,59.30054473876953,15761,8734,0.55415265528837,4,16.0,39.343833923339844,33.12642288208008,0.3404287099838257,147.1165771484375,255425,0.9743690490722656,255425
photo-0306-02,000041,255272,3.4187419414520264,0.0,3.4187419414520264,0,,,31.99061393737793,32.522274017333984,3.4187419414520264,241870,0.3088406026363373,0.7488154793897548,27.995803833007812,29.018903732299805,3.4187419414520264,241162,0.390738844871521,0.772986623099825,27.36111068725586,28.754730224609375,3.4187419414520264,241900,0.49013611674308777,0.8209838776353865,27.271465301513672,28.99643898010254,3.4187419414520264,241352,0.5646392107009888,0.8451846266034672,27.271465301513672,28.99643898010254,3.4187419414520264,241352,0.5646392107009888,0.8451846266034672,964,807,0.8371369294605809,4,64.0,98.03823852539062,3895,2682,0.6885750962772785,4,32.0,51.91973114013672,15771,10288,0.65233656711686,4,16.0,35.7601432800293,27.131778717041016,0.3571471571922302,168.77442932128906,255272,0.973785400390625,255272
photo-0306-02,000042,255311,3.1394059658050537,0.0,3.1394059658050537,0,,,36.27949523925781,36.524139404296875,3.1394059658050537,241731,0.14228427410125732,0.6195895437490434,37.338504791259766,38.086429595947266,3.1394059658050537,242725,0.23410436511039734,0.6821876609331549,36.22747802734375,37.21088409423828,3.1394059658050537,242475,0.3272804617881775,0.7158346221259924,36.06386947631836,37.34368896484375,3.1394059658050537,241283,0.4037763178348541,0.7470066270727734,36.06386947631836,37.34368896484375,3.1394059658050537,241283,0.4037763178348541,0.7470066270727734,962,767,0.7972972972972973,4,64.0,95.13671875,3884,2193,0.5646240988671473,4,32.0,60.968162536621094,15753,8310,0.5275185678918302,4,16.0,40.92995834350586,35.92876052856445,0.3415181338787079,148.16331481933594,255311,0.9739341735839844,255311
photo-0306-02,000043,255077,3.9613711833953857,0.0,3.9613711833953857,0,,,32.56907272338867,32.45336151123047,3.9613711833953857,244037,0.10727681964635849,0.5282026905756094,31.389543533325195,31.49785614013672,3.9613711833953857,244622,0.08950958400964737,0.5594917873290219,30.38365364074707,31.06700897216797,3.9613711833953857,244541,0.22786766290664673,0.6174833667973878,30.371313095092773,31.787261962890625,3.9613711833953857,244436,0.36809614300727844,0.694275802254987,30.371313095092773,31.787261962890625,3.9613711833953857,244436,0.36809614300727844,0.694275802254987,962,809,0.840956340956341,4,64.0,93.22883605957031,3907,2453,0.6278474532889685,4,32.0,54.17660903930664,15772,9150,0.5801420238397159,4,16.0,35.324188232421875,30.28365707397461,0.39667367935180664,228.70448303222656,255077,0.9730415344238281,255077
photo-0306-02,000044,255075,4.000268936157227,0.0,4.000268936157227,0,,,41.06467819213867,41.07229995727539,4.000268936157227,242578,0.050144582986831665,0.5221248423187593,43.83086013793945,43.81953811645508,4.000268936157227,243520,-0.00801119115203619,0.47955814717477,42.50390625,42.85478591918945,4.000268936157227,243356,0.08503183722496033,0.5165559920445767,42.05097579956055,43.20873260498047,4.000268936157227,243321,0.23141375184059143,0.5971946523316936,42.05097579956055,43.20873260498047,4.000268936157227,243321,0.23141375184059143,0.5971946523316936,962,728,0.7567567567567568,4,64.0,104.02395629882812,3907,2007,0.5136933708727924,4,32.0,69.73143768310547,15786,7469,0.473140757633346,4,16.0,45.49467468261719,41.95387268066406,0.3993322253227234,250.96498107910156,255075,0.9730339050292969,255075
photo-0306-02,000045,254893,4.540863990783691,0.0,4.540863990783691,0,,,44.265499114990234,44.341087341308594,4.540863990783691,245163,0.11712346225976944,0.5579675562788838,50.07944869995117,50.3378791809082,4.540863990783691,245420,0.08365333825349808,0.545420096161682,48.410884857177734,49.1066780090332,4.540863990783691,245451,0.17443838715553284,0.5874899674476779,47.576393127441406,48.674739837646484,4.540863990783691,244821,0.24676375091075897,0.6186805870411444,47.576393127441406,48.674739837646484,4.540863990783691,244821,0.24676375091075897,0.6186805870411444,962,711,0.739085239085239,4,64.0,114.11079406738281,3912,1711,0.4373721881390593,4,32.0,74.82154083251953,15770,6703,0.42504755865567534,4,16.0,49.2786750793457,47.4560546875,0.42738980054855347,281.3875427246094,254893,0.9723396301269531,254893
photo-0306-02,000046,255082,4.31736946105957,0.0,4.31736946105957,0,,,35.01991271972656,34.75242233276367,4.31736946105957,245602,0.0689694881439209,0.47327790490305455,32.9588508605957,33.091915130615234,4.31736946105957,245424,0.10666600614786148,0.5524806049938067,31.76852035522461,32.5565185546875,4.31736946105957,245436,0.23717302083969116,0.61063984093613,31.591943740844727,32.7446174621582,4.31736946105957,245396,0.31491318345069885,0.6515468874798285,31.591943740844727,32.7446174621582,4.31736946105957,245396,0.31491318345069885,0.6515468874798285,963,791,0.8213914849428868,4,64.0,96.83029174804688,3913,2328,0.5949399437771531,4,32.0,55.376243591308594,15782,9228,0.5847167659358763,4,16.0,37.77378845214844,31.515127182006836,0.41753894090652466,264.3756103515625,255082,0.9730606079101562,255082
photo-0306-02,000047,255080,4.651706218719482,0.0,4.651706218719482,0,,,40.57758331298828,40.110809326171875,4.651706218719482,247081,0.06018413230776787,0.4673406696589378,42.696781158447266,42.89096450805664,4.651706218719482,246312,0.10821680724620819,0.56074815680925,40.94577407836914,41.6978874206543,4.651706218719482,246332,0.22110195457935333,0.6126893785622656,40.91677474975586,41.9876708984375,4.651706218719482,246868,0.2543087899684906,0.630450281121895,40.91677474975586,41.9876708984375,4.651706218719482,246868,0.2543087899684906,0.630450281121895,964,744,0.7717842323651453,4,64.0,95.2710189819336,3915,1788,0.4567049808429119,4,32.0,64.36900329589844,15788,7079,0.4483785153280973,4,16.0,42.30010986328125,40.907257080078125,0.4525599777698517,275.61944580078125,255080,0.973052978515625,255080
photo-0306-02,000048,255296,4.433987140655518,0.0,4.433987140655518,0,,,32.063148498535156,31.554990768432617,4.433987140655518,244963,-0.014806192368268967,0.43857235582516546,33.918731689453125,34.055458068847656,4.433987140655518,244225,0.077263742685318,0.5179240454498926,32.609107971191406,33.23066711425781,4.433987140655518,244795,0.15322712063789368,0.5574337711146061,32.81803512573242,33.54597091674805,4.433987140655518,244659,0.1724364310503006,0.5584221303937317,32.81803512573242,33.54597091674805,4.433987140655518,244659,0.1724364310503006,0.5584221303937317,966,824,0.8530020703933747,4,64.0,89.72129821777344,3920,2320,0.5918367346938775,4,32.0,57.737396240234375,15809,8506,0.5380479473717503,4,16.0,37.552425384521484,32.76557922363281,0.4558016359806061,289.65667724609375,255296,0.973876953125,255296
photo-0306-02,000049,255180,5.067237854003906,0.0,5.067237854003906,0,,,38.52841567993164,37.08869934082031,5.067237854003906,246211,-0.19467796385288239,0.35032147223316584,35.161216735839844,34.137603759765625,5.067237854003906,245777,-0.1920655369758606,0.35725881591849523,33.7255973815918,33.36924362182617,5.067237854003906,246171,-0.07501346617937088,0.4102676594724805,33.892364501953125,33.83972930908203,5.067237854003906,246125,-0.040143560618162155,0.4219766378872524,33.892364501953125,33.83972930908203,5.067237854003906,246125,-0.040143560618162155,0.4219766378872524,965,780,0.8082901554404145,4,64.0,94.67851257324219,3926,2242,0.5710646968925115,4,32.0,57.45998001098633,15811,8237,0.5209664157864777,4,16.0,37.68352127075195,33.829158782958984,0.4841458201408386,339.2020568847656,255180,0.9734344482421875,255180
photo-0306-02,000050,255415,4.999279975891113,0.0,4.999279975891113,0,,,32.847354888916016,31.396434783935547,4.999279975891113,244436,-0.20932786166667938,0.36063018540640496,30.676441192626953,29.481782913208008,4.999279975891113,246863,-0.2344549149274826,0.309653532526138,29.30242156982422,28.713918685913086,4.999279975891113,246769,-0.13055719435214996,0.35328181416628507,29.17214012145996,28.969802856445312,4.999279975891113,246772,-0.08509308844804764,0.37872611155236413,29.17214012145996,28.969802856445312,4.999279975891113,246772,-0.08509308844804764,0.37872611155236413,969,831,0.8575851393188855,4,64.0,94.32592010498047,3931,2576,0.6553039938946833,4,32.0,51.81645584106445,15827,8532,0.539078789410501,4,16.0,32.787357330322266,29.145645141601562,0.49537551403045654,335.36383056640625,255415,0.9743309020996094,255415
photo-0306-02,000051,255554,5.173871994018555,0.0,5.173871994018555,0,,,28.674575805664062,27.510469436645508,5.173871994018555,245102,-0.06862730532884598,0.4351127285783062,23.87954330444336,22.93001365661621,5.173871994018555,245261,-0.09452085942029953,0.4116023338402763,22.80330467224121,22.76211929321289,5.173871994018555,246058,0.04381529986858368,0.4820083069845321,22.807363510131836,23.368547439575195,5.173871994018555,245886,0.12421214580535889,0.5088089602498719,22.807363510131836,23.368547439575195,5.173871994018555,245886,0.12421214580535889,0.5088089602498719,972,860,0.8847736625514403,4,64.0,96.8660888671875,3932,2877,0.7316887080366226,4,32.0,44.13689422607422,15831,10431,0.6588971006253553,4,16.0,28.305604934692383,22.79075050354004,0.5040291547775269,343.36114501953125,255554,0.9748611450195312,255554
photo-0306-02,000052,256041,4.768629550933838,0.0,4.768629550933838,0,,,32.13828659057617,31.188894271850586,4.768629550933838,246134,-0.08740590512752533,0.4221074699147619,29.06624984741211,28.697734832763672,4.768629550933838,245878,-0.045647285878658295,0.44373225746101724,27.56032943725586,27.769729614257812,4.768629550933838,246314,0.049093861132860184,0.48243299203455753,26.980323791503906,27.41840171813965,4.768629550933838,245618,0.08871611207723618,0.5052683435253117,26.980323791503906,27.41840171813965,4.768629550933838,245618,0.08871611207723618,0.5052683435253117,975,833,0.8543589743589743,4,64.0,98.47686767578125,3940,2537,0.6439086294416244,4,32.0,51.579505920410156,15859,10187,0.6423481934548206,4,16.0,35.5164680480957,26.88622283935547,0.47778546810150146,317.0891418457031,256041,0.9767189025878906,256041
photo-0306-02,000053,256411,4.689889430999756,0.0,4.689889430999756,0,,,33.57863235473633,32.45854187011719,4.689889430999756,249024,-0.16871987283229828,0.38515966332562324,29.298377990722656,28.53590202331543,4.689889430999756,248136,-0.15583926439285278,0.37846584131282845,27.87711524963379,27.746124267578125,4.689889430999756,248849,-0.0465119294822216,0.4289508898970862,27.691293716430664,27.830537796020508,4.689889430999756,248737,-0.002398459240794182,0.44526950152168754,27.691293716430664,27.830537796020508,4.689889430999756,248737,-0.002398459240794182,0.44526950152168754,976,814,0.8340163934426229,4,64.0,97.78129577636719,3947,2606,0.6602482898403851,4,32.0,54.08280944824219,15899,10131,0.6372098874143027,4,16.0,36.60810852050781,27.603662490844727,0.48178380727767944,310.41583251953125,256411,0.9781303405761719,256411
photo-0306-02,000054,257047,4.1085429191589355,0.0,4.1085429191589355,0,,,36.900272369384766,35.48847961425781,4.1085429191589355,245201,-0.26547908782958984,0.3093788361385149,35.08846664428711,34.07807159423828,4.1085429191589355,245033,-0.21886323392391205,0.34407202295201056,33.50426483154297,32.947052001953125,4.1085429191589355,245518,-0.10315205901861191,0.3932868465855864,32.819580078125,32.777400970458984,4.1085429191589355,245490,-0.021708166226744652,0.429496109821174,32.819580078125,32.777400970458984,4.1085429191589355,245490,-0.021708166226744652,0.429496109821174,982,798,0.8126272912423625,4,64.0,101.90991973876953,3950,2245,0.5683544303797469,4,32.0,57.952449798583984,15917,8843,0.5555695168687567,4,16.0,39.034847259521484,32.75701141357422,0.4325045645236969,263.715576171875,257047,0.9805564880371094,257047
photo-0306-02,000055,256389,5.775620460510254,0.0,5.775620460510254,0,,,48.20738220214844,45.13874053955078,5.775620460510254,250915,-0.44954803586006165,0.1706354741645577,53.68061828613281,51.02970504760742,5.775620460510254,252398,-0.4199281334877014,0.21546921924896395,52.40761184692383,50.33634948730469,5.775620460510254,252668,-0.3349281847476959,0.26121629965013377,51.70050811767578,49.872520446777344,5.775620460510254,252817,-0.2927170693874359,0.28577587741330684,51.70050811767578,49.872520446777344,5.775620460510254,252817,-0.2927170693874359,0.28577587741330684,976,718,0.735655737704918,4,64.0,101.16275787353516,3961,1345,0.33956071699065893,4,32.0,72.3447036743164,15896,5818,0.3660040261701057,4,16.0,49.42192840576172,51.70662307739258,0.49364572763442993,357.32257080078125,256389,0.9780464172363281,256389
photo-0306-02,000056,256782,5.701812267303467,0.0,5.701812267303467,0,,,38.14510726928711,36.30348205566406,5.701812267303467,254648,-0.2573738098144531,0.2806580063460149,38.92516326904297,37.45209503173828,5.701812267303467,254758,-0.2476884424686432,0.32632145016054454,37.70119857788086,36.866302490234375,5.701812267303467,254993,-0.1479724943637848,0.3739710501856914,37.38235092163086,36.90297317504883,5.701812267303467,254425,-0.10294654220342636,0.3855753168910288,37.38235092163086,36.90297317504883,5.701812267303467,254425,-0.10294654220342636,0.3855753168910288,978,808,0.8261758691206544,4,64.0,101.40323638916016,3969,1873,0.47190728143109095,4,32.0,59.970218658447266,15926,8240,0.5173929423584076,4,16.0,43.737998962402344,37.34284210205078,0.48122403025627136,342.0242919921875,256782,0.9795455932617188,256782
photo-0306-02,000057,256960,6.024030685424805,0.0,6.024030685424805,0,,,33.1662712097168,31.53598403930664,6.024030685424805,256255,-0.2831686735153198,0.3422060057364734,33.56100082397461,31.683923721313477,6.024030685424805,256474,-0.38754209876060486,0.2672083719987211,32.17230987548828,30.765056610107422,6.024030685424805,256368,-0.3097582161426544,0.3095433127379392,31.533275604248047,30.286029815673828,6.024030685424805,255790,-0.2989634871482849,0.3076859924156535,31.533275604248047,30.286029815673828,6.024030685424805,255790,-0.2989634871482849,0.3076859924156535,980,854,0.8714285714285714,4,64.0,90.15013122558594,3970,2281,0.5745591939546599,4,32.0,55.40697479248047,15947,7988,0.5009092619301436,4,16.0,35.248451232910156,31.549518585205078,0.46436411142349243,347.67236328125,256960,0.980224609375,256960
photo-0306-02,000058,258077,4.799887657165527,0.0,4.799887657165527,0,,,28.947702407836914,28.687387466430664,4.799887657165527,254283,-0.09990842640399933,0.43542431070893456,26.37111473083496,25.474143981933594,4.799887657165527,254121,-0.22203156352043152,0.33310509560406265,25.1253719329834,24.478239059448242,4.799887657165527,253322,-0.17137131094932556,0.36020953568975456,25.787260055541992,25.138904571533203,4.799887657165527,253603,-0.1717873066663742,0.3577205316971802,25.787260055541992,25.138904571533203,4.799887657165527,253603,-0.1717873066663742,0.3577205316971802,988,886,0.8967611336032388,4,64.0,83.62383270263672,3983,2816,0.707004770273663,4,32.0,46.36986541748047,16017,10011,0.6250234126240869,4,16.0,30.787353515625,25.79180908203125,0.43302062153816223,284.17510986328125,258077,0.9844856262207031,258077
photo-0306-02,000059,258415,4.840628147125244,0.0,4.840628147125244,0,,,36.53303146362305,35.942020416259766,4.840628147125244,257221,-0.17829935252666473,0.38821480361245775,39.58858108520508,38.479591369628906,4.840628147125244,258164,-0.31364715099334717,0.2889248694628221,38.53801345825195,37.63258361816406,4.840628147125244,257410,-0.26611632108688354,0.30876811312691815,37.92253112792969,37.06236267089844,4.840628147125244,257244,-0.2587570250034332,0.30937942187184153,37.92253112792969,37.06236267089844,4.840628147125244,257244,-0.2587570250034332,0.30937942187184153,993,814,0.8197381671701913,4,64.0,99.40972900390625,3988,1955,0.4902206619859579,4,32.0,60.839988708496094,16048,7915,0.4932078763708873,4,16.0,42.32188415527344,37.864410400390625,0.4486594498157501,280.12261962890625,258415,0.9857749938964844,258415
photo-0306-02,000060,258651,4.9927897453308105,0.0,4.9927897453308105,0,,,37.344879150390625,35.88775634765625,4.9927897453308105,256868,-0.28619489073753357,0.32272217637074296,38.848026275634766,37.8726806640625,4.9927897453308105,258357,-0.2802318036556244,0.29963577530316576,37.92182540893555,37.20500946044922,4.9927897453308105,257657,-0.223292276263237,0.3256383486573235,37.36250305175781,36.684207916259766,4.9927897453308105,257852,-0.2247219830751419,0.3237748786125374,37.36250305175781,36.684207916259766,4.9927897453308105,257852,-0.2247219830751419,0.3237748786125374,995,805,0.8090452261306532,4,64.0,103.11957550048828,3993,1990,0.49837215126471324,4,32.0,61.148284912109375,16068,8232,0.5123226288274833,4,16.0,43.20784378051758,37.267189025878906,0.4488184154033661,288.0669860839844,258651,0.9866752624511719,258651
photo-0306-02,000061,258284,6.366358757019043,0.0,6.366358757019043,0,,,37.58658218383789,35.17559814453125,6.366358757019043,258020,-0.31949663162231445,0.32387799395395706,39.036128997802734,37.2785758972168,6.366358757019043,258007,-0.3243856132030487,0.29306181615227495,37.89206314086914,36.38337707519531,6.366358757019043,256948,-0.27963316440582275,0.3188076964989025,37.364707946777344,35.758358001708984,6.366358757019043,257356,-0.29212093353271484,0.31435443510157135,37.364707946777344,35.758358001708984,6.366358757019043,257356,-0.29212093353271484,0.31435443510157135,992,789,0.7953629032258065,4,64.0,97.0942611694336,4003,2061,0.5148638521109168,4,32.0,62.02595901489258,16041,7510,0.4681753007917212,4,16.0,41.046443939208984,37.268672943115234,0.463474303483963,333.2864074707031,258284,0.9852752685546875,258284
photo-0306-02,000062,258821,5.826633930206299,0.0,5.826633930206299,0,,,40.89008331298828,38.86951446533203,5.826633930206299,258320,-0.31202220916748047,0.3356689377516259,40.24606704711914,39.137779235839844,5.826633930206299,258806,-0.2665180265903473,0.3252049797918132,39.21041488647461,38.288795471191406,5.826633930206299,258014,-0.22923849523067474,0.3443495314207756,38.9308967590332,37.8426628112793,5.826633930206299,257890,-0.2500886917114258,0.3383574392182714,38.9308967590332,37.8426628112793,5.826633930206299,257890,-0.2500886917114258,0.3383574392182714,997,805,0.8074222668004012,4,64.0,109.4480209350586,4008,1996,0.49800399201596807,4,32.0,62.90901565551758,16085,7818,0.48604289710910786,4,16.0,43.41401290893555,38.840118408203125,0.4473709762096405,324.66650390625,258821,0.9873237609863281,258821
photo-0306-02,000063,258794,6.461818695068359,0.0,6.461818695068359,0,,,40.066219329833984,36.59946823120117,6.461818695068359,258536,-0.4471697211265564,0.25545378593310025,40.09421157836914,37.085304260253906,6.461818695068359,258794,-0.4486841857433319,0.24267564163002234,39.12908935546875,36.336036682128906,6.461818695068359,258578,-0.4123898446559906,0.26687498549760613,39.026451110839844,36.073944091796875,6.461818695068359,257824,-0.4269638955593109,0.2607398845724215,39.026451110839844,36.073944091796875,6.461818695068359,257824,-0.4269638955593109,0.2607398845724215,992,797,0.8034274193548387,4,64.0,102.21125793457031,4015,1942,0.48368617683686177,4,32.0,60.04734420776367,16093,6630,0.41198036413347416,4,16.0,39.202880859375,39.130069732666016,0.4415416717529297,311.1851806640625,258794,0.9872207641601562,258794
photo-0306-02,000064,259230,6.064278602600098,0.0,6.064278602600098,0,,,47.022315979003906,45.2950325012207,6.064278602600098,258938,-0.27545568346977234,0.3140288408808286,49.05493927001953,47.2913818359375,6.064278602600098,259230,-0.3446672260761261,0.2740655016780465,47.91139221191406,46.10258483886719,6.064278602600098,259023,-0.3385254740715027,0.2825772228721002,47.339141845703125,45.11888122558594,6.064278602600098,258706,-0.3816149830818176,0.26996281493278085,47.339141845703125,45.11888122558594,6.064278602600098,258706,-0.3816149830818176,0.26996281493278085,995,747,0.7507537688442211,4,64.0,106.41033935546875,4017,1627,0.4050286283295992,4,32.0,69.7380142211914,16117,5762,0.3575107029844264,4,16.0,45.51694107055664,47.19533157348633,0.47844642400741577,313.4555969238281,259230,0.9888839721679688,259230
photo-0306-02,000065,259235,6.525297164916992,0.0,6.525297164916992,0,,,37.93669509887695,35.569862365722656,6.525297164916992,258559,-0.27185311913490295,0.32667979068607167,38.049747467041016,35.58351135253906,6.525297164916992,259235,-0.338289737701416,0.29426196308368857,36.889774322509766,34.47439193725586,6.525297164916992,259235,-0.32883772253990173,0.2969274982159045,36.92215347290039,34.17961120605469,6.525297164916992,259187,-0.3477799892425537,0.28878763209574554,36.92215347290039,34.17961120605469,6.525297164916992,259187,-0.3477799892425537,0.28878763209574554,992,805,0.811491935483871,4,64.0,96.48072052001953,4032,2100,0.5208333333333334,4,32.0,59.015655517578125,16090,6775,0.42106898694841516,4,16.0,37.67060852050781,36.8598747253418,0.46200552582740784,296.2374572753906,259235,0.9889030456542969,259235
photo-0306-02,000066,258871,7.542905330657959,0.0,7.542905330657959,0,,,40.89194869995117,37.78801345825195,7.542905330657959,258229,-0.30656537413597107,0.3075409810671923,43.26240539550781,40.5201530456543,7.542905330657959,258871,-0.3316285014152527,0.2857755407133283,42.17948913574219,39.38398742675781,7.542905330657959,258615,-0.3278615474700928,0.28696324652475685,42.33327102661133,39.18507385253906,7.542905330657959,258750,-0.35053542256355286,0.28328115942028986,42.33327102661133,39.18507385253906,7.542905330657959,258750,-0.35053542256355286,0.28328115942028986,992,789,0.7953629032258065,4,64.0,97.74414825439453,4032,1813,0.4496527777777778,4,32.0,63.61931228637695,16085,6249,0.38849860118122476,4,16.0,41.992122650146484,42.165767669677734,0.47502294182777405,344.0111999511719,258871,0.9875144958496094,258871
photo-0306-02,000067,259368,6.40279483795166,0.0,6.40279483795166,0,,,40.423736572265625,38.36872482299805,6.40279483795166,259174,-0.24694375693798065,0.31118090549206323,36.800079345703125,34.667564392089844,6.40279483795166,259368,-0.26800817251205444,0.29710681348508683,35.57189178466797,33.28522491455078,6.40279483795166,259097,-0.27534863352775574,0.2919254178936846,35.20366668701172,32.446266174316406,6.40279483795166,258696,-0.33187219500541687,0.2663551040603643,35.20366668701172,32.446266174316406,6.40279483795166,258696,-0.33187219500541687,0.2663551040603643,992,830,0.8366935483870968,4,64.0,91.06661224365234,4032,2132,0.5287698412698413,4,32.0,56.99958801269531,16075,7315,0.455054432348367,4,16.0,37.74364471435547,35.00604248046875,0.4807724952697754,294.1611633300781,259368,0.989410400390625,259368
photo-0306-02,000068,258750,8.210646629333496,0.0,8.210646629333496,0,,,40.231964111328125,37.12440872192383,8.210646629333496,258123,-0.2122756391763687,0.37425181018351716,40.09008026123047,37.16851043701172,8.210646629333496,258750,-0.23078776895999908,0.34490821256038645,38.81306457519531,35.760887145996094,8.210646629333496,258164,-0.23148785531520844,0.34187570691498426,38.29347610473633,35.01778793334961,8.210646629333496,258750,-0.23962773382663727,0.34664347826086955,38.29347610473633,35.01778793334961,8.210646629333496,258750,-0.23962773382663727,0.34664347826086955,992,810,0.8165322580645161,4,64.0,96.70318603515625,4031,2013,0.4993798064996279,4,32.0,63.134620666503906,16074,6944,0.4320019907925843,4,16.0,41.43470001220703,38.20585250854492,0.48136553168296814,311.8069763183594,258750,0.9870529174804688,258750
photo-0306-02,000069,259395,6.709789752960205,0.0,6.709789752960205,0,,,34.48379898071289,31.809213638305664,6.709789752960205,259134,-0.2563124895095825,0.312031612987875,33.94038391113281,31.566234588623047,6.709789752960205,259395,-0.2331143021583557,0.32661385146205596,32.828250885009766,30.45684051513672,6.709789752960205,259395,-0.22331233322620392,0.33218065113051526,32.76716613769531,29.8587703704834,6.709789752960205,259059,-0.27462852001190186,0.28237196931973024,32.76716613769531,29.8587703704834,6.709789752960205,259059,-0.27462852001190186,0.28237196931973024,1000,867,0.867,4,64.0,82.54486846923828,4001,2360,0.5898525368657835,4,32.0,51.628570556640625,16112,6946,0.4311072492552135,4,16.0,33.45060729980469,32.62717819213867,0.48473691940307617,307.1081848144531,259395,0.9895133972167969,259395
photo-0306-02,000070,258045,8.882030487060547,0.0,8.882030487060547,0,,,48.7901611328125,47.11909484863281,8.882030487060547,257940,-0.024551842361688614,0.4727843684577809,53.331295013427734,51.15565872192383,8.882030487060547,258045,-0.16956685483455658,0.3624135325233971,52.103981018066406,49.708473205566406,8.882030487060547,257923,-0.1790158599615097,0.34061328380950906,52.184814453125,49.10257339477539,8.882030487060547,258045,-0.22259309887886047,0.34252165320002326,52.184814453125,49.10257339477539,8.882030487060547,258045,-0.22259309887886047,0.34252165320002326,992,732,0.7379032258064516,4,64.0,106.76580810546875,3981,1683,0.42275810097965333,4,32.0,78.43275451660156,16002,5619,0.35114360704911884,4,16.0,50.7386360168457,51.91309356689453,0.5537419319152832,397.9090576171875,258045,0.9843635559082031,258045
photo-0306-02,000071,257548,9.548511505126953,0.0,9.548511505126953,0,,,49.91823959350586,47.47798156738281,9.548511505126953,257498,-0.09376955777406693,0.41923044062478154,51.49788284301758,49.222469329833984,9.548511505126953,257548,-0.14364126324653625,0.3677799866432665,50.32307815551758,47.87513732910156,9.548511505126953,257466,-0.15068288147449493,0.3505938648209861,49.54967498779297,46.61629104614258,9.548511505126953,257548,-0.1765468865633011,0.3592728345784087,49.54967498779297,46.61629104614258,9.548511505126953,257548,-0.1765468865633011,0.3592728345784087,978,725,0.7413087934560327,4,64.0,113.79829406738281,3973,1675,0.421595771457337,4,32.0,76.09759521484375,16003,5563,0.34762232081484723,4,16.0,49.15304183959961,49.3663444519043,0.5961400270462036,428.3061828613281,257548,0.9824676513671875,257548
photo-0306-02,000072,257525,9.630948066711426,0.0,9.630948066711426,0,,,41.422828674316406,39.65299987792969,9.630948066711426,257517,0.031123558059334755,0.5301048086145769,41.335472106933594,40.52025604248047,9.630948066711426,257525,0.03613331913948059,0.49296184836423645,40.24613571166992,39.284454345703125,9.630948066711426,257525,0.036984413862228394,0.48734685952820117,39.870033264160156,38.359100341796875,9.630948066711426,257525,-0.00035353819839656353,0.4713561790117464,39.870033264160156,38.359100341796875,9.630948066711426,257525,-0.00035353819839656353,0.4713561790117464,977,790,0.8085977482088025,4,64.0,104.17049407958984,3972,1957,0.49269889224572005,4,32.0,63.744327545166016,16002,6747,0.4216347956505437,4,16.0,43.195030212402344,39.73221206665039,0.624885618686676,433.5229797363281,257525,0.9823799133300781,257525
photo-0306-02,000073,257309,10.203217506408691,0.0,10.203217506408691,0,,,38.60905838012695,36.1671028137207,10.203217506408691,257264,0.01104659028351307,0.5432124199266124,40.844520568847656,38.31296157836914,10.203217506408691,257309,-0.10136277973651886,0.40635966872515145,39.8164176940918,37.114036560058594,10.203217506408691,257309,-0.10560519993305206,0.37420377833655255,39.66990661621094,36.27644729614258,10.203217506408691,257309,-0.14655309915542603,0.38924794702089704,39.66990661621094,36.27644729614258,10.203217506408691,257309,-0.14655309915542603,0.38924794702089704,979,788,0.804902962206333,4,64.0,92.66680145263672,3983,1882,0.4725081596786342,4,32.0,62.21059036254883,15983,6381,0.3992366889820434,4,16.0,41.680419921875,39.48188400268555,0.5865218043327332,417.2496032714844,257309,0.9815559387207031,257309
photo-0306-02,000074,257268,10.297934532165527,0.0,10.297934532165527,0,,,40.637603759765625,38.87943649291992,10.297934532165527,257255,0.06062402203679085,0.5547025325066568,42.47296905517578,39.76213455200195,10.297934532165527,257268,-0.12469344586133957,0.4039056548035512,41.4065055847168,38.428070068359375,10.297934532165527,257224,-0.13313201069831848,0.3883424563804311,40.68219757080078,37.26754379272461,10.297934532165527,257268,-0.16133013367652893,0.39184430243947943,40.68219757080078,37.26754379272461,10.297934532165527,257268,-0.16133013367652893,0.39184430243947943,981,755,0.7696228338430173,4,64.0,102.35470581054688,3981,1832,0.46018588294398394,4,32.0,64.19926452636719,15984,6073,0.37994244244244246,4,16.0,42.064453125,40.446624755859375,0.590627908706665,409.4188537597656,257268,0.9813995361328125,257268
photo-0306-02,000075,257213,10.338310241699219,0.0,10.338310241699219,0,,,40.17108917236328,39.21334457397461,10.338310241699219,257206,0.08786014467477798,0.5774826403738638,39.70787811279297,37.83390426635742,10.338310241699219,257213,-0.05470013618469238,0.43225264663916674,38.67861557006836,36.56896209716797,10.338310241699219,257181,-0.054379936307668686,0.43016397012220964,37.836856842041016,34.79939651489258,10.338310241699219,257213,-0.10989091545343399,0.4116743710465645,37.836856842041016,34.79939651489258,10.338310241699219,257213,-0.10989091545343399,0.4116743710465645,982,782,0.7963340122199593,4,64.0,97.99376678466797,3980,1870,0.46984924623115576,4,32.0,59.464149475097656,15982,6373,0.3987611062445251,4,16.0,40.3868522644043,37.62178039550781,0.5747454166412354,403.23321533203125,257213,0.9811897277832031,257213
photo-0306-02,000076,257247,10.308125495910645,0.0,10.308125495910645,0,,,44.24628829956055,41.48534393310547,10.308125495910645,256530,-0.038133323192596436,0.5201029119401239,46.381317138671875,43.30706787109375,10.308125495910645,257247,-0.17646640539169312,0.3773260718297978,45.33062744140625,42.13561248779297,10.308125495910645,257065,-0.17844517529010773,0.3672184077956937,44.29005813598633,40.469329833984375,10.308125495910645,257247,-0.2177717387676239,0.35540550521483244,44.29005813598633,40.469329833984375,10.308125495910645,257247,-0.2177717387676239,0.35540550521483244,983,756,0.7690742624618515,4,64.0,105.23088073730469,3981,1599,0.40165787490580257,4,32.0,66.22601318359375,15987,5581,0.3490961406142491,4,16.0,44.515052795410156,44.069461822509766,0.5591837167739868,383.9984130859375,257247,0.9813194274902344,257247
photo-0306-02,000077,257494,9.948448181152344,0.0,9.948448181152344,0,,,37.2646598815918,33.70450210571289,9.948448181152344,257242,-0.07803624868392944,0.42730969281843556,35.436279296875,32.4871711730957,9.948448181152344,257494,-0.13091076910495758,0.4034734789936853,34.52843475341797,31.311525344848633,9.948448181152344,257308,-0.13974909484386444,0.3903221042486048,33.433509826660156,29.658599853515625,9.948448181152344,257326,-0.189860999584198,0.35981983942547585,33.433509826660156,29.658599853515625,9.948448181152344,257326,-0.189860999584198,0.35981983942547585,986,839,0.8509127789046653,4,64.0,94.4715347290039,3990,2100,0.5263157894736842,4,32.0,55.75104904174805,16006,6635,0.4145320504810696,4,16.0,36.58582305908203,33.31167984008789,0.5133854150772095,334.190185546875,257494,0.9822616577148438,257494
photo-0306-02,000078,256946,10.589805603027344,0.0,10.589805603027344,0,,,36.36505889892578,34.699424743652344,10.589805603027344,256347,0.08708662539720535,0.5900595676953504,35.110130310058594,32.48337173461914,10.589805603027344,256946,-0.07594054937362671,0.42899675418181255,34.29738998413086,31.526248931884766,10.589805603027344,256784,-0.07831291854381561,0.42507710760795064,33.10300827026367,29.95441436767578,10.589805603027344,256946,-0.07837816327810287,0.43229705852591593,33.10300827026367,29.95441436767578,10.589805603027344,256946,-0.07837816327810287,0.43229705852591593,982,829,0.8441955193482689,4,64.0,102.64708709716797,3978,2143,0.5387129210658622,4,32.0,56.63539505004883,15965,6919,0.4333855308487316,4,16.0,37.48709487915039,32.974098205566406,0.5325658321380615,372.9001770019531,256946,0.9801712036132812,256946
photo-0306-02,000079,256858,10.628935813903809,0.0,10.628935813903809,0,,,45.18072509765625,43.213191986083984,10.628935813903809,256759,0.03648156300187111,0.5498775115964777,45.978782653808594,42.44730758666992,10.628935813903809,256858,-0.18158333003520966,0.3823318720849652,44.97343826293945,41.345550537109375,10.628935813903809,256660,-0.18151196837425232,0.3730226759136601,43.673362731933594,39.59368896484375,10.628935813903809,256858,-0.18851548433303833,0.36295930046952013,43.673362731933594,39.59368896484375,10.628935813903809,256858,-0.18851548433303833,0.36295930046952013,983,758,0.7711088504577823,4,64.0,111.79088592529297,3977,1634,0.4108624591400553,4,32.0,66.3742904663086,15964,5508,0.34502630919569033,4,16.0,44.12957763671875,43.4965705871582,0.5181293487548828,356.295654296875,256858,0.9798355102539062,256858
photo-0306-02,000080,256932,10.423897743225098,0.0,10.423897743225098,0,,,51.19742202758789,49.487701416015625,10.423897743225098,256925,0.031004618853330612,0.5495222341150141,54.28983688354492,50.698551177978516,10.423897743225098,256932,-0.22281500697135925,0.34778462783927266,53.48381423950195,49.87445831298828,10.423897743225098,256650,-0.21980734169483185,0.34083382037794663,52.70806884765625,48.40945053100586,10.423897743225098,256932,-0.25375258922576904,0.32088256815032773,52.70806884765625,48.40945053100586,10.423897743225098,256932,-0.25375258922576904,0.32088256815032773,984,720,0.7317073170731707,4,64.0,118.9168930053711,3979,1449,0.36416184971098264,4,32.0,75.15199279785156,15976,5088,0.3184777165748623,4,16.0,50.73308181762695,52.54121017456055,0.4900401532649994,322.592529296875,256932,0.9801177978515625,256932
photo-0306-02,000081,256789,10.466484069824219,0.0,10.466484069824219,0,,,31.369104385375977,29.322986602783203,10.466484069824219,256120,0.09929612278938293,0.56939325316258,28.731945037841797,26.485414505004883,10.466484069824219,256405,0.004654617980122566,0.4743940250775141,27.926040649414062,25.44920539855957,10.466484069824219,256405,-0.007822107523679733,0.468961213704881,27.42481231689453,24.513427734375,10.466484069824219,256405,-0.03026103973388672,0.43246816559739476,27.42481231689453,24.513427734375,10.466484069824219,256405,-0.03026103973388672,0.43246816559739476,984,855,0.8689024390243902,4,64.0,91.02510070800781,3975,2558,0.6435220125786163,4,32.0,50.12650680541992,15968,7747,0.48515781563126253,4,16.0,32.811622619628906,27.346012115478516,0.4800114631652832,316.7108459472656,256789,0.9795722961425781,256789
photo-0306-02,000082,256701,10.409551620483398,0.0,10.409551620483398,0,,,39.20452880859375,37.07410430908203,10.409551620483398,256225,0.025949425995349884,0.5445799590203922,42.66422653198242,40.104400634765625,10.409551620483398,256497,-0.10191018134355545,0.41075334214435255,42.03110122680664,39.314659118652344,10.409551620483398,256497,-0.11552032828330994,0.4108742012577145,40.91978073120117,37.7455940246582,10.409551620483398,256497,-0.13947081565856934,0.3803631231554365,40.91978073120117,37.7455940246582,10.409551620483398,256497,-0.13947081565856934,0.3803631231554365,984,793,0.8058943089430894,4,64.0,102.94741821289062,3974,1859,0.46779063915450425,4,32.0,64.67156219482422,15967,6034,0.37790442788250767,4,16.0,42.84931945800781,40.768890380859375,0.4727458655834198,329.4795837402344,256701,0.9792366027832031,256701
photo-0306-02,000083,256937,9.84404468536377,0.0,9.84404468536377,0,,,41.89421463012695,39.8975944519043,9.84404468536377,254449,0.0030862432904541492,0.5456260390097819,43.232086181640625,40.03410720825195,9.84404468536377,254741,-0.1889570951461792,0.36240730781460384,42.69041061401367,39.25428009033203,9.84404468536377,254342,-0.2020643800497055,0.3569052692830913,41.68390655517578,37.72295379638672,9.84404468536377,254666,-0.23365582525730133,0.3338333346422373,41.68390655517578,37.72295379638672,9.84404468536377,254666,-0.23365582525730133,0.3338333346422373,985,768,0.7796954314720812,4,64.0,103.2005844116211,3978,1770,0.444947209653092,4,32.0,64.32413482666016,15980,5923,0.3706508135168961,4,16.0,42.948238372802734,41.54168701171875,0.4949566125869751,283.1984558105469,256937,0.9801368713378906,256937
photo-0306-02,000084,256531,10.22288990020752,0.0,10.22288990020752,0,,,44.82957458496094,43.361331939697266,10.22288990020752,254168,0.05530117452144623,0.5694894715306411,44.58552169799805,41.76228713989258,10.22288990020752,254173,-0.15499943494796753,0.35757141789253777,44.159339904785156,41.25464630126953,10.22288990020752,253932,-0.15617531538009644,0.3560401997385127,42.97510528564453,39.591861724853516,10.22288990020752,254173,-0.17104026675224304,0.3502614361084773,42.97510528564453,39.591861724853516,10.22288990020752,254173,-0.17104026675224304,0.3502614361084773,984,758,0.7703252032520326,4,64.0,101.96371459960938,3972,1716,0.43202416918429004,4,32.0,65.5646743774414,15954,5911,0.37050269524884044,4,16.0,44.524810791015625,42.844818115234375,0.4806397557258606,291.8796691894531,256531,0.9785881042480469,256531
photo-0306-02,000085,256412,10.191323280334473,0.0,10.191323280334473,0,,,38.00093460083008,35.850433349609375,10.191323280334473,252776,0.006967154331505299,0.5546214830521885,34.82135772705078,31.60391616821289,10.191323280334473,252996,-0.1466057300567627,0.3767688026688169,34.19892501831055,30.88912582397461,10.191323280334473,252677,-0.14815986156463623,0.3751825453048754,32.42512512207031,28.793357849121094,10.191323280334473,252606,-0.14992018043994904,0.38219994774470917,32.42512512207031,28.793357849121094,10.191323280334473,252606,-0.14992018043994904,0.38219994774470917,984,813,0.8262195121951219,4,64.0,100.08108520507812,3972,2163,0.5445619335347432,4,32.0,56.22066879272461,15939,6806,0.42700294874207917,4,16.0,37.021629333496094,32.31485366821289,0.459259569644928,264.8351745605469,256412,0.9781341552734375,256412
photo-0306-02,000086,256658,9.524367332458496,0.0,9.524367332458496,0,,,42.5169792175293,39.66694259643555,9.524367332458496,252402,-0.08465734124183655,0.4688631627324665,45.90766143798828,41.715126037597656,9.524367332458496,252645,-0.2977410554885864,0.3144768350848028,45.253807067871094,40.999752044677734,9.524367332458496,252803,-0.29488226771354675,0.3142921563430814,44.20829391479492,39.5223388671875,9.524367332458496,252397,-0.31827956438064575,0.3074759208706918,44.20829391479492,39.5223388671875,9.524367332458496,252397,-0.31827956438064575,0.3074759208706918,985,763,0.7746192893401015,4,64.0,104.54003143310547,3974,1650,0.4151987921489683,4,32.0,66.67405700683594,15952,5677,0.3558801404212638,4,16.0,44.50593566894531,44.043582916259766,0.454230934381485,237.61192321777344,256658,0.9790725708007812,256658
photo-0306-02,000087,256727,9.180745124816895,0.0,9.180745124816895,0,,,42.05421447753906,39.226165771484375,9.180745124816895,252256,-0.12777385115623474,0.4574717747050615,41.86510467529297,37.74599838256836,9.180745124816895,253033,-0.3330157399177551,0.29819035461777715,41.275691986083984,37.190818786621094,9.180745124816895,252901,-0.30926457047462463,0.31128386206460235,39.70880889892578,35.116058349609375,9.180745124816895,253163,-0.327287495136261,0.3110762631190182,39.70880889892578,35.116058349609375,9.180745124816895,253163,-0.327287495136261,0.3110762631190182,985,773,0.7847715736040609,4,64.0,106.92327880859375,3972,1745,0.43932527693857,4,32.0,61.638484954833984,15957,5933,0.37181174406216705,4,16.0,41.26800537109375,39.57928466796875,0.43209582567214966,205.67088317871094,256727,0.9793357849121094,256727
photo-0306-02,000088,257077,8.360564231872559,0.0,8.360564231872559,0,,,38.08441925048828,34.89753341674805,8.360564231872559,251579,-0.23668578267097473,0.374605988576153,37.90913009643555,34.34062194824219,8.360564231872559,253380,-0.29258665442466736,0.3021706527744889,37.444602966308594,33.82589340209961,8.360564231872559,253214,-0.2913287878036499,0.29121612549069165,36.226741790771484,32.482120513916016,8.360564231872559,252907,-0.29277440905570984,0.31335233900208376,36.226741790771484,32.482120513916016,8.360564231872559,252907,-0.29277440905570984,0.31335233900208376,988,796,0.805668016194332,4,64.0,99.04637908935547,3980,2132,0.535678391959799,4,32.0,60.87442398071289,15974,6649,0.4162388881933141,4,16.0,39.04643249511719,36.1128044128418,0.4179370403289795,177.1693878173828,257077,0.9806709289550781,257077
photo-0306-02,000089,256856,8.388399124145508,0.0,8.388399124145508,0,,,44.83298873901367,40.46631622314453,8.388399124145508,252599,-0.29738545417785645,0.3308247459411953,46.64145278930664,42.54059982299805,8.388399124145508,253227,-0.3288528621196747,0.2995138749027552,45.49000549316406,41.279930114746094,8.388399124145508,252668,-0.3364372253417969,0.29054332167112573,44.70623779296875,40.347171783447266,8.388399124145508,252699,-0.3449181318283081,0.2970767593065267,44.70623779296875,40.347171783447266,8.388399124145508,252699,-0.3449181318283081,0.2970767593065267,986,744,0.7545638945233266,4,64.0,104.97675323486328,3975,1738,0.4372327044025157,4,32.0,69.71737670898438,15958,5958,0.3733550570246898,4,16.0,45.26649475097656,44.53438186645508,0.4185263216495514,173.77279663085938,256856,0.979827880859375,256856
photo-0306-02,000090,256635,8.42662525177002,0.0,8.42662525177002,0,,,45.28030776977539,41.022064208984375,8.42662525177002,252735,-0.2629784047603607,0.36047243159831444,48.4606819152832,44.129302978515625,8.42662525177002,252943,-0.3458372950553894,0.2984348252373064,47.65235900878906,43.218299865722656,8.42662525177002,252849,-0.349906325340271,0.29795253293467644,46.60086441040039,42.01107406616211,8.42662525177002,252934,-0.36672964692115784,0.28802375323206847,46.60086441040039,42.01107406616211,8.42662525177002,252934,-0.36672964692115784,0.28802375323206847,986,740,0.7505070993914807,4,64.0,108.5388412475586,3970,1621,0.4083123425692695,4,32.0,70.49012756347656,15942,5747,0.3604942918078033,4,16.0,46.856143951416016,46.421180725097656,0.4246900677680969,177.4991912841797,256635,0.9789848327636719,256635
photo-0306-02,000091,256863,7.756256103515625,0.0,7.756256103515625,0,,,42.42530822753906,39.43362808227539,7.756256103515625,252090,-0.24208132922649384,0.3586060533936293,44.79648971557617,41.256103515625,7.756256103515625,252952,-0.340351939201355,0.28788861127802906,43.99767303466797,40.39741516113281,7.756256103515625,251893,-0.3420695662498474,0.2728420400725705,43.10382843017578,39.29750061035156,7.756256103515625,252527,-0.36137184500694275,0.2815580116185596,43.10382843017578,39.29750061035156,7.756256103515625,252527,-0.36137184500694275,0.2815580116185596,986,764,0.7748478701825557,4,64.0,108.03572082519531,3971,1795,0.45202719717955175,4,32.0,68.35730743408203,15956,6192,0.3880671847580847,4,16.0,44.552085876464844,42.96963119506836,0.4206392765045166,164.66383361816406,256863,0.9798545837402344,256863
photo-0306-02,000092,257182,6.9275712966918945,0.0,6.9275712966918945,0,,,40.66707229614258,37.75093078613281,6.9275712966918945,252646,-0.32578885555267334,0.31336336217474253,43.1326904296875,39.6297721862793,6.9275712966918945,253015,-0.40826416015625,0.2567120526451001,42.50449752807617,39.00935745239258,6.9275712966918945,253423,-0.40060362219810486,0.24653642329228206,42.1257438659668,38.36237335205078,6.9275712966918945,253323,-0.42554378509521484,0.2566525739865705,42.1257438659668,38.36237335205078,6.9275712966918945,253323,-0.42554378509521484,0.2566525739865705,986,752,0.7626774847870182,4,64.0,99.91873931884766,3975,1783,0.44855345911949684,4,32.0,64.66480255126953,15973,6334,0.3965441682839792,4,16.0,42.794673919677734,42.036415100097656,0.4190002977848053,164.0974578857422,257182,0.9810714721679688,257182
photo-0306-02,000093,256498,7.711544036865234,0.0,7.711544036865234,0,,,43.670867919921875,39.61796951293945,7.711544036865234,252407,-0.39831528067588806,0.2434560055782922,43.38338851928711,39.8907470703125,7.711544036865234,252925,-0.33361831307411194,0.26429178610259957,42.538265228271484,39.02858352661133,7.711544036865234,252511,-0.336454838514328,0.24251616761250006,41.821231842041016,38.23793029785156,7.711544036865234,252563,-0.3534943163394928,0.2633600329422758,41.821231842041016,38.23793029785156,7.711544036865234,252563,-0.3534943163394928,0.2633600329422758,983,757,0.7700915564598169,4,64.0,99.60269165039062,3961,1679,0.42388285786417573,4,32.0,63.14530944824219,15933,6077,0.3814096529216092,4,16.0,42.343780517578125,41.72370529174805,0.4226452708244324,169.68682861328125,256498,0.9784622192382812,256498
photo-0306-02,000094,256654,7.185207843780518,0.0,7.185207843780518,0,,,44.06319046020508,40.85871887207031,7.185207843780518,252174,-0.30105194449424744,0.34319557131187195,45.189414978027344,41.06228256225586,7.185207843780518,252242,-0.41485413908958435,0.27000261653491486,44.676734924316406,40.54856491088867,7.185207843780518,252291,-0.40460023283958435,0.2744529135006798,43.8966064453125,39.593414306640625,7.185207843780518,251720,-0.4368641674518585,0.2617551247417766,43.8966064453125,39.593414306640625,7.185207843780518,251720,-0.4368641674518585,0.2617551247417766,983,745,0.757884028484232,4,64.0,102.31034851074219,3965,1759,0.4436317780580076,4,32.0,67.65925598144531,15932,6289,0.39474014561888027,4,16.0,45.16982650756836,43.7769889831543,0.41134366393089294,152.50682067871094,256654,0.9790573120117188,256654
photo-0306-02,000095,256743,6.742986679077148,0.0,6.742986679077148,0,,,46.78537368774414,45.96525192260742,6.742986679077148,252581,-0.010844889096915722,0.5269240362497575,48.84313201904297,46.030269622802734,6.742986679077148,253046,-0.3413480818271637,0.2771432862009279,47.904441833496094,45.24293899536133,6.742986679077148,253204,-0.310571551322937,0.28954913824426154,46.82386016845703,43.790401458740234,6.742986679077148,252369,-0.35152673721313477,0.29542059444702,46.82386016845703,43.790401458740234,6.742986679077148,252369,-0.35152673721313477,0.29542059444702,980,748,0.763265306122449,4,64.0,112.16632843017578,3963,1693,0.42720161493817815,4,32.0,71.99623107910156,15936,6006,0.37688253012048195,4,16.0,47.44806671142578,46.721622467041016,0.43579116463661194,197.17640686035156,256743,0.9793968200683594,256743
photo-0306-02,000096,256351,7.119868278503418,0.0,7.119868278503418,0,,,45.42296600341797,43.04007339477539,7.119868278503418,252256,-0.18609219789505005,0.41323496765190915,47.11851501464844,43.43986129760742,7.119868278503418,252973,-0.37822869420051575,0.27793084637490956,46.03208541870117,42.453914642333984,7.119868278503418,253009,-0.35366091132164,0.291598322589315,45.250770568847656,41.22880554199219,7.119868278503418,253061,-0.4158077836036682,0.2739497591489799,45.250770568847656,41.22880554199219,7.119868278503418,253061,-0.4158077836036682,0.2739497591489799,978,741,0.7576687116564417,4,64.0,106.63213348388672,3959,1686,0.4258651174539025,4,32.0,69.34573364257812,15915,6126,0.38491988689915174,4,16.0,46.05347442626953,45.17462921142578,0.4262489080429077,193.5959014892578,256351,0.9779014587402344,256351
photo-0306-02,000097,256542,6.580999374389648,0.0,6.580999374389648,0,,,39.57681655883789,37.74514389038086,6.580999374389648,252815,-0.12154139578342438,0.451824456618476,35.47993469238281,32.55562973022461,6.580999374389648,252438,-0.29708680510520935,0.31310658458710655,34.71746826171875,31.94635772705078,6.580999374389648,252659,-0.2668306231498718,0.33959605634471757,34.454036712646484,31.410045623779297,6.580999374389648,252198,-0.29770082235336304,0.3244752139192222,34.454036712646484,31.410045623779297,6.580999374389648,252198,-0.29770082235336304,0.3244752139192222,978,800,0.8179959100204499,4,64.0,97.75910949707031,3961,2047,0.516788689724817,4,32.0,56.189613342285156,15925,7600,0.4772370486656201,4,16.0,38.400211334228516,34.42501449584961,0.4232029616832733,197.7340850830078,256542,0.9786300659179688,256542
photo-0306-02,000098,256626,6.2309675216674805,0.0,6.2309675216674805,0,,,45.052642822265625,43.62498092651367,6.2309675216674805,252951,-0.11768713593482971,0.44512968914928186,46.6019172668457,44.39999771118164,6.2309675216674805,252635,-0.19273114204406738,0.38376709482059096,45.5179557800293,43.473201751708984,6.2309675216674805,253008,-0.16850970685482025,0.40710965661164866,44.6113395690918,42.25401306152344,6.2309675216674805,252735,-0.20564301311969757,0.39890794705917265,44.6113395690918,42.25401306152344,6.2309675216674805,252735,-0.20564301311969757,0.39890794705917265,978,754,0.7709611451942741,4,64.0,94.62651062011719,3963,1653,0.417108251324754,4,32.0,67.45106506347656,15923,6040,0.37932550398794196,4,16.0,44.67024230957031,44.57595443725586,0.4234268367290497,205.6288604736328,256626,0.9789505004882812,256626
photo-0306-02,000099,256482,6.2990217208862305,0.0,6.2990217208862305,0,,,42.32608413696289,40.03211212158203,6.2990217208862305,252964,-0.1999686062335968,0.3895653136414668,41.953880310058594,39.694061279296875,6.2990217208862305,252916,-0.18528412282466888,0.3938026854766009,40.997108459472656,38.914859771728516,6.2990217208862305,253068,-0.1558053344488144,0.4181010637457126,40.74907684326172,38.413970947265625,6.2990217208862305,252868,-0.18287982046604156,0.411637692392869,40.74907684326172,38.413970947265625,6.2990217208862305,252868,-0.18287982046604156,0.411637692392869,978,785,0.8026584867075665,4,64.0,90.45079803466797,3960,1822,0.4601010101010101,4,32.0,62.0625,15917,6573,0.412954702519319,4,16.0,41.47296142578125,40.7324104309082,0.4324877858161926,230.943115234375,256482,0.9784011840820312,256482
photo-0306-02,000100,256294,6.459414958953857,0.0,6.459414958953857,0,,,43.18886947631836,40.61977005004883,6.459414958953857,251802,-0.19170032441616058,0.39590233596238317,41.41773223876953,38.139190673828125,6.459414958953857,252920,-0.34508100152015686,0.30006326111023246,40.30891418457031,37.240482330322266,6.459414958953857,252954,-0.30982911586761475,0.3240826395312982,39.20714569091797,35.88332748413086,6.459414958953857,251858,-0.3405247926712036,0.3193188225110975,39.20714569091797,35.88332748413086,6.459414958953857,251858,-0.3405247926712036,0.3193188225110975,975,771,0.7907692307692308,4,64.0,99.40666961669922,3959,1905,0.48118211669613536,4,32.0,64.29811096191406,15906,6846,0.43040362127499054,4,16.0,42.16795349121094,39.14760208129883,0.43727776408195496,244.92445373535156,256294,0.9776840209960938,256294
photo-0306-02,000101,256421,6.150435447692871,0.0,6.150435447692871,0,,,43.26389694213867,40.386695861816406,6.150435447692871,252324,-0.24880193173885345,0.35928409505239295,43.920528411865234,40.41839599609375,6.150435447692871,252682,-0.4089391231536865,0.28780443403170786,42.879310607910156,39.60759353637695,6.150435447692871,252165,-0.3597000241279602,0.3132512442250114,41.86839294433594,38.57330322265625,6.150435447692871,252273,-0.3543771207332611,0.31717623368335096,41.86839294433594,38.57330322265625,6.150435447692871,252273,-0.3543771207332611,0.31717623368335096,976,747,0.7653688524590164,4,64.0,96.5697021484375,3961,1875,0.47336531178995206,4,32.0,67.93936920166016,15911,6686,0.42021243165105904,4,16.0,44.29458236694336,41.80415344238281,0.4343027174472809,239.73873901367188,256421,0.9781684875488281,256421
photo-0306-02,000102,256349,6.212183475494385,0.0,6.212183475494385,0,,,46.06859588623047,43.43862533569336,6.212183475494385,252555,-0.21233035624027252,0.39762032032626554,45.76883316040039,42.39323043823242,6.212183475494385,252595,-0.39341914653778076,0.26172727092776976,44.723602294921875,41.610328674316406,6.212183475494385,252815,-0.33711689710617065,0.3035144275458339,43.506187438964844,40.308868408203125,6.212183475494385,252311,-0.3392670452594757,0.3246350733816599,43.506187438964844,40.308868408203125,6.212183475494385,252311,-0.3392670452594757,0.3246350733816599,976,719,0.7366803278688525,4,64.0,102.3939437866211,3959,1725,0.4357160899216974,4,32.0,68.49591064453125,15907,6369,0.4003897655120387,4,16.0,45.095664978027344,43.42728042602539,0.4416244924068451,237.845458984375,256349,0.9778938293457031,256349
photo-0306-02,000103,256182,6.4522480964660645,0.0,6.4522480964660645,0,,,35.7806396484375,33.486202239990234,6.4522480964660645,252798,-0.12573856115341187,0.43181512511966075,32.57992935180664,29.67938232421875,6.4522480964660645,252294,-0.2681477665901184,0.33898943296313033,31.49020767211914,28.862497329711914,6.4522480964660645,253000,-0.22925399243831635,0.3788695652173913,30.627492904663086,27.95759391784668,6.4522480964660645,252602,-0.20553071796894073,0.39540066982842575,30.627492904663086,27.95759391784668,6.4522480964660645,252602,-0.20553071796894073,0.39540066982842575,976,807,0.826844262295082,4,64.0,103.18819427490234,3958,2395,0.6051035876705407,4,32.0,56.62116622924805,15896,8194,0.5154755913437342,4,16.0,36.225372314453125,30.567596435546875,0.4600479304790497,290.76971435546875,256182,0.9772567749023438,256182
photo-0306-02,000104,256144,6.509096145629883,0.0,6.509096145629883,0,,,45.97882080078125,44.1256217956543,6.509096145629883,252576,-0.06180919334292412,0.4691102875966046,46.99082946777344,44.7468376159668,6.509096145629883,253009,-0.17596206068992615,0.37615657941021863,46.11353302001953,44.200374603271484,6.509096145629883,253200,-0.13293279707431793,0.4016785150078989,45.28072738647461,43.27126693725586,6.509096145629883,252264,-0.14067059755325317,0.408631433736086,45.28072738647461,43.27126693725586,6.509096145629883,252264,-0.14067059755325317,0.408631433736086,974,723,0.742299794661191,4,64.0,111.5379867553711,3959,1759,0.44430411720131346,4,32.0,71.58271026611328,15896,6280,0.3950679416205335,4,16.0,46.44166564941406,45.19932556152344,0.4694247543811798,358.4715576171875,256144,0.97711181640625,256144
photo-0306-02,000105,256197,6.478596210479736,0.0,6.478596210479736,0,,,40.48681640625,39.10789489746094,6.478596210479736,252975,-0.034735966473817825,0.4816800079059196,38.080787658691406,35.88323211669922,6.478596210479736,253115,-0.17229628562927246,0.3731426426723031,37.16480255126953,35.16041564941406,6.478596210479736,253215,-0.1428123265504837,0.39852299429338706,36.16297149658203,34.09620666503906,6.478596210479736,251625,-0.13444088399410248,0.4187342275211128,36.16297149658203,34.09620666503906,6.478596210479736,251625,-0.13444088399410248,0.4187342275211128,974,780,0.8008213552361396,4,64.0,100.79621124267578,3961,1966,0.49633930825549105,4,32.0,59.17988586425781,15900,7182,0.45169811320754716,4,16.0,39.72860336303711,36.10665512084961,0.45416614413261414,318.0823669433594,256197,0.9773139953613281,256197
photo-0306-02,000106,255893,7.066273212432861,0.0,7.066273212432861,0,,,36.36532211303711,35.35518264770508,7.066273212432861,252871,0.06682667881250381,0.5314290685764679,31.634723663330078,29.353120803833008,7.066273212432861,253347,-0.12567178905010223,0.40131913936221864,30.917224884033203,29.073827743530273,7.066273212432861,253420,-0.07350989431142807,0.4467208586536185,30.62649154663086,28.91892433166504,7.066273212432861,253471,-0.03183141350746155,0.482962547983793,30.62649154663086,28.91892433166504,7.066273212432861,253471,-0.03183141350746155,0.482962547983793,974,802,0.8234086242299795,4,64.0,95.90885925292969,3956,2316,0.5854398382204247,4,32.0,53.193817138671875,15880,8266,0.5205289672544081,4,16.0,35.75682830810547,30.588794708251953,0.47760456800460815,405.5849914550781,255893,0.9761543273925781,255893
photo-0306-02,000107,256094,6.8349528312683105,0.0,6.8349528312683105,0,,,38.3613166809082,37.3828010559082,6.8349528312683105,252970,0.06762321293354034,0.5436059611811678,36.32286834716797,34.89728927612305,6.8349528312683105,253365,-0.03085716813802719,0.46069899157342176,35.4825439453125,34.29990005493164,6.8349528312683105,253389,0.0016327376943081617,0.48440934689351156,35.237308502197266,33.892730712890625,6.8349528312683105,253465,-0.006671208888292313,0.4854240230406565,35.237308502197266,33.892730712890625,6.8349528312683105,253465,-0.006671208888292313,0.4854240230406565,974,796,0.8172484599589322,4,64.0,99.07066345214844,3959,2041,0.5155342258145996,4,32.0,57.751644134521484,15895,7655,0.4815979867882982,4,16.0,39.446441650390625,35.20027542114258,0.5017037987709045,392.9297180175781,256094,0.9769210815429688,256094
photo-0306-02,000108,256138,6.9206366539001465,0.0,6.9206366539001465,0,,,43.23136901855469,43.42138671875,6.9206366539001465,253004,0.234657883644104,0.6072315062212456,45.957672119140625,45.06391143798828,6.9206366539001465,253225,0.006498682778328657,0.4885813012143351,44.62995910644531,43.8129768371582,6.9206366539001465,253254,0.03757161647081375,0.5076010645438966,43.0882568359375,42.08141326904297,6.9206366539001465,253183,0.011875297874212265,0.483207798311893,43.0882568359375,42.08141326904297,6.9206366539001465,253183,0.011875297874212265,0.483207798311893,976,756,0.7745901639344263,4,64.0,101.63460540771484,3958,1663,0.42016169782718543,4,32.0,66.73211669921875,15897,6157,0.38730578096496193,4,16.0,44.5328483581543,43.07149887084961,0.5024726390838623,475.1143493652344,256138,0.9770889282226562,256138
photo-0306-02,000109,256343,6.751180171966553,0.0,6.751180171966553,0,,,36.12063980102539,36.246055603027344,6.751180171966553,252785,0.22215113043785095,0.622327274165793,31.48188018798828,31.218992233276367,6.751180171966553,253479,0.1107170432806015,0.5873346509967295,30.397550582885742,30.255142211914062,6.751180171966553,253605,0.12077326327562332,0.5801423473511957,29.462007522583008,28.792936325073242,6.751180171966553,253637,0.09748727083206177,0.5888021069481187,29.462007522583008,28.792936325073242,6.751180171966553,253637,0.09748727083206177,0.5888021069481187,976,828,0.8483606557377049,4,64.0,90.18135070800781,3964,2297,0.579465186680121,4,32.0,50.76264572143555,15912,8812,0.5537958773252891,4,16.0,36.390296936035156,29.454193115234375,0.4866292476654053,418.1104736328125,256343,0.9778709411621094,256343
photo-0306-02,000110,256212,7.13946008682251,0.0,7.13946008682251,0,,,42.79832458496094,43.173152923583984,7.13946008682251,253806,0.20992708206176758,0.6103480611175465,43.79389572143555,43.428382873535156,7.13946008682251,253789,0.06664783507585526,0.5404410750662952,42.91789245605469,42.519371032714844,7.13946008682251,253798,0.06314235180616379,0.538731589689438,42.500484466552734,41.8458137512207,7.13946008682251,253599,0.05071472376585007,0.5293632861328318,42.500484466552734,41.8458137512207,7.13946008682251,253599,0.05071472376585007,0.5293632861328318,976,763,0.7817622950819673,4,64.0,96.48896789550781,3961,1648,0.4160565513759152,4,32.0,61.26850891113281,15908,6032,0.3791802866482273,4,16.0,41.70207214355469,42.53361129760742,0.49155646562576294,441.3678283691406,256212,0.9773712158203125,256212
photo-0306-02,000111,256415,7.0355119705200195,0.0,7.0355119705200195,0,,,39.18387985229492,39.0803337097168,7.0355119705200195,253585,0.14736723899841309,0.5764023897312538,39.487327575683594,38.45170593261719,7.0355119705200195,253799,0.007194127421826124,0.5168420679356499,38.29925537109375,37.3370246887207,7.0355119705200195,253796,0.013157341629266739,0.5132744408895333,37.33899688720703,35.876583099365234,7.0355119705200195,253602,-0.016643449664115906,0.5055322907548048,37.33899688720703,35.876583099365234,7.0355119705200195,253602,-0.016643449664115906,0.5055322907548048,977,792,0.8106448311156602,4,64.0,95.39608001708984,3963,1956,0.49356548069644207,4,32.0,59.248992919921875,15920,6754,0.4242462311557789,4,16.0,39.49247741699219,37.34953689575195,0.4825913608074188,448.4515075683594,256415,0.9781455993652344,256415
photo-0306-02,000112,256711,6.780361652374268,0.0,6.780361652374268,0,,,41.217472076416016,40.24386978149414,6.780361652374268,253505,0.0838390588760376,0.5492514940533717,42.48360824584961,40.699913024902344,6.780361652374268,253864,-0.08574002236127853,0.45967132007689154,41.48708724975586,39.815162658691406,6.780361652374268,253879,-0.055561695247888565,0.4744464882877276,41.33512496948242,39.49092102050781,6.780361652374268,253922,-0.070331871509552,0.4688487015697734,41.33512496948242,39.49092102050781,6.780361652374268,253922,-0.070331871509552,0.4688487015697734,980,785,0.8010204081632653,4,64.0,98.81951904296875,3968,1776,0.4475806451612903,4,32.0,61.86231994628906,15940,6516,0.4087829360100376,4,16.0,42.250648498535156,41.311073303222656,0.48232966661453247,395.0154113769531,256711,0.9792747497558594,256711
photo-0306-02,000113,256760,6.940586566925049,0.0,6.940586566925049,0,,,41.53630447387695,40.40697479248047,6.940586566925049,252060,0.07823646068572998,0.5434896453225423,39.41609573364258,37.195709228515625,6.940586566925049,253854,-0.11892462521791458,0.456731034374089,38.304622650146484,36.293758392333984,6.940586566925049,253847,-0.07112227380275726,0.47521932502649233,37.12908172607422,34.98198318481445,6.940586566925049,253921,-0.08512872457504272,0.48882132631802805,37.12908172607422,34.98198318481445,6.940586566925049,253921,-0.08512872457504272,0.48882132631802805,979,792,0.8089887640449438,4,64.0,101.34172058105469,3969,1913,0.4819853867472915,4,32.0,59.45285415649414,15945,7231,0.4534963938538727,4,16.0,41.18128204345703,37.10462951660156,0.4964883029460907,427.39678955078125,256760,0.979461669921875,256760
photo-0306-02,000114,256897,6.979189872741699,0.0,6.979189872741699,0,,,35.59378433227539,34.308570861816406,6.979189872741699,253805,0.0596180260181427,0.531687713008018,33.3689079284668,31.16400909423828,6.979189872741699,253022,-0.1034269630908966,0.46531922125348785,32.0604248046875,30.167848587036133,6.979189872741699,253800,-0.04699859023094177,0.4869700551615445,30.951141357421875,28.853288650512695,6.979189872741699,253402,-0.06646835058927536,0.4859827467817934,30.951141357421875,28.853288650512695,6.979189872741699,253402,-0.06646835058927536,0.4859827467817934,981,838,0.854230377166157,4,64.0,99.1892318725586,3969,2242,0.564877802973041,4,32.0,52.840328216552734,15953,7688,0.4819156271547671,4,16.0,35.71206283569336,30.94334602355957,0.5101383328437805,409.0761413574219,256897,0.9799842834472656,256897
photo-0306-02,000115,257169,6.798024654388428,0.0,6.798024654388428,0,,,34.60795593261719,32.71017074584961,6.798024654388428,253041,-0.0729762390255928,0.4299145197813793,34.971710205078125,32.08364486694336,6.798024654388428,253625,-0.2175435721874237,0.39648299655002467,33.92399978637695,31.23613739013672,6.798024654388428,253282,-0.16448335349559784,0.41560000315853474,32.96129608154297,30.100126266479492,6.798024654388428,253417,-0.1945337951183319,0.4099764419908688,32.96129608154297,30.100126266479492,6.798024654388428,253417,-0.1945337951183319,0.4099764419908688,984,841,0.8546747967479674,4,64.0,99.44695281982422,3974,2194,0.5520885757423251,4,32.0,55.738800048828125,15970,7411,0.46405760801502816,4,16.0,37.13405227661133,32.966365814208984,0.45927128195762634,371.06170654296875,257169,0.9810218811035156,257169
photo-0306-02,000116,257471,6.569705486297607,0.0,6.569705486297607,0,,,34.47370529174805,32.330421447753906,6.569705486297607,253544,-0.10682699084281921,0.4109385353232575,33.62958526611328,31.051185607910156,6.569705486297607,253618,-0.19773896038532257,0.4084568130022317,32.59302520751953,30.22511863708496,6.569705486297607,252905,-0.15114900469779968,0.42532176113560427,31.491226196289062,28.940811157226562,6.569705486297607,252800,-0.17481230199337006,0.41568433544303796,31.491226196289062,28.940811157226562,6.569705486297607,252800,-0.17481230199337006,0.41568433544303796,986,855,0.8671399594320487,4,64.0,97.37510681152344,3981,2262,0.5681989449886963,4,32.0,53.723079681396484,15990,7498,0.4689180737961226,4,16.0,35.48459243774414,31.501359939575195,0.4555891752243042,370.97418212890625,257471,0.9821739196777344,257471
photo-0306-02,000117,257317,7.070022106170654,0.0,7.070022106170654,0,,,32.363765716552734,30.449024200439453,7.070022106170654,253025,-0.043998852372169495,0.45650034581563087,26.438114166259766,23.748252868652344,7.070022106170654,253071,-0.16826237738132477,0.42903374942209893,25.89603614807129,23.34847068786621,7.070022106170654,253512,-0.13876397907733917,0.4290092776673294,25.644384384155273,22.988262176513672,7.070022106170654,253035,-0.1330576390028,0.4361689094394056,25.644384384155273,22.988262176513672,7.070022106170654,253035,-0.1330576390028,0.4361689094394056,986,894,0.9066937119675457,4,64.0,92.5337142944336,3980,2806,0.7050251256281407,4,32.0,46.15382766723633,15984,9278,0.5804554554554554,4,16.0,31.865022659301758,25.658933639526367,0.46613839268684387,410.05303955078125,257317,0.9815864562988281,257317
photo-0306-02,000118,257998,6.22659158706665,0.0,6.22659158706665,0,,,34.45304870605469,32.217308044433594,6.22659158706665,253293,-0.10643550753593445,0.42371088028488746,31.988046646118164,28.72203826904297,6.22659158706665,253291,-0.31490641832351685,0.3581137900675508,30.606582641601562,27.525827407836914,6.22659158706665,250124,-0.25857236981391907,0.3935008235914986,29.60681915283203,26.451969146728516,6.22659158706665,252560,-0.2736794054508209,0.3804284130503643,29.60681915283203,26.451969146728516,6.22659158706665,252560,-0.2736794054508209,0.3804284130503643,991,874,0.8819374369323916,4,64.0,92.4344482421875,3993,2466,0.6175807663410969,4,32.0,53.23447036743164,16030,8379,0.522707423580786,4,16.0,35.38215637207031,29.586986541748047,0.4108791649341583,286.4270324707031,257998,0.9841842651367188,257998
photo-0306-02,000119,257961,6.527642726898193,0.0,6.527642726898193,0,,,41.964054107666016,39.679508209228516,6.527642726898193,253300,-0.1472790241241455,0.4381721279115673,43.641700744628906,39.82399368286133,6.527642726898193,253219,-0.38079309463500977,0.3111772813256509,42.708560943603516,39.014896392822266,6.527642726898193,252554,-0.3457626700401306,0.3357420591239893,42.05445098876953,38.13835144042969,6.527642726898193,253504,-0.401559978723526,0.30355339560716993,42.05445098876953,38.13835144042969,6.527642726898193,253504,-0.401559978723526,0.30355339560716993,991,783,0.7901109989909183,4,64.0,102.07173919677734,3992,1808,0.4529058116232465,4,32.0,65.19232177734375,16027,6238,0.3892181942971236,4,16.0,42.97590637207031,42.04377365112305,0.4225018620491028,246.06170654296875,257961,0.9840431213378906,257961
photo-0306-02,000120,258496,5.922821521759033,0.0,5.922821521759033,0,,,41.092857360839844,38.46361541748047,5.922821521759033,251556,-0.23007012903690338,0.38969056591772805,46.547706604003906,42.728782653808594,5.922821521759033,253011,-0.4756440818309784,0.25558572552181524,45.655189514160156,41.96754837036133,5.922821521759033,252204,-0.44605588912963867,0.27954750915925203,45.06487274169922,41.22369384765625,5.922821521759033,252468,-0.4812750220298767,0.25944278086727823,45.06487274169922,41.22369384765625,5.922821521759033,252468,-0.4812750220298767,0.25944278086727823,996,783,0.786144578313253,4,64.0,102.4157485961914,4004,1739,0.4343156843156843,4,32.0,69.43893432617188,16062,6105,0.38008965259618976,4,16.0,45.25747299194336,45.0778694152832,0.40758979320526123,217.10154724121094,258496,0.986083984375,258496
photo-0306-02,000121,258767,5.704874515533447,0.0,5.704874515533447,0,,,39.72236633300781,37.354400634765625,5.704874515533447,252008,-0.24716858565807343,0.37805942668486714,41.39659881591797,37.8775520324707,5.704874515533447,252422,-0.44927242398262024,0.27366869765709806,40.215030670166016,36.776771545410156,5.704874515533447,252292,-0.42016100883483887,0.2959071234918269,39.04882049560547,35.44314956665039,5.704874515533447,252419,-0.45839476585388184,0.2665964131067788,39.04882049560547,35.44314956665039,5.704874515533447,252419,-0.45839476585388184,0.2665964131067788,997,797,0.7993981945837513,4,64.0,96.51968383789062,4010,1877,0.46807980049875314,4,32.0,62.315120697021484,16080,6604,0.41069651741293534,4,16.0,41.06122589111328,39.052268981933594,0.3971191644668579,190.176025390625,258767,0.9871177673339844,258767
photo-0306-02,000122,258599,6.187682151794434,0.0,6.187682151794434,0,,,42.73183059692383,39.72032165527344,6.187682151794434,252834,-0.3775348663330078,0.2970170151166378,44.504859924316406,40.46550369262695,6.187682151794434,252556,-0.4783719778060913,0.2623299387066631,43.617191314697266,39.68458938598633,6.187682151794434,252038,-0.44959986209869385,0.2757361985097485,42.78949737548828,38.60779571533203,6.187682151794434,252398,-0.5103868246078491,0.24031093748761875,42.78949737548828,38.60779571533203,6.187682151794434,252398,-0.5103868246078491,0.24031093748761875,995,782,0.785929648241206,4,64.0,102.62989807128906,4007,1796,0.44821562266034437,4,32.0,66.16849517822266,16071,6330,0.3938771700578682,4,16.0,43.9620361328125,42.7374153137207,0.38346758484840393,166.38998413085938,258599,0.9864768981933594,258599
photo-0306-02,000123,258555,6.460083484649658,0.0,6.460083484649658,0,,,41.944644927978516,37.98820495605469,6.460083484649658,257692,-0.46457892656326294,0.2021638234791922,44.06760787963867,39.65771484375,6.460083484649658,257495,-0.46783193945884705,0.26348861142934815,43.11756896972656,38.83474349975586,6.460083484649658,257191,-0.4339161515235901,0.2806668973642157,42.587913513183594,38.060482025146484,6.460083484649658,257255,-0.48034021258354187,0.2519873277487318,42.587913513183594,38.060482025146484,6.460083484649658,257255,-0.48034021258354187,0.2519873277487318,994,796,0.8008048289738431,4,64.0,103.35508728027344,4005,1794,0.44794007490636706,4,32.0,65.59437561035156,16062,6313,0.39303947204582246,4,16.0,43.39025115966797,42.55191421508789,0.3870652914047241,167.0704803466797,258555,0.9863090515136719,258555
photo-0306-02,000124,258516,6.667993068695068,0.0,6.667993068695068,0,,,34.399070739746094,30.497400283813477,6.667993068695068,258108,-0.42313602566719055,0.23781517814248299,31.785104751586914,27.278364181518555,6.667993068695068,258196,-0.46026498079299927,0.26944259399835785,30.77845573425293,26.52682876586914,6.667993068695068,258068,-0.3907642364501953,0.30450113923462035,29.83378791809082,25.527965545654297,6.667993068695068,257800,-0.3822551369667053,0.3012839410395656,29.83378791809082,25.527965545654297,6.667993068695068,257800,-0.3822551369667053,0.3012839410395656,993,846,0.851963746223565,4,64.0,98.37911987304688,4003,2329,0.5818136397701724,4,32.0,52.51286697387695,16069,7892,0.4911319932789844,4,16.0,34.12053680419922,29.82111930847168,0.398963063955307,187.46530151367188,258516,0.9861602783203125,258516
photo-0306-02,000125,258247,7.397574424743652,0.0,7.397574424743652,0,,,33.114559173583984,28.870115280151367,7.397574424743652,257933,-0.38185572624206543,0.266995692679882,28.517541885375977,24.084720611572266,7.397574424743652,258009,-0.3506830334663391,0.3205818401683662,28.09547996520996,23.90786361694336,7.397574424743652,257444,-0.30381011962890625,0.3426376221624897,27.922250747680664,23.629884719848633,7.397574424743652,257520,-0.3057183623313904,0.33265765765765765,27.922250747680664,23.629884719848633,7.397574424743652,257520,-0.3057183623313904,0.33265765765765765,991,855,0.8627648839556004,4,64.0,98.33859252929688,4001,2432,0.6078480379905024,4,32.0,49.525325775146484,16058,8858,0.551625358076971,4,16.0,34.07293701171875,27.909225463867188,0.4155053198337555,209.0355987548828,258247,0.9851341247558594,258247
photo-0306-02,000126,258369,7.679467678070068,0.0,7.679467678070068,0,,,34.344242095947266,29.906654357910156,7.679467678070068,256905,-0.3961695432662964,0.2471847570113466,31.792015075683594,26.726499557495117,7.679467678070068,257671,-0.4702330529689789,0.2504666803792433,30.851102828979492,25.926464080810547,7.679467678070068,258031,-0.42497143149375916,0.2827295945060865,30.102428436279297,25.06555938720703,7.679467678070068,257996,-0.43264079093933105,0.2790043256484597,30.102428436279297,25.06555938720703,7.679467678070068,257996,-0.43264079093933105,0.2790043256484597,992,837,0.84375,4,64.0,89.74609375,4012,2275,0.5670488534396809,4,32.0,51.352256774902344,16070,7479,0.4654013690105787,4,16.0,33.38071823120117,30.121967315673828,0.4153929650783539,220.04928588867188,258369,0.9855995178222656,258369
photo-0306-02,000127,258786,7.304093360900879,0.0,7.304093360900879,0,,,35.00487518310547,31.17759895324707,7.304093360900879,258691,-0.3692842423915863,0.2787379537749671,35.92767333984375,30.82411766052246,7.304093360900879,258416,-0.5342731475830078,0.2117593337873816,34.794273376464844,29.734115600585938,7.304093360900879,257941,-0.507604718208313,0.24578101193683827,34.190147399902344,29.12019157409668,7.304093360900879,258616,-0.5069219470024109,0.236551489467009,34.190147399902344,29.12019157409668,7.304093360900879,258616,-0.5069219470024109,0.236551489467009,992,823,0.8296370967741935,4,64.0,91.58493041992188,4025,2010,0.4993788819875776,4,32.0,52.75897979736328,16102,6466,0.401565022978512,4,16.0,34.5828857421875,34.190101623535156,0.40563759207725525,198.88673400878906,258786,0.9871902465820312,258786
photo-0306-02,000128,258653,7.714590549468994,0.0,7.714590549468994,0,,,39.98683166503906,35.736961364746094,7.714590549468994,258588,-0.3940684199333191,0.2719113029220227,41.47703552246094,36.29611587524414,7.714590549468994,258242,-0.5141924023628235,0.22448323665399122,40.193321228027344,35.21438217163086,7.714590549468994,258241,-0.4801739752292633,0.25419278890648656,39.68272018432617,34.78197479248047,7.714590549468994,258263,-0.46855628490448,0.25627364353391696,39.68272018432617,34.78197479248047,7.714590549468994,258263,-0.46855628490448,0.25627364353391696,992,799,0.8054435483870968,4,64.0,100.20714569091797,4028,1744,0.4329692154915591,4,32.0,59.35226058959961,16085,6100,0.3792353124028598,4,16.0,39.584136962890625,39.67176055908203,0.4106982350349426,225.36959838867188,258653,0.9866828918457031,258653
photo-0306-02,000129,257919,9.098111152648926,0.0,9.098111152648926,0,,,35.05754470825195,30.612680435180664,9.098111152648926,257723,-0.27483418583869934,0.33708671713428756,34.64595413208008,29.38614845275879,9.098111152648926,257538,-0.39590024948120117,0.26639952162399333,34.002197265625,28.993797302246094,9.098111152648926,257490,-0.3534483313560486,0.29880772068818207,33.6598014831543,28.467195510864258,9.098111152648926,256796,-0.36083540320396423,0.2928589230361844,33.6598014831543,28.467195510864258,9.098111152648926,256796,-0.36083540320396423,0.2928589230361844,992,844,0.8508064516129032,4,64.0,93.29023742675781,4018,2342,0.5828770532603286,4,32.0,55.648681640625,16036,7235,0.45117236218508355,4,16.0,36.478370666503906,33.63506317138672,0.43866485357284546,276.5505676269531,257919,0.9838829040527344,257919
photo-0306-02,000130,258243,8.98647689819336,0.0,8.98647689819336,0,,,33.49702453613281,29.86249351501465,8.98647689819336,256856,-0.1985669583082199,0.35812283925623695,32.653018951416016,29.40214729309082,8.98647689819336,258243,-0.20169875025749207,0.34661539712596273,31.867992401123047,28.663990020751953,8.98647689819336,258050,-0.18446318805217743,0.3591242007362914,31.212968826293945,28.040935516357422,8.98647689819336,257614,-0.14662683010101318,0.38280140054500145,31.212968826293945,28.040935516357422,8.98647689819336,257614,-0.14662683010101318,0.38280140054500145,992,858,0.8649193548387096,4,64.0,91.75569915771484,4032,2318,0.5749007936507936,4,32.0,51.781585693359375,16112,7429,0.46108490566037735,4,16.0,34.48930358886719,31.19661521911621,0.4325370490550995,310.6727600097656,258243,0.9851188659667969,258243
photo-0306-02,000131,258295,9.026182174682617,0.0,9.026182174682617,0,,,35.4843864440918,33.400699615478516,9.026182174682617,258146,-0.0830145999789238,0.4275216350437349,33.930728912353516,30.927019119262695,9.026182174682617,258295,-0.19517628848552704,0.37037108732263496,33.23273849487305,30.2257137298584,9.026182174682617,257989,-0.1847313642501831,0.3662171642977026,32.975589752197266,29.666696548461914,9.026182174682617,257723,-0.1999952644109726,0.3694160009001913,32.975589752197266,29.666696548461914,9.026182174682617,257723,-0.1999952644109726,0.3694160009001913,992,850,0.8568548387096774,4,64.0,93.56559753417969,4032,2336,0.5793650793650794,4,32.0,55.25603485107422,16128,7717,0.478484623015873,4,16.0,36.75737380981445,32.98512268066406,0.45319241285324097,301.8998718261719,258295,0.9853172302246094,258295
photo-0306-02,000132,257702,10.352313041687012,0.0,10.352313041687012,0,,,36.576202392578125,34.395751953125,10.352313041687012,257619,-0.03442433103919029,0.4645697716395142,37.04841613769531,32.701576232910156,10.352313041687012,257637,-0.28006044030189514,0.33163714839095315,36.35427474975586,32.07461166381836,10.352313041687012,257610,-0.26896268129348755,0.33728116144559606,35.893314361572266,31.291805267333984,10.352313041687012,256647,-0.27310869097709656,0.33639200925785223,35.893314361572266,31.291805267333984,10.352313041687012,256647,-0.27310869097709656,0.33639200925785223,992,826,0.8326612903225806,4,64.0,96.92390441894531,4032,2094,0.5193452380952381,4,32.0,58.36470413208008,16042,6745,0.42045879566138883,4,16.0,38.27116394042969,35.9078483581543,0.4254927635192871,329.88250732421875,257702,0.9830551147460938,257702
photo-0306-02,000133,258200,9.518815040588379,0.0,9.518815040588379,0,,,37.836177825927734,37.353816986083984,9.518815040588379,258154,0.08735042810440063,0.5200384266755502,33.0483512878418,31.51456642150879,9.518815040588379,258200,-0.043053414672613144,0.4369674670797831,32.039207458496094,30.432416915893555,9.518815040588379,258200,-0.03866223618388176,0.4401239349341596,30.695453643798828,28.521116256713867,9.518815040588379,258200,-0.06869682669639587,0.4171959721146398,30.695453643798828,28.521116256713867,9.518815040588379,258200,-0.06869682669639587,0.4171959721146398,992,845,0.8518145161290323,4,64.0,110.4714126586914,4032,2458,0.6096230158730159,4,32.0,55.338016510009766,16128,8267,0.5125868055555556,4,16.0,37.03333282470703,30.70061492919922,0.47001034021377563,338.67041015625,258200,0.984954833984375,258200
photo-0306-02,000134,257775,10.377267837524414,0.0,10.377267837524414,0,,,25.50225257873535,25.171777725219727,10.377267837524414,257264,0.11486546695232391,0.5518961067230549,18.551332473754883,17.546842575073242,10.377267837524414,257600,0.07053107023239136,0.5381211180124224,17.93233299255371,16.974964141845703,10.377267837524414,257651,0.08247458189725876,0.5410691206321729,17.406776428222656,15.244338989257812,10.377267837524414,256126,0.014520341530442238,0.5090463287600634,17.406776428222656,15.244338989257812,10.377267837524414,256126,0.014520341530442238,0.5090463287600634,992,934,0.9415322580645161,4,64.0,84.5075912475586,4032,3539,0.8777281746031746,4,32.0,42.72038269042969,16060,11284,0.7026151930261519,4,16.0,26.45379066467285,17.414072036743164,0.41173502802848816,400.1202392578125,257775,0.9833335876464844,257775
photo-0306-02,000135,257287,11.089879035949707,0.0,11.089879035949707,0,,,29.364126205444336,28.266752243041992,11.089879035949707,256963,0.059610649943351746,0.5093846195755809,24.45720863342285,23.63807487487793,11.089879035949707,257287,0.0678948163986206,0.505563825611088,23.972829818725586,23.179073333740234,11.089879035949707,257287,0.0686851367354393,0.5036437907861648,23.824871063232422,22.51271629333496,11.089879035949707,257287,0.04853273928165436,0.4656939526676435,23.824871063232422,22.51271629333496,11.089879035949707,257287,0.04853273928165436,0.4656939526676435,992,903,0.9102822580645161,4,64.0,88.42716217041016,4018,3009,0.7488800398208064,4,32.0,45.05211639404297,15966,9140,0.5724664912939997,4,16.0,30.22999382019043,23.740049362182617,0.46225422620773315,450.8164978027344,257287,0.9814720153808594,257287
photo-0306-02,000136,257614,10.485322952270508,0.0,10.485322952270508,0,,,33.23329544067383,32.1168212890625,10.485322952270508,257563,-0.00886616762727499,0.4751769469993749,26.55943489074707,25.36980628967285,10.485322952270508,257614,-0.02757994644343853,0.46533961663574186,25.753124237060547,24.692285537719727,10.485322952270508,257614,-0.02139119803905487,0.46172568261041713,25.01888084411621,23.349029541015625,10.485322952270508,257614,-0.04404681548476219,0.44379187466519676,25.01888084411621,23.349029541015625,10.485322952270508,257614,-0.04404681548476219,0.44379187466519676,992,848,0.8548387096774194,4,64.0,97.91197967529297,4017,2817,0.7012696041822255,4,32.0,47.98397445678711,16015,8293,0.5178270371526694,4,16.0,29.801223754882812,24.890235900878906,0.48599973320961,454.8277587890625,257614,0.9827194213867188,257614
photo-0306-02,000137,257546,10.690459251403809,0.0,10.690459251403809,0,,,30.87662124633789,30.133987426757812,10.690459251403809,257457,0.0134339714422822,0.4813930093180609,26.605459213256836,25.361652374267578,10.690459251403809,257546,-0.046154625713825226,0.46882498660433475,26.003799438476562,24.875648498535156,10.690459251403809,257546,-0.03654608130455017,0.4707547389592539,25.689573287963867,24.11582374572754,10.690459251403809,257546,-0.06188167631626129,0.44904987846831246,25.689573287963867,24.11582374572754,10.690459251403809,257546,-0.06188167631626129,0.44904987846831246,992,874,0.8810483870967742,4,64.0,90.82714080810547,4001,2598,0.6493376655836041,4,32.0,46.54526138305664,16016,8009,0.5000624375624375,4,16.0,29.711326599121094,25.62734031677246,0.46039801836013794,474.1038513183594,257546,0.9824600219726562,257546
photo-0306-02,000138,257573,10.458495140075684,0.0,10.458495140075684,0,,,36.262203216552734,33.71122360229492,10.458495140075684,257390,-0.17685304582118988,0.3838416410893974,31.5946102142334,28.110212326049805,10.458495140075684,257573,-0.26754918694496155,0.33423922538464823,30.838472366333008,27.68978500366211,10.458495140075684,257573,-0.2302621752023697,0.34988139284785286,30.00589942932129,26.65237045288086,10.458495140075684,257573,-0.2188270539045334,0.3758934360356093,30.00589942932129,26.65237045288086,10.458495140075684,257573,-0.2188270539045334,0.3758934360356093,992,831,0.8377016129032258,4,64.0,93.09510803222656,4001,2362,0.5903524118970257,4,32.0,51.772117614746094,16009,6698,0.41838965581860205,4,16.0,31.880773544311523,29.864639282226562,0.508296012878418,489.180419921875,257573,0.9825630187988281,257573
photo-0306-02,000139,257382,10.77399730682373,0.0,10.77399730682373,0,,,37.04277420043945,35.230873107910156,10.77399730682373,257358,-0.10957054793834686,0.4014058237940923,31.42325210571289,28.997163772583008,10.77399730682373,257382,-0.12594729661941528,0.3784880061542765,30.43120002746582,28.23650360107422,10.77399730682373,257382,-0.10746254771947861,0.38137476591214614,29.665451049804688,27.303478240966797,10.77399730682373,257382,-0.08672986179590225,0.4208608216580802,29.665451049804688,27.303478240966797,10.77399730682373,257382,-0.08672986179590225,0.4208608216580802,990,828,0.8363636363636363,4,64.0,94.61834716796875,3991,2432,0.6093710849411175,4,32.0,52.90550231933594,16000,7417,0.4635625,4,16.0,33.43490219116211,29.5567569732666,0.530669093132019,521.2144775390625,257382,0.9818344116210938,257382
photo-0306-02,000140,257373,10.944700241088867,0.0,10.944700241088867,0,,,36.82874298095703,34.24449157714844,10.944700241088867,257328,-0.17038576304912567,0.3822320151712989,31.653959274291992,28.53400421142578,10.944700241088867,257373,-0.22005172073841095,0.3516530482995497,30.874357223510742,28.07884407043457,10.944700241088867,257373,-0.19391752779483795,0.3602009534799688,30.020687103271484,26.924766540527344,10.944700241088867,257373,-0.1742171347141266,0.38904624805243754,30.020687103271484,26.924766540527344,10.944700241088867,257373,-0.1742171347141266,0.38904624805243754,990,829,0.8373737373737373,4,64.0,94.3317642211914,3990,2346,0.58796992481203,4,32.0,52.02427291870117,16004,6747,0.4215821044738815,4,16.0,32.37843322753906,29.90732192993164,0.5082182884216309,542.299560546875,257373,0.9818000793457031,257373
photo-0306-02,000141,257530,10.858357429504395,0.0,10.858357429504395,0,,,37.21685791015625,34.74773025512695,10.858357429504395,257399,-0.10758484154939651,0.40796972793212094,32.80988311767578,30.805583953857422,10.858357429504395,257530,-0.1505274921655655,0.38134974566069973,31.869869232177734,30.163677215576172,10.858357429504395,257530,-0.12688589096069336,0.39048654525686327,30.46883773803711,28.500347137451172,10.858357429504395,257530,-0.10836485773324966,0.41043373587543197,30.46883773803711,28.500347137451172,10.858357429504395,257530,-0.10836485773324966,0.41043373587543197,992,848,0.8548387096774194,4,64.0,99.01596069335938,3995,2268,0.5677096370463078,4,32.0,52.956321716308594,16013,7082,0.44226565915193905,4,16.0,34.35204315185547,30.36133575439453,0.4846930503845215,534.3928833007812,257530,0.9823989868164062,257530
photo-0306-02,000142,257792,10.547554969787598,0.0,10.547554969787598,0,,,34.096107482910156,32.10222625732422,10.547554969787598,257657,-0.06932464987039566,0.4058069448918524,28.196535110473633,26.325653076171875,10.547554969787598,257792,-0.10001613199710846,0.39498898336643495,27.184816360473633,25.614015579223633,10.547554969787598,257792,-0.08483816683292389,0.40011714870903675,26.90633201599121,24.99476432800293,10.547554969787598,257792,-0.08644869923591614,0.4138297542204568,26.90633201599121,24.99476432800293,10.547554969787598,257792,-0.08644869923591614,0.4138297542204568,992,859,0.8659274193548387,4,64.0,96.9166488647461,4000,2842,0.7105,4,32.0,50.1322021484375,16036,8464,0.5278124220503866,4,16.0,31.818140029907227,26.820497512817383,0.46400973200798035,522.0204467773438,257792,0.9833984375,257792
photo-0306-02,000143,257426,10.984236717224121,0.0,10.984236717224121,0,,,42.2635498046875,38.959434509277344,10.984236717224121,257284,-0.18626278638839722,0.368036877536108,37.74334716796875,35.44888687133789,10.984236717224121,257426,-0.14830146729946136,0.36807470884836807,36.50596618652344,34.636985778808594,10.984236717224121,257426,-0.11953592300415039,0.37769300692237767,35.6035041809082,33.617374420166016,10.984236717224121,257426,-0.11418770253658295,0.4059457863619059,35.6035041809082,33.617374420166016,10.984236717224121,257426,-0.11418770253658295,0.4059457863619059,988,792,0.8016194331983806,4,64.0,98.13553619384766,3989,2174,0.5449987465530208,4,32.0,58.80263900756836,16016,6543,0.408528971028971,4,16.0,37.55224609375,35.45949172973633,0.5106528997421265,557.2008666992188,257426,0.9820022583007812,257426
photo-0306-02,000144,258141,9.777749061584473,0.0,9.777749061584473,0,,,36.50666427612305,34.47381591796875,9.777749061584473,256642,-0.08855298161506653,0.41652184755418054,31.425363540649414,30.357158660888672,9.777749061584473,258141,-0.086534783244133,0.3963531558334399,30.40215301513672,29.410947799682617,9.777749061584473,258141,-0.07211634516716003,0.3945479408540294,30.0645694732666,28.750219345092773,9.777749061584473,258141,-0.08128718286752701,0.41675673372304284,30.0645694732666,28.750219345092773,9.777749061584473,258141,-0.08128718286752701,0.41675673372304284,992,844,0.8508064516129032,4,64.0,97.3441390991211,3999,2522,0.630657664416104,4,32.0,53.56715393066406,16064,7811,0.4862425298804781,4,16.0,33.71365737915039,29.963186264038086,0.5056099891662598,523.548583984375,258141,0.9847297668457031,258141
photo-0306-02,000145,258308,9.565081596374512,0.0,9.565081596374512,0,,,36.554927825927734,33.63511657714844,9.565081596374512,256496,-0.17833800613880157,0.3712338593974175,31.013734817504883,29.614137649536133,9.565081596374512,258308,-0.1046234741806984,0.37954689750220666,30.09765625,28.788190841674805,9.565081596374512,258308,-0.08642895519733429,0.39300370100809884,29.315265655517578,28.008031845092773,9.565081596374512,258308,-0.07657232135534286,0.4226853213992598,29.315265655517578,28.008031845092773,9.565081596374512,258308,-0.07657232135534286,0.4226853213992598,995,857,0.8613065326633166,4,64.0,95.0821533203125,4002,2506,0.6261869065467266,4,32.0,51.87097930908203,16071,8062,0.5016489328604319,4,16.0,33.37725067138672,29.217639923095703,0.47635510563850403,526.9904174804688,258308,0.9853668212890625,258308
photo-0306-02,000146,257858,10.308666229248047,0.0,10.308666229248047,0,,,31.035961151123047,28.608428955078125,10.308666229248047,257566,-0.06908658891916275,0.4406443397032217,22.495641708374023,22.248414993286133,10.308666229248047,257709,0.03972584381699562,0.4989076826963746,21.520870208740234,21.695621490478516,10.308666229248047,257724,0.07382826507091522,0.5006479800096227,20.673540115356445,20.886735916137695,10.308666229248047,257812,0.09492399543523788,0.5110041425534886,20.673540115356445,20.886735916137695,10.308666229248047,257812,0.09492399543523788,0.5110041425534886,993,900,0.9063444108761329,4,64.0,91.21741485595703,3993,3303,0.8271975957926371,4,32.0,47.09660720825195,16039,10037,0.6257871438368976,4,16.0,28.11690330505371,20.578842163085938,0.4700532853603363,558.828857421875,257858,0.9836502075195312,257858
photo-0306-02,000147,258035,9.948138236999512,0.0,9.948138236999512,0,,,39.21986770629883,36.581424713134766,9.948138236999512,257938,-0.11712568998336792,0.40687684637393484,36.05283737182617,34.722312927246094,9.948138236999512,258035,-0.14132697880268097,0.39401631561609857,34.76276779174805,33.451271057128906,9.948138236999512,258035,-0.11859465390443802,0.39884899335361484,33.91094970703125,32.21537399291992,9.948138236999512,258035,-0.12669934332370758,0.410917123646017,33.91094970703125,32.21537399291992,9.948138236999512,258035,-0.12669934332370758,0.410917123646017,993,798,0.8036253776435045,4,64.0,93.47021484375,3998,2250,0.5627813906953477,4,32.0,57.68474578857422,16050,6932,0.43190031152647973,4,16.0,36.21218490600586,33.7748908996582,0.48829421401023865,565.5481567382812,258035,0.9843254089355469,258035
photo-0306-02,000148,257975,10.053332328796387,0.0,10.053332328796387,0,,,33.39723205566406,33.10675811767578,10.053332328796387,257850,-0.005362949799746275,0.4873065735892961,29.915891647338867,30.20768928527832,10.053332328796387,257975,-0.01567286066710949,0.45609458280841164,28.79294776916504,29.259462356567383,10.053332328796387,257975,0.012883205898106098,0.4663475142940207,27.91029930114746,28.085161209106445,10.053332328796387,257975,0.02289312332868576,0.4984940401201667,27.91029930114746,28.085161209106445,10.053332328796387,257975,0.02289312332868576,0.4984940401201667,994,861,0.8661971830985915,4,64.0,91.2698745727539,3997,2549,0.6377282962221666,4,32.0,51.60346603393555,16042,8282,0.5162697917965341,4,16.0,32.940738677978516,27.79613494873047,0.46876248717308044,562.3151245117188,257975,0.9840965270996094,257975
photo-0306-02,000149,258337,9.462986946105957,0.0,9.462986946105957,0,,,36.35026931762695,35.76203155517578,9.462986946105957,258155,-0.042781706899404526,0.46005694253452384,33.24079513549805,34.09162139892578,9.462986946105957,258337,0.00760692497715354,0.4795635158726779,32.40335464477539,33.22486114501953,9.462986946105957,258264,0.026041526347398758,0.48566195830622927,31.537561416625977,32.02096939086914,9.462986946105957,258337,0.011717251501977444,0.4928368758636974,31.537561416625977,32.02096939086914,9.462986946105957,258337,0.011717251501977444,0.4928368758636974,998,836,0.8376753507014028,4,64.0,97.12886047363281,4001,2426,0.6063484128967758,4,32.0,56.53774642944336,16072,8093,0.5035465405674465,4,16.0,36.49079895019531,31.441152572631836,0.4641572833061218,523.5616455078125,258337,0.9854774475097656,258337
photo-0306-02,000150,258624,8.899282455444336,0.0,8.899282455444336,0,,,31.783859252929688,31.36458969116211,8.899282455444336,257343,0.003078042296692729,0.48169174992131125,25.745866775512695,26.73990249633789,8.899282455444336,257857,0.06606071442365646,0.5308252248339196,24.587604522705078,25.55514907836914,8.899282455444336,257857,0.08865683525800705,0.5348701024211093,23.75713348388672,24.25330352783203,8.899282455444336,257857,0.06813616305589676,0.5468147073765692,23.75713348388672,24.25330352783203,8.899282455444336,257857,0.06813616305589676,0.5468147073765692,1000,892,0.892,4,64.0,88.87648010253906,4007,3186,0.7951085600199651,4,32.0,51.48178482055664,16090,9922,0.6166563082660037,4,16.0,31.26064682006836,23.697490692138672,0.46840715408325195,510.09649658203125,258624,0.986572265625,258624
photo-0306-02,000151,258596,8.818143844604492,0.0,8.818143844604492,0,,,31.279258728027344,31.755342483520508,8.818143844604492,256036,0.07253999263048172,0.546204440000625,25.52718734741211,26.791614532470703,8.818143844604492,256534,0.11173252016305923,0.5465981117512688,24.38719940185547,25.79085922241211,8.818143844604492,256534,0.14683344960212708,0.5659834563839491,23.66893196105957,24.79633140563965,8.818143844604492,256534,0.1396157443523407,0.5811198515596373,23.66893196105957,24.79633140563965,8.818143844604492,256534,0.1396157443523407,0.5811198515596373,998,884,0.8857715430861723,4,64.0,94.74903869628906,4006,3087,0.7705941088367448,4,32.0,51.171810150146484,16090,10092,0.6272218769422001,4,16.0,31.7099552154541,23.61583137512207,0.4748707115650177,520.9189453125,258596,0.9864654541015625,258596
photo-0306-02,000152,258116,9.507617950439453,0.0,9.507617950439453,0,,,38.92284393310547,38.0378303527832,9.507617950439453,256158,-0.06246327608823776,0.4485551885945393,38.2523307800293,38.0894775390625,9.507617950439453,256239,-0.07404220104217529,0.42055268713974064,37.33070373535156,37.24080276489258,9.507617950439453,256234,-0.04949789121747017,0.43662433556826963,36.2022819519043,35.76628112792969,9.507617950439453,256239,-0.056817054748535156,0.4507315435979691,36.2022819519043,35.76628112792969,9.507617950439453,256239,-0.056817054748535156,0.4507315435979691,995,800,0.8040201005025126,4,64.0,97.24637603759766,3996,2303,0.5763263263263263,4,32.0,63.410892486572266,16058,7396,0.46058039606426704,4,16.0,39.93083572387695,36.11642074584961,0.45957374572753906,541.1573486328125,258116,0.9846343994140625,258116
photo-0306-02,000153,258018,9.589179039001465,0.0,9.589179039001465,0,,,30.37094497680664,29.904285430908203,9.589179039001465,257059,0.04482275992631912,0.531329383526739,24.536252975463867,25.75311279296875,9.589179039001465,257460,0.06904745101928711,0.5048861959139284,23.401134490966797,24.63452911376953,9.589179039001465,257528,0.099082350730896,0.5220791525581684,22.388879776000977,23.13405418395996,9.589179039001465,257528,0.08720893412828445,0.5487791618775434,22.388879776000977,23.13405418395996,9.589179039001465,257528,0.08720893412828445,0.5487791618775434,995,890,0.8944723618090452,4,64.0,89.58548736572266,3995,2999,0.7506883604505632,4,32.0,48.6871452331543,16048,9932,0.6188933200398804,4,16.0,29.605308532714844,22.313907623291016,0.4679737985134125,562.7076416015625,258018,0.9842605590820312,258018
photo-0306-02,000154,257876,9.611308097839355,0.0,9.611308097839355,0,,,31.427824020385742,30.900062561035156,9.611308097839355,254579,0.05932092294096947,0.5267323699126794,25.358184814453125,25.876155853271484,9.611308097839355,254921,0.0025439434684813023,0.4740331318329992,24.25322914123535,25.103527069091797,9.611308097839355,254921,0.04013508930802345,0.4928977997104986,22.869165420532227,23.403554916381836,9.611308097839355,254921,0.07020992040634155,0.5342360966730869,22.869165420532227,23.403554916381836,9.611308097839355,254921,0.07020992040634155,0.5342360966730869,993,873,0.879154078549849,4,64.0,91.97478485107422,3993,3273,0.8196844477836214,4,32.0,55.70343017578125,16039,9768,0.6090155246586445,4,16.0,30.736156463623047,22.815780639648438,0.4574601650238037,542.2128295898438,257876,0.9837188720703125,257876
photo-0306-02,000155,258016,9.27091121673584,0.0,9.27091121673584,0,,,31.16668701171875,31.02237319946289,9.27091121673584,254536,0.12230852246284485,0.5775685954049722,27.69150161743164,28.86618995666504,9.27091121673584,254960,0.14188241958618164,0.5756040163162849,26.567678451538086,28.092025756835938,9.27091121673584,254639,0.18522895872592926,0.5991305338145374,25.286924362182617,27.045202255249023,9.27091121673584,254830,0.23712117969989777,0.6377114154534396,25.286924362182617,27.045202255249023,9.27091121673584,254830,0.23712117969989777,0.6377114154534396,993,867,0.8731117824773413,4,64.0,93.77653503417969,3995,2776,0.6948685857321653,4,32.0,53.54798889160156,16046,9644,0.6010220615729777,4,16.0,33.84246826171875,25.239303588867188,0.49148890376091003,546.89208984375,258016,0.9842529296875,258016
photo-0306-02,000156,257911,9.285466194152832,0.0,9.285466194152832,0,,,31.04649543762207,32.875823974609375,9.285466194152832,253917,0.20455774664878845,0.6060208650858351,26.87215805053711,28.689775466918945,9.285466194152832,254129,0.12858714163303375,0.5385926045433619,25.83853530883789,27.607641220092773,9.285466194152832,253808,0.1591319739818573,0.5553765050747022,24.719470977783203,26.33620262145996,9.285466194152832,254009,0.1740858256816864,0.5797826061281293,24.719470977783203,26.33620262145996,9.285466194152832,254009,0.1740858256816864,0.5797826061281293,993,875,0.8811681772406847,4,64.0,94.09451293945312,3994,2838,0.7105658487731598,4,32.0,52.01560592651367,16042,9971,0.6215559157212318,4,16.0,32.95584487915039,24.669876098632812,0.4875648319721222,530.2266845703125,257911,0.9838523864746094,257911
photo-0306-02,000157,257825,9.251015663146973,0.0,9.251015663146973,0,,,28.1021728515625,29.437314987182617,9.251015663146973,254397,0.17390786111354828,0.6024363494852534,24.022363662719727,25.33551788330078,9.251015663146973,254257,0.13104084134101868,0.5520162670054315,23.026235580444336,24.31212043762207,9.251015663146973,254487,0.15224403142929077,0.5617536455693218,22.09557342529297,23.01728630065918,9.251015663146973,254566,0.13391177356243134,0.5796964245028794,22.09557342529297,23.01728630065918,9.251015663146973,254566,0.13391177356243134,0.5796964245028794,992,909,0.9163306451612904,4,64.0,84.66500091552734,3993,3432,0.859504132231405,4,32.0,54.4799690246582,16034,10736,0.6695771485593115,4,16.0,30.504194259643555,22.043306350708008,0.4884062111377716,532.7604370117188,257825,0.9835243225097656,257825
photo-0306-02,000158,256827,10.704689025878906,0.0,10.704689025878906,0,,,29.8966007232666,28.865612030029297,10.704689025878906,255803,0.0119969192892313,0.5169485893441438,24.753347396850586,24.77396583557129,10.704689025878906,255961,-0.010734545066952705,0.450642871374936,24.068649291992188,24.221460342407227,10.704689025878906,255289,0.015790093690156937,0.46452060214110286,23.27384376525879,23.301328659057617,10.704689025878906,255961,0.030368255451321602,0.49364942315430865,23.27384376525879,23.301328659057617,10.704689025878906,255961,0.030368255451321602,0.49364942315430865,988,897,0.9078947368421053,4,64.0,86.00472259521484,3976,3099,0.7794265593561368,4,32.0,50.299827575683594,15968,9781,0.6125375751503006,4,16.0,29.47772789001465,23.222871780395508,0.4586537480354309,566.73291015625,256827,0.9797172546386719,256827
photo-0306-02,000159,256774,10.601545333862305,0.0,10.601545333862305,0,,,32.72731018066406,31.874387741088867,10.601545333862305,255764,0.025160422548651695,0.5208121549553495,25.934839248657227,25.74216651916504,10.601545333862305,255993,-0.06092958152294159,0.4385979304121597,25.445039749145508,25.48811912536621,10.601545333862305,255796,-0.03193771839141846,0.449612190964675,24.998483657836914,24.77678108215332,10.601545333862305,255993,-0.010950557887554169,0.465575230572711,24.998483657836914,24.77678108215332,10.601545333862305,255993,-0.010950557887554169,0.465575230572711,987,867,0.878419452887538,4,64.0,94.80402374267578,3976,3111,0.7824446680080482,4,32.0,56.12626266479492,15964,9573,0.5996617389125533,4,16.0,31.834625244140625,24.939346313476562,0.4528677761554718,551.1632080078125,256774,0.9795150756835938,256774
photo-0306-02,000160,256924,10.14719009399414,0.0,10.14719009399414,0,,,22.873348236083984,23.456754684448242,10.14719009399414,254872,0.09981244802474976,0.551892714774475,17.199264526367188,18.091657638549805,10.14719009399414,253382,0.12006159871816635,0.5195594004309698,16.444849014282227,17.599184036254883,10.14719009399414,253949,0.15435293316841125,0.5483975128864457,15.92443561553955,16.908971786499023,10.14719009399414,254776,0.15120916068553925,0.5591539234464785,15.92443561553955,16.908971786499023,10.14719009399414,254776,0.15120916068553925,0.5591539234464785,988,972,0.9838056680161943,4,64.0,69.76408386230469,3979,3670,0.9223422970595627,4,32.0,40.20097351074219,15972,12888,0.8069120961682945,4,16.0,25.050918579101562,15.899730682373047,0.46213147044181824,537.0390625,256924,0.9800872802734375,256924
photo-0306-02,000161,256150,11.217390060424805,0.0,11.217390060424805,0,,,20.549406051635742,23.627559661865234,11.217390060424805,255601,0.2998768985271454,0.6520005790274686,11.354293823242188,15.914408683776855,11.217390060424805,254586,0.48936066031455994,0.7522958842984296,10.811196327209473,15.136687278747559,11.217390060424805,254968,0.44910669326782227,0.7281149006934203,10.547371864318848,14.242419242858887,11.217390060424805,254069,0.44559958577156067,0.7253344563878317,10.547371864318848,14.242419242858887,11.217390060424805,254069,0.44559958577156067,0.7253344563878317,985,983,0.9979695431472081,4,64.0,67.78733825683594,3967,3960,0.9982354423997983,4,32.0,36.52036666870117,15926,14834,0.9314328770563858,4,16.0,24.18921661376953,10.53323745727539,0.44490206241607666,567.3311157226562,256150,0.9771347045898438,256150
photo-0306-02,000162,256434,10.508065223693848,0.0,10.508065223693848,0,,,22.968830108642578,25.40214729309082,10.508065223693848,255182,0.2179371863603592,0.6100508656566686,17.36178207397461,19.66669464111328,10.508065223693848,254762,0.2350507378578186,0.6228519166908723,16.93796157836914,19.421438217163086,10.508065223693848,255136,0.24346600472927094,0.6287195848488649,16.848325729370117,18.596906661987305,10.508065223693848,255075,0.20630985498428345,0.6095540527295893,16.848325729370117,18.596906661987305,10.508065223693848,255075,0.20630985498428345,0.6095540527295893,985,971,0.9857868020304569,4,64.0,74.59942626953125,3971,3773,0.9501385041551247,4,32.0,42.94322967529297,15937,12694,0.7965112630984501,4,16.0,27.54454231262207,16.807636260986328,0.44877564907073975,537.627685546875,256434,0.9782180786132812,256434
photo-0306-02,000163,255988,10.96407413482666,0.0,10.96407413482666,0,,,24.871747970581055,25.682449340820312,10.96407413482666,254630,0.0744621604681015,0.521800259199623,19.88250160217285,19.621511459350586,10.96407413482666,253976,-0.009261853992938995,0.4624334582795225,19.39010238647461,19.446168899536133,10.96407413482666,254366,0.024501411244273186,0.48245834742064586,19.47035789489746,19.353782653808594,10.96407413482666,253477,0.028887124732136726,0.5002939122681742,19.47035789489746,19.353782653808594,10.96407413482666,253477,0.028887124732136726,0.5002939122681742,983,924,0.9399796541200407,4,64.0,81.20977783203125,3963,3634,0.9169820842795862,4,32.0,43.45619583129883,15909,11487,0.7220441259664341,4,16.0,27.259838104248047,19.446189880371094,0.43989822268486023,546.3885498046875,255988,0.9765167236328125,255988
photo-0306-02,000164,255540,11.533187866210938,0.0,11.533187866210938,0,,,15.379385948181152,14.868476867675781,11.533187866210938,253319,0.26226428151130676,0.6227878682609674,9.300592422485352,12.889885902404785,11.533187866210938,254018,0.623908519744873,0.8459006842034816,8.602733612060547,12.86309814453125,11.533187866210938,253294,0.6600050926208496,0.850221481756378,8.482197761535645,12.684725761413574,11.533187866210938,254337,0.6609476804733276,0.876801251882345,8.482197761535645,12.684725761413574,11.533187866210938,254337,0.6609476804733276,0.876801251882345,980,980,1.0,4,64.0,,3959,3959,1.0,4,32.0,,15885,15494,0.9753855838841674,4,16.0,19.51051902770996,8.469343185424805,0.4622955322265625,558.291259765625,255540,0.9748077392578125,255540
photo-0306-02,000165,255222,11.846861839294434,0.0,11.846861839294434,0,,,21.286710739135742,18.757204055786133,11.846861839294434,253332,0.01204319391399622,0.49309206890562585,16.912446975708008,16.42719268798828,11.846861839294434,254753,0.09450633078813553,0.5208339057832488,16.465961456298828,16.6011905670166,11.846861839294434,252997,0.10876700282096863,0.5266544662584932,16.510862350463867,16.942380905151367,11.846861839294434,252003,0.13748431205749512,0.5378269306317782,16.510862350463867,16.942380905151367,11.846861839294434,252003,0.13748431205749512,0.5378269306317782,977,955,0.977482088024565,4,64.0,73.03540802001953,3958,3898,0.9848408287013644,4,32.0,36.74818420410156,15862,12559,0.7917664859412432,4,16.0,24.676301956176758,16.50205421447754,0.4580443799495697,553.6912841796875,255222,0.9735946655273438,255222
photo-0306-02,000166,254737,12.192972183227539,0.0,12.192972183227539,0,,,19.595317840576172,18.543611526489258,12.192972183227539,254403,0.10709449648857117,0.5238696084558752,15.71513557434082,15.437370300292969,12.192972183227539,254265,0.12755638360977173,0.5322321200322498,15.407943725585938,15.693711280822754,12.192972183227539,254233,0.13441085815429688,0.5330543241829345,15.628705024719238,16.37477684020996,12.192972183227539,253647,0.167490154504776,0.5358549480183089,15.628705024719238,16.37477684020996,12.192972183227539,253647,0.167490154504776,0.5358549480183089,974,968,0.9938398357289527,4,64.0,68.58094024658203,3946,3842,0.9736441966548404,4,32.0,37.01741027832031,15833,12691,0.8015537169203563,4,16.0,23.650903701782227,15.64013671875,0.4637462794780731,577.845947265625,254737,0.9717445373535156,254737
photo-0306-02,000167,254150,12.930160522460938,0.0,12.930160522460938,0,,,28.927650451660156,26.966100692749023,12.930160522460938,254074,0.02665252797305584,0.4951431472720546,18.460086822509766,16.943103790283203,12.930160522460938,253377,0.04288819059729576,0.4951357068715787,18.079198837280273,17.35282325744629,12.930160522460938,253819,0.038087397813797,0.4820600506660258,17.64980697631836,16.93526268005371,12.930160522460938,253724,0.08991032093763351,0.5195842726742445,17.64980697631836,16.93526268005371,12.930160522460938,253724,0.08991032093763351,0.5195842726742445,973,870,0.894141829393628,4,64.0,97.95945739746094,3939,3504,0.8895658796648895,4,32.0,49.05160903930664,15793,11331,0.7174697650857975,4,16.0,27.12600326538086,17.623085021972656,0.47571906447410583,601.08740234375,254150,0.9695053100585938,254150
photo-0306-02,000168,253969,12.776350975036621,0.0,12.776350975036621,0,,,31.094791412353516,28.561750411987305,12.776350975036621,253851,-0.026516076177358627,0.4573115725366455,24.063146591186523,22.17321014404297,12.776350975036621,252883,-0.08892147988080978,0.43968950067817925,23.243946075439453,22.02328872680664,12.776350975036621,253043,-0.05877746269106865,0.45225910220792515,22.882596969604492,21.119483947753906,12.776350975036621,253400,-0.039679236710071564,0.46580899763220207,22.882596969604492,21.119483947753906,12.776350975036621,253400,-0.039679236710071564,0.46580899763220207,971,849,0.874356333676622,4,64.0,97.85794830322266,3932,3182,0.8092573753814852,4,32.0,56.11730194091797,15780,9971,0.6318757921419519,4,16.0,30.937288284301758,22.839797973632812,0.4837020933628082,606.5775756835938,253969,0.9688148498535156,253969
photo-0306-02,000169,254182,12.440343856811523,0.0,12.440343856811523,0,,,27.754030227661133,27.127614974975586,12.440343856811523,253571,0.03878119960427284,0.5049039519503413,20.974411010742188,18.99051284790039,12.440343856811523,253205,-0.11344379186630249,0.41834876878418675,20.47603416442871,19.219614028930664,12.440343856811523,253284,-0.07836394757032394,0.44144912430315375,20.274686813354492,18.93738555908203,12.440343856811523,253507,-0.03712441399693489,0.47318220009703876,20.274686813354492,18.93738555908203,12.440343856811523,253507,-0.03712441399693489,0.47318220009703876,973,880,0.9044193216855088,4,64.0,90.63152313232422,3938,3405,0.8646521076688675,4,32.0,51.04125213623047,15797,10727,0.6790529847439387,4,16.0,27.9424991607666,20.24424934387207,0.4698077142238617,577.6315307617188,254182,0.9696273803710938,254182
photo-0306-02,000170,253352,13.404082298278809,0.0,13.404082298278809,0,,,33.6594123840332,32.777137756347656,13.404082298278809,252945,0.0741623044013977,0.543272252861294,26.866687774658203,24.906652450561523,13.404082298278809,252943,-0.08002424985170364,0.4394942734133777,26.03733253479004,24.668163299560547,13.404082298278809,252842,-0.050975460559129715,0.45092587465690037,25.06490707397461,23.785417556762695,13.404082298278809,251807,0.03728148341178894,0.5032346201654442,25.06490707397461,23.785417556762695,13.404082298278809,251807,0.03728148341178894,0.5032346201654442,970,821,0.8463917525773196,4,64.0,106.39404296875,3925,2980,0.759235668789809,4,32.0,59.89912033081055,15740,9281,0.5896442185514612,4,16.0,33.35484313964844,25.038957595825195,0.4728875160217285,602.1773071289062,253352,0.966461181640625,253352
photo-0306-02,000171,253005,13.580641746520996,0.0,13.580641746520996,0,,,36.928260803222656,38.18935012817383,13.580641746520996,252929,0.1847468465566635,0.605632410676514,31.536285400390625,30.470102310180664,13.580641746520996,252844,-0.04846964776515961,0.45083925266172026,30.279155731201172,29.476591110229492,13.580641746520996,252701,-0.02514301799237728,0.45562146568474204,28.93952751159668,28.0013484954834,13.580641746520996,251908,0.024710645899176598,0.468492465503279,28.93952751159668,28.0013484954834,13.580641746520996,251908,0.024710645899176598,0.468492465503279,968,805,0.8316115702479339,4,64.0,113.84152221679688,3913,2684,0.6859187324303604,4,32.0,62.51295471191406,15721,8395,0.5339991094714077,4,16.0,36.35804748535156,28.918537139892578,0.47708413004875183,616.4390258789062,253005,0.9651374816894531,253005
photo-0306-02,000172,253104,13.172445297241211,0.0,13.172445297241211,0,,,38.21495056152344,38.48783493041992,13.172445297241211,252930,0.06118767708539963,0.5133554738465188,31.87549591064453,30.843460083007812,13.172445297241211,252925,-0.06109072268009186,0.41585450232282295,30.778032302856445,29.842899322509766,13.172445297241211,252766,-0.03963802382349968,0.42512046715143653,29.817668914794922,28.635574340820312,13.172445297241211,252945,-0.018906041979789734,0.4298879202988792,29.817668914794922,28.635574340820312,13.172445297241211,252945,-0.018906041979789734,0.4298879202988792,967,804,0.8314374353671148,4,64.0,113.31159210205078,3916,2510,0.6409601634320735,4,32.0,57.21591567993164,15730,7744,0.49230769230769234,4,16.0,35.05141067504883,29.81500244140625,0.4842660129070282,612.9983520507812,253104,0.96551513671875,253104
photo-0306-02,000173,252202,14.331964492797852,0.0,14.331964492797852,0,,,39.3461799621582,39.817813873291016,14.331964492797852,251887,0.13605521619319916,0.5722288168901134,34.849205017089844,34.193607330322266,14.331964492797852,251424,0.020725170150399208,0.4816127338678885,33.73161697387695,33.149497985839844,14.331964492797852,251727,0.03815707564353943,0.48767116757439605,31.983705520629883,30.823217391967773,14.331964492797852,251641,0.03911535441875458,0.4798224454679484,31.983705520629883,30.823217391967773,14.331964492797852,251641,0.03911535441875458,0.4798224454679484,961,774,0.8054110301768991,4,64.0,107.39381408691406,3902,2354,0.6032803690415172,4,32.0,60.95576858520508,15676,7619,0.4860295993875989,4,16.0,38.65403747558594,31.937240600585938,0.485824853181839,655.1031494140625,252202,0.9620742797851562,252202
photo-0306-02,000174,252021,14.568012237548828,0.0,14.568012237548828,0,,,31.357807159423828,31.160078048706055,14.568012237548828,251387,0.13681749999523163,0.5824644870259799,25.38090705871582,23.840662002563477,14.568012237548828,250338,0.05229688063263893,0.5006591088847878,24.786890029907227,23.52312469482422,14.568012237548828,251137,0.07335683703422546,0.5045094908356793,24.80035400390625,23.392822265625,14.568012237548828,250457,0.09267847239971161,0.507600107004396,24.80035400390625,23.392822265625,14.568012237548828,250457,0.09267847239971161,0.507600107004396,962,848,0.8814968814968815,4,64.0,89.42607116699219,3899,2843,0.7291613234162606,4,32.0,51.68852996826172,15660,9008,0.5752234993614304,4,16.0,31.88409996032715,24.775100708007812,0.4912857711315155,672.9181518554688,252021,0.9613838195800781,252021
photo-0306-02,000175,252816,13.398759841918945,0.0,13.398759841918945,0,,,34.434417724609375,34.17047119140625,13.398759841918945,252710,0.09273310005664825,0.5175497605951486,29.915836334228516,29.1033992767334,13.398759841918945,252712,0.043602216988801956,0.4888212668967046,29.1977596282959,28.390655517578125,13.398759841918945,252479,0.06580885499715805,0.501709053030153,28.65365982055664,27.783567428588867,13.398759841918945,252738,0.08385751396417618,0.49965181334029707,28.65365982055664,27.783567428588867,13.398759841918945,252738,0.08385751396417618,0.49965181334029707,963,829,0.8608515057113187,4,64.0,98.82136535644531,3906,2620,0.6707629288274449,4,32.0,58.22455596923828,15716,8434,0.5366505472130313,4,16.0,36.43918228149414,28.6402587890625,0.5028954148292542,628.6498413085938,252816,0.96441650390625,252816
photo-0306-02,000176,252041,14.607399940490723,0.0,14.607399940490723,0,,,39.249515533447266,38.743629455566406,14.607399940490723,251990,0.09356389194726944,0.5084487479661891,36.89340591430664,35.452335357666016,14.607399940490723,251970,-0.005588129628449678,0.45054173115847124,36.19852828979492,34.75515365600586,14.607399940490723,251956,0.015545736998319626,0.45590103033863055,35.03591537475586,33.541011810302734,14.607399940490723,251884,0.04378199204802513,0.47510758920773055,35.03591537475586,33.541011810302734,14.607399940490723,251884,0.04378199204802513,0.47510758920773055,962,776,0.8066528066528067,4,64.0,104.12478637695312,3906,2224,0.5693804403481822,4,32.0,64.914306640625,15669,7105,0.45344310421852063,4,16.0,41.343040466308594,35.048980712890625,0.4872739017009735,684.2479248046875,252041,0.9614601135253906,252041
photo-0306-02,000177,251601,14.96020793914795,0.0,14.96020793914795,0,,,38.6601448059082,37.78163146972656,14.96020793914795,251505,0.08628267049789429,0.4893421601956224,35.18748092651367,34.29566192626953,14.96020793914795,251472,0.046506043523550034,0.4690502322326144,34.54997253417969,33.6274299621582,14.96020793914795,251375,0.06321321427822113,0.47365489806066635,33.443241119384766,32.48967361450195,14.96020793914795,251494,0.09395106136798859,0.4976142571989789,33.443241119384766,32.48967361450195,14.96020793914795,251494,0.09395106136798859,0.4976142571989789,961,778,0.809573361082206,4,64.0,101.31230926513672,3902,2256,0.5781650435674013,4,32.0,62.78396987915039,15634,7294,0.46654726877318664,4,16.0,40.23503875732422,33.459312438964844,0.5142043828964233,711.6558227539062,251601,0.9597816467285156,251601
photo-0306-02,000178,251364,15.167080879211426,0.0,15.167080879211426,0,,,39.2071647644043,37.76459884643555,15.167080879211426,251006,0.06406986713409424,0.5119997131542672,35.48524856567383,32.85222625732422,15.167080879211426,251051,-0.024718500673770905,0.43219106874698765,34.39482116699219,31.9979305267334,15.167080879211426,251190,-0.00181973644066602,0.44143875154265694,33.55560302734375,30.966527938842773,15.167080879211426,251149,0.020106155425310135,0.4587993581499429,33.55560302734375,30.966527938842773,15.167080879211426,251149,0.020106155425310135,0.4587993581499429,961,784,0.8158168574401665,4,64.0,105.31675720214844,3906,2325,0.5952380952380952,4,32.0,64.50696563720703,15615,7200,0.4610951008645533,4,16.0,39.7224006652832,33.537757873535156,0.5331206321716309,720.5003051757812,251364,0.9588775634765625,251364
photo-0306-02,000179,251076,15.318201065063477,0.0,15.318201065063477,0,,,36.261104583740234,34.6793212890625,15.318201065063477,250783,0.036606382578611374,0.5138785324364091,30.908283233642578,26.175643920898438,15.318201065063477,250120,-0.17260536551475525,0.3952462817847433,29.94260025024414,25.80620574951172,15.318201065063477,250148,-0.13946770131587982,0.41466651742168636,29.96733856201172,25.88286781311035,15.318201065063477,249232,-0.08075150102376938,0.44850982217371765,29.96733856201172,25.88286781311035,15.318201065063477,249232,-0.08075150102376938,0.44850982217371765,961,805,0.8376690946930281,4,64.0,99.0630111694336,3892,2580,0.6628982528263104,4,32.0,58.89432907104492,15596,7555,0.4844190818158502,4,16.0,35.26845932006836,30.056243896484375,0.5759385228157043,749.969970703125,251076,0.9577789306640625,251076
photo-0306-02,000180,251629,14.636005401611328,0.0,14.636005401611328,0,,,36.78547668457031,36.300052642822266,14.636005401611328,251476,0.11278928816318512,0.5379638613625157,36.220542907714844,33.55792236328125,14.636005401611328,251167,-0.03757139667868614,0.4058614388036645,35.205379486083984,32.96274185180664,14.636005401611328,251618,-0.016970980912446976,0.4168104030713224,35.01238250732422,32.468650817871094,14.636005401611328,251369,0.010251804254949093,0.4319068779364202,35.01238250732422,32.468650817871094,14.636005401611328,251369,0.010251804254949093,0.4319068779364202,961,774,0.8054110301768991,4,64.0,100.45914459228516,3897,2284,0.5860918655375931,4,32.0,64.36872100830078,15634,7211,0.4612383267238071,4,16.0,40.44764709472656,35.07825469970703,0.5797887444496155,712.2200927734375,251629,0.9598884582519531,251629
photo-0306-02,000181,251344,15.023988723754883,0.0,15.023988723754883,0,,,28.991531372070312,31.510845184326172,15.023988723754883,250859,0.3378540873527527,0.6377885585129495,22.630016326904297,25.15936851501465,15.023988723754883,251072,0.3543975353240967,0.6674659061942391,22.24628257751465,24.841609954833984,15.023988723754883,251274,0.3600434958934784,0.6706623048942588,22.036008834838867,24.76861572265625,15.023988723754883,251276,0.3619178533554077,0.678978493767809,22.036008834838867,24.76861572265625,15.023988723754883,251276,0.3619178533554077,0.678978493767809,961,843,0.8772112382934444,4,64.0,93.40918731689453,3886,2891,0.7439526505404015,4,32.0,47.75542449951172,15615,9363,0.5996157540826129,4,16.0,32.295799255371094,22.066286087036133,0.5593502521514893,734.4623413085938,251344,0.95880126953125,251344
photo-0306-02,000182,252526,13.419049263000488,0.0,13.419049263000488,0,,,31.519044876098633,33.12184143066406,13.419049263000488,252344,0.28868329524993896,0.6404590558919571,27.22039222717285,27.631053924560547,13.419049263000488,252370,0.2496151626110077,0.6043864167690296,26.672157287597656,27.473655700683594,13.419049263000488,252402,0.26105886697769165,0.6136322216147257,25.907392501831055,27.073379516601562,13.419049263000488,252384,0.29492825269699097,0.6195559147965005,25.907392501831055,27.073379516601562,13.419049263000488,252384,0.29492825269699097,0.6195559147965005,961,824,0.8574401664932362,4,64.0,97.79409790039062,3906,2714,0.6948284690220174,4,32.0,54.987613677978516,15715,8408,0.5350302258988228,4,16.0,34.910491943359375,25.92123031616211,0.599799633026123,650.404052734375,252526,0.9633102416992188,252526
photo-0306-02,000183,252286,13.963765144348145,0.0,13.963765144348145,0,,,37.11438751220703,38.158172607421875,13.963765144348145,251980,0.216141939163208,0.6237479165013097,31.192981719970703,31.5760498046875,13.963765144348145,252190,0.18732582032680511,0.5763273722193584,30.41127586364746,30.945032119750977,13.963765144348145,252195,0.19417385756969452,0.5704990186165467,29.31923484802246,30.05573272705078,13.963765144348145,252067,0.22043639421463013,0.5804845537099264,29.31923484802246,30.05573272705078,13.963765144348145,252067,0.22043639421463013,0.5804845537099264,961,798,0.8303850156087409,4,64.0,104.23348999023438,3904,2539,0.6503586065573771,4,32.0,59.180118560791016,15691,8088,0.5154547192658212,4,16.0,37.70458221435547,29.297563552856445,0.5733056664466858,672.7030029296875,252286,0.9623947143554688,252286
photo-0306-02,000184,252131,14.27612018585205,0.0,14.27612018585205,0,,,38.84326171875,39.04764175415039,14.27612018585205,251814,0.1882590651512146,0.6065548380947843,35.8479118347168,35.49962615966797,14.27612018585205,252077,0.14175724983215332,0.5404142385064881,35.089599609375,35.25137710571289,14.27612018585205,252070,0.1616259217262268,0.5438330622446146,34.22890853881836,34.56111526489258,14.27612018585205,252066,0.18873415887355804,0.5654035054311173,34.22890853881836,34.56111526489258,14.27612018585205,252066,0.18873415887355804,0.5654035054311173,961,784,0.8158168574401665,4,64.0,106.79393768310547,3892,2332,0.5991778006166495,4,32.0,64.80972290039062,15670,7248,0.4625398851308232,4,16.0,40.8749885559082,34.20595169067383,0.5825120210647583,700.0706176757812,252131,0.9618034362792969,252131
photo-0306-02,000185,252056,14.609902381896973,0.0,14.609902381896973,0,,,38.78367614746094,37.65407943725586,14.609902381896973,251576,0.11266780644655228,0.5257854485324515,35.7326774597168,33.60924530029297,14.609902381896973,251915,0.06094840168952942,0.4565786078637636,34.20458221435547,32.7242317199707,14.609902381896973,252024,0.09098929166793823,0.4624202456908866,33.754703521728516,32.585933685302734,14.609902381896973,252056,0.1112639531493187,0.48217856349382676,33.754703521728516,32.585933685302734,14.609902381896973,252056,0.1112639531493187,0.48217856349382676,961,775,0.8064516129032258,4,64.0,105.7322006225586,3891,2326,0.5977897712670265,4,32.0,62.461509704589844,15669,7260,0.4633352479417959,4,16.0,38.88722229003906,33.72883224487305,0.5886614918708801,718.255615234375,252056,0.961517333984375,252056
photo-0306-02,000186,252542,14.063400268554688,0.0,14.063400268554688,0,,,36.555538177490234,35.73158264160156,14.063400268554688,252107,0.1360427290201187,0.5470653333703547,30.73763084411621,27.210939407348633,14.063400268554688,252211,-0.011850645765662193,0.4447189059953769,29.22941780090332,26.606801986694336,14.063400268554688,252342,0.023969199508428574,0.45143495731982786,28.00337028503418,26.100387573242188,14.063400268554688,252283,0.08732281625270844,0.4974532568583694,28.00337028503418,26.100387573242188,14.063400268554688,252283,0.08732281625270844,0.4974532568583694,961,789,0.8210197710718002,4,64.0,105.32484436035156,3907,2602,0.665984131046839,4,32.0,59.2121467590332,15681,8232,0.5249665199923474,4,16.0,35.18881607055664,28.041242599487305,0.6032237410545349,709.816650390625,252542,0.9633712768554688,252542
photo-0306-02,000187,252774,13.939963340759277,0.0,13.939963340759277,0,,,36.083065032958984,34.69099807739258,13.939963340759277,251596,0.1966203898191452,0.5677753223421677,30.323537826538086,25.720218658447266,13.939963340759277,251880,-0.012152007780969143,0.42554390979831663,29.17098617553711,25.650480270385742,13.939963340759277,252073,0.03397871181368828,0.4416062013781722,27.78546142578125,25.667871475219727,13.939963340759277,252191,0.14395086467266083,0.5173856323183619,27.78546142578125,25.667871475219727,13.939963340759277,252191,0.14395086467266083,0.5173856323183619,961,786,0.81789802289282,4,64.0,107.7942886352539,3925,2632,0.6705732484076433,4,32.0,59.225379943847656,15654,8547,0.5459946339593714,4,16.0,36.04283142089844,27.81233787536621,0.619577169418335,696.7079467773438,252774,0.9642562866210938,252774
photo-0306-02,000188,253334,13.429903030395508,0.0,13.429903030395508,0,,,39.64137649536133,37.31577682495117,13.429903030395508,252982,0.05364662781357765,0.5096014736226293,37.216590881347656,31.37190055847168,13.429903030395508,252903,-0.2037576287984848,0.3270147052427215,36.09743118286133,31.247909545898438,13.429903030395508,252888,-0.14065676927566528,0.35268577393945144,35.44989013671875,31.0501766204834,13.429903030395508,251741,-0.10413005203008652,0.3752984217906499,35.44989013671875,31.0501766204834,13.429903030395508,251741,-0.10413005203008652,0.3752984217906499,961,760,0.7908428720083247,4,64.0,107.14358520507812,3935,2308,0.5865311308767471,4,32.0,65.45219421386719,15740,7290,0.46315120711562896,4,16.0,40.40385055541992,35.55314636230469,0.5993220806121826,670.2242431640625,253334,0.9663925170898438,253334
photo-0306-02,000189,253145,13.968805313110352,0.0,13.968805313110352,0,,,42.44171905517578,38.683868408203125,13.968805313110352,251411,-0.014620245434343815,0.43624582854369937,41.467689514160156,35.21968078613281,13.968805313110352,252441,-0.24735306203365326,0.2513418977107522,40.00457763671875,34.64704132080078,13.968805313110352,252196,-0.16879700124263763,0.30090485178194737,38.69514465332031,34.39369201660156,13.968805313110352,252543,-0.09932847321033478,0.3530250294009337,38.69514465332031,34.39369201660156,13.968805313110352,252543,-0.09932847321033478,0.3530250294009337,961,745,0.7752341311134235,4,64.0,111.29013061523438,3936,1871,0.47535569105691056,4,32.0,62.48672866821289,15715,6389,0.406554247534203,4,16.0,41.41971969604492,38.80156707763672,0.6205297112464905,686.669921875,253145,0.9656715393066406,253145
photo-0306-02,000190,253345,13.978001594543457,0.0,13.978001594543457,0,,,40.5748291015625,39.378089904785156,13.978001594543457,252900,0.1847890317440033,0.5470264926848557,39.29922103881836,37.10112380981445,13.978001594543457,252805,0.13037952780723572,0.4372381875358478,38.16372299194336,37.042274475097656,13.978001594543457,253345,0.16489452123641968,0.44160729440091573,37.12096405029297,36.648231506347656,13.978001594543457,253345,0.21069185435771942,0.49020900353273206,37.12096405029297,36.648231506347656,13.978001594543457,253345,0.21069185435771942,0.49020900353273206,961,750,0.7804370447450573,4,64.0,104.79876708984375,3932,2078,0.5284842319430315,4,32.0,64.65361785888672,15741,7507,0.4769074391715901,4,16.0,43.910762786865234,37.12324905395508,0.6042458415031433,703.89013671875,253345,0.9664344787597656,253345
photo-0306-02,000191,253594,14.054018020629883,0.0,14.054018020629883,0,,,43.287349700927734,39.76008605957031,14.054018020629883,252769,0.062241338193416595,0.4458102061566094,45.430877685546875,40.41632843017578,14.054018020629883,253124,-0.13270381093025208,0.27740554036756687,44.135528564453125,40.242061614990234,14.054018020629883,253376,-0.054602283984422684,0.31538504041424603,42.75859832763672,39.84641647338867,14.054018020629883,252495,0.03172259032726288,0.3761460622982633,42.75859832763672,39.84641647338867,14.054018020629883,252495,0.03172259032726288,0.3761460622982633,961,707,0.7356919875130072,4,64.0,108.79354095458984,3920,1793,0.4573979591836735,4,32.0,67.93829345703125,15750,6357,0.4036190476190476,4,16.0,45.22486114501953,42.708133697509766,0.6345457434654236,703.0861206054688,253594,0.9673843383789062,253594
photo-0306-02,000192,254357,13.006104469299316,0.0,13.006104469299316,0,,,44.328582763671875,39.0976676940918,13.006104469299316,253212,-0.15268497169017792,0.3455720897903733,45.30361557006836,38.96155548095703,13.006104469299316,253769,-0.30885353684425354,0.24463586962946618,44.22763442993164,38.8372688293457,13.006104469299316,253767,-0.22126148641109467,0.2933596566929506,43.21995544433594,38.56553268432617,13.006104469299316,253505,-0.15460895001888275,0.31851837241868997,43.21995544433594,38.56553268432617,13.006104469299316,253505,-0.15460895001888275,0.31851837241868997,961,711,0.7398543184183143,4,64.0,106.56359100341797,3958,1888,0.4770085901970692,4,32.0,68.23004913330078,15807,5768,0.3649016258619599,4,16.0,43.47776794433594,43.231849670410156,0.6807728409767151,640.3207397460938,254357,0.9702949523925781,254357
photo-0306-02,000193,254191,13.732780456542969,0.0,13.732780456542969,0,,,41.13976287841797,37.6522216796875,13.732780456542969,253897,0.07950711250305176,0.4738968951976589,39.44279861450195,35.02031707763672,13.732780456542969,253434,-0.08251015841960907,0.2975962183448156,38.147579193115234,34.82929611206055,13.732780456542969,253896,-0.005797382444143295,0.3444244887670542,36.90985107421875,34.285430908203125,13.732780456542969,253440,0.07498910278081894,0.40912247474747476,36.90985107421875,34.285430908203125,13.732780456542969,253440,0.07498910278081894,0.40912247474747476,961,732,0.7617065556711758,4,64.0,107.41712951660156,3931,2228,0.566776901551768,4,32.0,65.80992889404297,15784,7086,0.44893563101875317,4,16.0,41.321189880371094,36.928462982177734,0.6479340195655823,678.6779174804688,254191,0.9696617126464844,254191
photo-0306-02,000194,253881,14.660377502441406,0.0,14.660377502441406,0,,,41.326297760009766,40.86192321777344,14.660377502441406,253186,0.28439244627952576,0.6012338754907459,40.93334197998047,38.8244514465332,14.660377502441406,253409,0.15675920248031616,0.4692295853738423,39.782379150390625,38.95386505126953,14.660377502441406,253881,0.2105763703584671,0.4957873964573954,38.71971893310547,38.444427490234375,14.660377502441406,253881,0.23514653742313385,0.5410605756240128,38.71971893310547,38.444427490234375,14.660377502441406,253881,0.23514653742313385,0.5410605756240128,964,718,0.7448132780082988,4,64.0,109.10786437988281,3913,2146,0.5484283158701764,4,32.0,70.10066223144531,15773,7281,0.46161161478475876,4,16.0,45.24020004272461,38.77485656738281,0.560221791267395,735.538818359375,253881,0.9684791564941406,253881
photo-0306-02,000195,254281,14.245691299438477,0.0,14.245691299438477,0,,,38.214195251464844,36.834449768066406,14.245691299438477,254002,0.23625773191452026,0.6017117975449012,36.41616439819336,33.230525970458984,14.245691299438477,254047,0.11303433775901794,0.44588993375241587,35.21953201293945,33.79512023925781,14.245691299438477,254281,0.1793173849582672,0.48320952017649765,34.105308532714844,33.524452209472656,14.245691299438477,254281,0.2354809045791626,0.542427471969986,34.105308532714844,33.524452209472656,14.245691299438477,254281,0.2354809045791626,0.542427471969986,966,761,0.7877846790890269,4,64.0,102.15691375732422,3919,2337,0.5963255932635877,4,32.0,64.94940185546875,15799,7653,0.48439774669282865,4,16.0,41.16150665283203,34.15507888793945,0.5747434496879578,703.2898559570312,254281,0.9700050354003906,254281
photo-0306-02,000196,254162,14.589280128479004,0.0,14.589280128479004,0,,,39.58952713012695,38.1799430847168,14.589280128479004,253996,0.24064096808433533,0.5792729019354635,36.94100570678711,35.168270111083984,14.589280128479004,253387,0.1898849606513977,0.5193005166010884,35.701786041259766,35.25990295410156,14.589280128479004,253602,0.24755088984966278,0.5537101442417647,34.397422790527344,34.470088958740234,14.589280128479004,254162,0.284578412771225,0.551498650467025,34.397422790527344,34.470088958740234,14.589280128479004,254162,0.284578412771225,0.551498650467025,967,755,0.7807652533609101,4,64.0,104.80467224121094,3917,2281,0.5823334184324739,4,32.0,64.32271575927734,15789,7554,0.4784343530305909,4,16.0,41.42403030395508,34.445518493652344,0.5484572649002075,710.5543823242188,254162,0.9695510864257812,254162
photo-0306-02,000197,254310,14.825054168701172,0.0,14.825054168701172,0,,,38.593997955322266,36.753822326660156,14.825054168701172,254061,0.20431369543075562,0.582245996040321,34.810943603515625,32.018310546875,14.825054168701172,254074,0.13606184720993042,0.45156135614033704,33.623905181884766,32.048988342285156,14.825054168701172,253656,0.18643584847450256,0.4611363421326521,32.73881912231445,31.876497268676758,14.825054168701172,254310,0.23346833884716034,0.49964216900633085,32.73881912231445,31.876497268676758,14.825054168701172,254310,0.23346833884716034,0.49964216900633085,972,758,0.779835390946502,4,64.0,101.1154556274414,3906,2413,0.6177675371223759,4,32.0,64.12356567382812,15813,7491,0.47372415101498766,4,16.0,38.48825454711914,32.754356384277344,0.5172925591468811,711.7509765625,254310,0.9701156616210938,254310
photo-0306-02,000198,254427,14.401005744934082,0.0,14.401005744934082,0,,,37.103633880615234,36.68760681152344,14.401005744934082,253634,0.2579023540019989,0.63264388843767,31.660776138305664,30.318418502807617,14.401005744934082,254144,0.23238328099250793,0.5600958511709897,30.632951736450195,30.36669158935547,14.401005744934082,254427,0.27027633786201477,0.5696408007011834,29.63779640197754,29.776639938354492,14.401005744934082,254427,0.3065914213657379,0.5843798024580724,29.63779640197754,29.776639938354492,14.401005744934082,254427,0.3065914213657379,0.5843798024580724,967,788,0.8148914167528438,4,64.0,101.5431900024414,3919,2548,0.6501658586374075,4,32.0,60.961952209472656,15809,8578,0.5426023151369473,4,16.0,38.518463134765625,29.660436630249023,0.5597125887870789,678.2949829101562,254427,0.9705619812011719,254427
photo-0306-02,000199,254917,13.814827919006348,0.0,13.814827919006348,0,,,32.90572738647461,32.447021484375,13.814827919006348,254471,0.31458041071891785,0.696609829803789,26.518518447875977,24.862957000732422,13.814827919006348,254455,0.2563762366771698,0.581136153740347,25.60011863708496,25.41240882873535,13.814827919006348,254240,0.3012048304080963,0.5915080239144116,24.825592041015625,25.375652313232422,13.814827919006348,254630,0.34214523434638977,0.5990260377803087,24.825592041015625,25.375652313232422,13.814827919006348,254630,0.34214523434638977,0.5990260377803087,973,814,0.8365878725590956,4,64.0,102.73455810546875,3930,2753,0.7005089058524173,4,32.0,52.049259185791016,15844,9426,0.5949255238576117,4,16.0,34.09495162963867,24.841062545776367,0.552122175693512,648.796142578125,254917,0.9724311828613281,254917
photo-0319-18,000000,250100,17.782196044921875,0.0,17.782196044921875,0,,,21.95360565185547,25.352624893188477,17.782196044921875,249337,0.5096043348312378,0.8466773884341273,9.803764343261719,19.582914352416992,17.782196044921875,250100,0.8683724999427795,1.0,7.172737121582031,20.670597076416016,17.782196044921875,250100,0.9409613013267517,1.0,6.695305824279785,23.37088966369629,17.782196044921875,250100,0.9851660132408142,1.0,6.695305824279785,23.37088966369629,17.782196044921875,250100,0.9851660132408142,1.0,961,956,0.9947970863683663,4,64.0,67.57931518554688,3844,3844,1.0,4,32.0,,15561,13375,0.8595205963627016,4,16.0,18.98293113708496,6.683940410614014,1.0879194736480713,537.06689453125,250100,0.9540557861328125,250100
photo-0319-18,000001,250000,18.122392654418945,0.0,18.122392654418945,0,,,23.876012802124023,26.817123413085938,18.122392654418945,249497,0.4562941789627075,0.7496563084926873,10.929349899291992,21.351266860961914,18.122392654418945,250000,0.9047962427139282,1.0,9.136543273925781,22.618017196655273,18.122392654418945,250000,0.9494324326515198,1.0,7.92238187789917,24.80463409423828,18.122392654418945,250000,0.9870678186416626,1.0,7.92238187789917,24.80463409423828,18.122392654418945,250000,0.9870678186416626,1.0,961,956,0.9947970863683663,4,64.0,76.14176940917969,3844,3824,0.9947970863683663,4,32.0,36.75111389160156,15625,13175,0.8432,4,16.0,21.00444221496582,7.927918910980225,0.8425679802894592,561.1804809570312,250000,0.95367431640625,250000
photo-0319-18,000002,250282,17.543262481689453,0.0,17.543262481689453,0,,,22.44039535522461,26.55048942565918,17.543262481689453,249627,0.5415652990341187,0.8429777227623615,13.420171737670898,22.156736373901367,17.543262481689453,250282,0.8030369281768799,1.0,12.01827621459961,22.988271713256836,17.543262481689453,250282,0.8392651677131653,0.99174930678195,10.242534637451172,23.69139289855957,17.543262481689453,250282,0.921912431716919,0.9983218929048033,10.242534637451172,23.69139289855957,17.543262481689453,250282,0.921912431716919,0.9983218929048033,961,958,0.9968782518210197,4,64.0,74.8668441772461,3844,3844,1.0,4,32.0,,15616,11671,0.747374487704918,4,16.0,21.893686294555664,10.250688552856445,0.992331326007843,553.1353759765625,250282,0.9547500610351562,250282
photo-0319-18,000003,249833,18.021480560302734,0.0,18.021480560302734,0,,,26.02434539794922,27.103370666503906,18.021480560302734,249425,0.2815769612789154,0.6445865490628445,16.688962936401367,18.747194290161133,18.021480560302734,249833,0.47488462924957275,0.7265493349557505,15.404298782348633,19.677227020263672,18.021480560302734,249833,0.5122777819633484,0.7377488162092277,14.541321754455566,20.28578758239746,18.021480560302734,249833,0.5575765371322632,0.7681571289621467,14.541321754455566,20.28578758239746,18.021480560302734,249833,0.5575765371322632,0.7681571289621467,961,954,0.9927159209157128,4,64.0,80.89745330810547,3844,3408,0.886576482830385,4,32.0,40.76426315307617,15545,10634,0.684078481826954,4,16.0,27.057580947875977,14.53862190246582,1.062575101852417,560.8302612304688,249833,0.9530372619628906,249833
photo-0319-18,000004,250537,16.901317596435547,0.0,16.901317596435547,0,,,26.182464599609375,32.028629302978516,16.901317596435547,250467,0.551994264125824,0.8353755185313834,20.735187530517578,27.10650062561035,16.901317596435547,250371,0.6132875680923462,0.8715945536823354,19.639602661132812,27.468843460083008,16.901317596435547,250535,0.6645694375038147,0.8872492865268325,18.68132781982422,27.678064346313477,16.901317596435547,250536,0.7125248908996582,0.9022455854647635,18.68132781982422,27.678064346313477,16.901317596435547,250536,0.7125248908996582,0.9022455854647635,961,948,0.9864724245577523,4,64.0,77.28678131103516,3844,3294,0.8569198751300728,4,32.0,45.193294525146484,15625,10127,0.648128,4,16.0,31.20530128479004,18.701539993286133,1.2058231830596924,536.9022216796875,250537,0.9557228088378906,250537
photo-0319-18,000005,250443,16.916709899902344,0.0,16.916709899902344,0,,,23.806299209594727,31.112546920776367,16.916709899902344,250368,0.6208469867706299,0.8448643596625767,14.82905387878418,24.474523544311523,16.916709899902344,250316,0.7888734936714172,0.9300444238482558,13.34512996673584,24.71097755432129,16.916709899902344,250443,0.8287129402160645,0.9261708252975727,11.073264122009277,24.13605499267578,16.916709899902344,250443,0.9061999917030334,0.9692744456822511,11.073264122009277,24.13605499267578,16.916709899902344,250443,0.9061999917030334,0.9692744456822511,961,952,0.9906347554630593,4,64.0,79.58987426757812,3844,3782,0.9838709677419355,4,32.0,42.3458366394043,15602,11569,0.7415074990385848,4,16.0,23.387248992919922,11.061516761779785,1.2109462022781372,545.6943969726562,250443,0.9553642272949219,250443
photo-0319-18,000006,251502,15.434918403625488,0.0,15.434918403625488,0,,,27.948501586914062,35.697906494140625,15.434918403625488,251411,0.6815822720527649,0.8811865829259659,22.117292404174805,30.682090759277344,15.434918403625488,251390,0.7335095405578613,0.9096224989060822,20.530336380004883,30.284378051757812,15.434918403625488,251502,0.774675190448761,0.922724272570397,18.604942321777344,28.920560836791992,15.434918403625488,251451,0.807900607585907,0.9368187042405877,18.604942321777344,28.920560836791992,15.434918403625488,251451,0.807900607585907,0.9368187042405877,961,904,0.9406867845993756,4,64.0,77.25675201416016,3844,3075,0.7999479708636836,4,32.0,49.62953186035156,15625,10663,0.682432,4,16.0,32.024295806884766,18.6038875579834,1.572242021560669,513.2617797851562,251502,0.9594039916992188,251502
photo-0319-18,000007,251457,15.503582954406738,0.0,15.503582954406738,0,,,19.815753936767578,26.697223663330078,15.503582954406738,251273,0.6966272592544556,0.9042117537499055,11.484807968139648,22.128398895263672,15.503582954406738,251457,0.8936766386032104,1.0,9.862317085266113,21.941394805908203,15.503582954406738,251457,0.9262608885765076,1.0,8.360635757446289,22.151031494140625,15.503582954406738,251457,0.9748843312263489,1.0,8.360635757446289,22.151031494140625,15.503582954406738,251457,0.9748843312263489,1.0,961,960,0.9989594172736732,4,64.0,82.03030395507812,3906,3906,1.0,4,32.0,,15615,14000,0.8965738072366315,4,16.0,18.859384536743164,8.358574867248535,1.488589882850647,537.7283325195312,251457,0.9592323303222656,251457
photo-0319-18,000008,250500,16.450695037841797,0.0,16.450695037841797,0,,,23.387004852294922,32.710750579833984,16.450695037841797,250437,0.7408082485198975,0.9285768476702724,18.34040641784668,28.17647361755371,16.450695037841797,250500,0.7692684531211853,0.9379161676646707,16.733972549438477,27.736621856689453,16.450695037841797,250500,0.7960432171821594,0.934934131736527,14.44116497039795,26.127389907836914,16.450695037841797,250500,0.836904764175415,0.9544471057884232,14.44116497039795,26.127389907836914,16.450695037841797,250500,0.836904764175415,0.9544471057884232,961,958,0.9968782518210197,4,64.0,70.83162689208984,3844,3360,0.8740894901144641,4,32.0,41.74126434326172,15625,11158,0.714112,4,16.0,29.36797332763672,14.45993423461914,1.2191736698150635,550.8934326171875,250500,0.9555816650390625,250500
photo-0319-18,000009,251000,15.908513069152832,0.0,15.908513069152832,0,,,23.95949935913086,32.75322723388672,15.908513069152832,250909,0.7258070707321167,0.900991993113041,17.802345275878906,27.630653381347656,15.908513069152832,250969,0.7776994705200195,0.9139415625037355,16.003681182861328,27.011510848999023,15.908513069152832,251000,0.8094758987426758,0.920195219123506,13.585693359375,25.035789489746094,15.908513069152832,251000,0.8490965962409973,0.9357410358565738,13.585693359375,25.035789489746094,15.908513069152832,251000,0.8490965962409973,0.9357410358565738,961,958,0.9968782518210197,4,64.0,77.80327606201172,3844,3653,0.950312174817898,4,32.0,42.829185485839844,15625,11355,0.72672,4,16.0,27.331640243530273,13.617256164550781,1.3983877897262573,540.6338500976562,251000,0.957489013671875,251000
photo-0319-18,000010,250370,16.375938415527344,0.0,16.375938415527344,0,,,24.74686050415039,35.002437591552734,16.375938415527344,250257,0.7713006138801575,0.9362974861842026,19.387781143188477,29.71462631225586,16.375938415527344,250258,0.7846384048461914,0.9169417161489343,17.679162979125977,29.43029022216797,16.375938415527344,250370,0.8228326439857483,0.9305587730159364,15.916600227355957,28.161422729492188,16.375938415527344,250370,0.8582496643066406,0.9469105723529176,15.916600227355957,28.161422729492188,16.375938415527344,250370,0.8582496643066406,0.9469105723529176,961,949,0.9875130072840791,4,64.0,76.25216674804688,3844,3488,0.9073881373569199,4,32.0,44.7335090637207,15500,11050,0.7129032258064516,4,16.0,29.61492919921875,15.850399017333984,1.2975103855133057,554.4949951171875,250370,0.9550857543945312,250370
photo-0319-18,000011,251596,14.455085754394531,0.0,14.455085754394531,0,,,35.036651611328125,44.90699005126953,14.455085754394531,251534,0.7793084979057312,0.9446357152512185,28.621294021606445,38.544883728027344,14.455085754394531,251596,0.8157447576522827,0.9492162037552266,26.737388610839844,37.74961471557617,14.455085754394531,251596,0.8581992983818054,0.9573880347859266,25.052221298217773,36.22480773925781,14.455085754394531,251596,0.8757699131965637,0.9612314981160273,25.052221298217773,36.22480773925781,14.455085754394531,251596,0.8757699131965637,0.9612314981160273,961,862,0.8969823100936525,4,64.0,80.83717346191406,3906,2566,0.6569380440348183,4,32.0,53.545387268066406,15650,9972,0.6371884984025559,4,16.0,38.92133712768555,25.014863967895508,1.4753639698028564,506.5142822265625,251596,0.9597625732421875,251596
photo-0319-18,000012,251640,14.286223411560059,0.0,14.286223411560059,0,,,25.452198028564453,33.838470458984375,14.286223411560059,251569,0.7272040247917175,0.9092574999304366,20.625383377075195,29.62668800354004,14.286223411560059,251554,0.7813040018081665,0.9164791655072072,18.385272979736328,28.616392135620117,14.286223411560059,251608,0.8290484547615051,0.9284402721694064,15.844364166259766,26.2026424407959,14.286223411560059,251640,0.8511857390403748,0.9413606739786997,15.844364166259766,26.2026424407959,14.286223411560059,251640,0.8511857390403748,0.9413606739786997,961,931,0.9687825182101977,4,64.0,70.04539489746094,3906,3250,0.8320532514080902,4,32.0,45.7744026184082,15660,11282,0.7204342273307791,4,16.0,29.542543411254883,15.74362850189209,1.5666865110397339,515.5972900390625,251640,0.959930419921875,251640
photo-0319-18,000013,252258,13.025445938110352,0.0,13.025445938110352,0,,,27.192052841186523,35.10570526123047,13.025445938110352,252129,0.7321249842643738,0.9169274458709629,18.659252166748047,26.93878173828125,13.025445938110352,251975,0.8018591403961182,0.9296993749379899,16.49842071533203,25.849416732788086,13.025445938110352,252258,0.8464815020561218,0.9360852777711708,14.751336097717285,24.0510311126709,13.025445938110352,252258,0.8455724120140076,0.940065329939982,14.751336097717285,24.0510311126709,13.025445938110352,252258,0.8455724120140076,0.940065329939982,961,934,0.9719042663891779,4,64.0,74.11505126953125,3906,3556,0.910394265232975,4,32.0,41.83726119995117,15750,12049,0.765015873015873,4,16.0,28.082195281982422,14.741740226745605,1.6395938396453857,479.08306884765625,252258,0.9622879028320312,252258
photo-0319-18,000014,252500,12.754989624023438,0.0,12.754989624023438,0,,,25.89585304260254,32.97367858886719,12.754989624023438,252447,0.6764254570007324,0.9061347530372712,19.30171012878418,26.424755096435547,12.754989624023438,252395,0.7246670722961426,0.896131064403019,17.149580001831055,25.717529296875,12.754989624023438,252500,0.7972800731658936,0.922609900990099,13.722804069519043,23.17511749267578,12.754989624023438,252500,0.860564112663269,0.9479762376237624,13.722804069519043,23.17511749267578,12.754989624023438,252500,0.860564112663269,0.9479762376237624,961,956,0.9947970863683663,4,64.0,78.46419525146484,3906,3574,0.9150025601638505,4,32.0,40.96269226074219,15750,11785,0.7482539682539683,4,16.0,29.567279815673828,13.743532180786133,1.6111762523651123,483.4142150878906,252500,0.9632110595703125,252500
photo-0319-18,000015,252470,13.339951515197754,0.0,13.339951515197754,0,,,23.134498596191406,30.736928939819336,13.339951515197754,252387,0.7021760940551758,0.9179197026788226,17.645849227905273,25.44315528869629,13.339951515197754,252368,0.7596960663795471,0.924657642807329,15.36890983581543,24.511878967285156,13.339951515197754,252470,0.8282012343406677,0.941185091297976,11.900391578674316,21.506961822509766,13.339951515197754,252470,0.8581882119178772,0.955967045589575,11.900391578674316,21.506961822509766,13.339951515197754,252470,0.8581882119178772,0.955967045589575,961,960,0.9989594172736732,4,64.0,74.1087875366211,3906,3768,0.9646697388632872,4,32.0,39.41466522216797,15624,12319,0.7884664618535586,4,16.0,27.760269165039062,11.859267234802246,1.404103398323059,511.8180847167969,252470,0.9630966186523438,252470
photo-0319-18,000016,252551,12.753113746643066,0.0,12.753113746643066,0,,,22.672927856445312,28.89097023010254,12.753113746643066,252411,0.6273003220558167,0.8579657780366149,16.146764755249023,22.649389266967773,12.753113746643066,252304,0.6653688549995422,0.8602836261018454,13.582160949707031,20.880582809448242,12.753113746643066,252490,0.7815913558006287,0.9114697611786605,9.185657501220703,17.12189483642578,12.753113746643066,252551,0.849037766456604,0.9560524408931266,9.185657501220703,17.12189483642578,12.753113746643066,252551,0.849037766456604,0.9560524408931266,961,959,0.9979188345473465,4,64.0,74.12478637695312,3906,3790,0.9703020993343574,4,32.0,39.71792984008789,15671,13004,0.8298130304383894,4,16.0,27.32769203186035,9.144328117370605,1.3901033401489258,488.7742004394531,252551,0.9634056091308594,252551
photo-0319-18,000017,253400,11.784220695495605,0.0,11.784220695495605,0,,,23.155406951904297,29.366458892822266,11.784220695495605,253229,0.6534770727157593,0.8764991371446398,16.00101661682129,22.415157318115234,11.784220695495605,252985,0.695168673992157,0.8764590786014981,13.700730323791504,20.72149085998535,11.784220695495605,253248,0.8071765303611755,0.9410222390700025,10.6607084274292,17.94104766845703,11.784220695495605,253400,0.8465422987937927,0.9666416732438832,10.6607084274292,17.94104766845703,11.784220695495605,253400,0.8465422987937927,0.9666416732438832,961,958,0.9968782518210197,4,64.0,70.8226089477539,3906,3661,0.9372759856630825,4,32.0,47.2115592956543,15725,13582,0.8637201907790143,4,16.0,31.581565856933594,10.637090682983398,1.1699789762496948,476.5367431640625,253400,0.966644287109375,253400
photo-0319-18,000018,253099,12.012567520141602,0.0,12.012567520141602,0,,,26.373077392578125,34.39581298828125,12.012567520141602,252980,0.7700291275978088,0.969705115028856,19.737585067749023,27.476959228515625,12.012567520141602,252977,0.7932517528533936,0.9814765769220126,18.816303253173828,26.78367805480957,12.012567520141602,253099,0.8421738743782043,0.999166334122221,17.357624053955078,25.036827087402344,12.012567520141602,253099,0.8541052341461182,0.9877439262897127,17.357624053955078,25.036827087402344,12.012567520141602,253099,0.8541052341461182,0.9877439262897127,961,931,0.9687825182101977,4,64.0,76.6936264038086,3906,3258,0.8341013824884793,4,32.0,40.478004455566406,15650,11483,0.7337380191693291,4,16.0,32.162933349609375,17.366172790527344,1.142030119895935,488.20843505859375,253099,0.9654960632324219,253099
photo-0319-18,000019,254243,11.342129707336426,0.0,11.342129707336426,0,,,22.393346786499023,26.0318660736084,11.342129707336426,254080,0.48990121483802795,0.8154321473551638,13.554079055786133,19.93389320373535,11.342129707336426,254033,0.7649887204170227,0.9777076206634571,11.319784164428711,17.906965255737305,11.342129707336426,254243,0.8069702982902527,0.9858639175906515,8.128249168395996,14.198811531066895,11.342129707336426,254243,0.8173976540565491,0.9781704904363149,8.128249168395996,14.198811531066895,11.342129707336426,254243,0.8173976540565491,0.9781704904363149,992,978,0.9858870967741935,4,64.0,74.62313079833984,3906,3839,0.9828469022017409,4,32.0,42.38138198852539,15717,14169,0.901507921359038,4,16.0,26.75434112548828,8.051891326904297,0.8230603337287903,499.15142822265625,254243,0.9698600769042969,254243
photo-0319-18,000020,253855,11.68980598449707,0.0,11.68980598449707,0,,,20.810945510864258,24.15283203125,11.68980598449707,253655,0.4484153687953949,0.7848100766789537,9.270638465881348,17.151643753051758,11.68980598449707,253855,0.8484227061271667,0.9993263871107522,7.344083786010742,16.077726364135742,11.68980598449707,253855,0.9102426767349243,1.0,5.590198993682861,15.32557487487793,11.68980598449707,253855,0.958545982837677,1.0,5.590198993682861,15.32557487487793,11.68980598449707,253855,0.958545982837677,1.0,987,981,0.993920972644377,4,64.0,75.91228485107422,3906,3906,1.0,4,32.0,,15744,15244,0.9682418699186992,4,16.0,19.8676815032959,5.569172382354736,0.8999809622764587,498.591064453125,253855,0.9683799743652344,253855
photo-0319-18,000021,254043,11.123270988464355,0.0,11.123270988464355,0,,,19.740175247192383,24.3779354095459,11.123270988464355,253920,0.5764688849449158,0.86713531821046,13.023083686828613,20.837678909301758,11.123270988464355,254043,0.849995493888855,1.0,10.737712860107422,19.28737449645996,11.123270988464355,254043,0.9015743732452393,1.0,7.477734565734863,16.32036590576172,11.123270988464355,254043,0.9401336908340454,1.0,7.477734565734863,16.32036590576172,11.123270988464355,254043,0.9401336908340454,1.0,992,985,0.9929435483870968,4,64.0,74.58345794677734,3899,3899,1.0,4,32.0,,15720,13770,0.8759541984732825,4,16.0,23.21889305114746,7.429871559143066,0.9729914665222168,471.2376708984375,254043,0.9690971374511719,254043
photo-0319-18,000022,254156,10.580222129821777,0.0,10.580222129821777,0,,,26.67744255065918,32.15678405761719,10.580222129821777,254006,0.617913007736206,0.8872113257167153,24.36753273010254,30.984737396240234,10.580222129821777,253692,0.7401473522186279,0.9633886760323542,23.01362419128418,30.52174186706543,10.580222129821777,254156,0.8276885747909546,1.0,22.044443130493164,30.163314819335938,10.580222129821777,254156,0.8779837489128113,1.0,22.044443130493164,30.163314819335938,10.580222129821777,254156,0.8779837489128113,1.0,980,939,0.9581632653061225,4,64.0,76.03766632080078,3903,2988,0.765564950038432,4,32.0,48.73902893066406,15776,9440,0.5983772819472617,4,16.0,35.33974075317383,21.94735336303711,1.1392412185668945,430.939697265625,254156,0.9695281982421875,254156
photo-0319-18,000023,254055,10.596627235412598,0.0,10.596627235412598,0,,,29.013944625854492,34.17349624633789,10.596627235412598,253929,0.5864570736885071,0.9114949454375042,29.59193229675293,36.55857849121094,10.596627235412598,254055,0.7534980773925781,0.9980437306882368,28.0341796875,35.41680908203125,10.596627235412598,254055,0.7948969602584839,1.0,29.38734245300293,36.71274185180664,10.596627235412598,254055,0.8017085194587708,1.0,29.38734245300293,36.71274185180664,10.596627235412598,254055,0.8017085194587708,1.0,992,965,0.9727822580645161,4,64.0,76.44334411621094,3889,2632,0.6767806634096168,4,32.0,57.932167053222656,15702,8616,0.5487199082919373,4,16.0,42.699180603027344,29.191865921020508,1.0299922227859497,438.67901611328125,254055,0.9691429138183594,254055
photo-0319-18,000024,253705,10.935066223144531,0.0,10.935066223144531,0,,,28.704368591308594,34.645328521728516,10.935066223144531,253497,0.6452248096466064,0.8977423795942359,23.33313751220703,31.813880920410156,10.935066223144531,253705,0.8698450922966003,1.0,21.815343856811523,30.57587242126465,10.935066223144531,253705,0.8957356810569763,1.0,21.121471405029297,29.22696876525879,10.935066223144531,253705,0.8794689178466797,1.0,21.121471405029297,29.22696876525879,10.935066223144531,253705,0.8794689178466797,1.0,977,918,0.9396110542476971,4,64.0,79.23558044433594,3901,2958,0.7582671109971802,4,32.0,46.23843765258789,15738,10139,0.6442368788918541,4,16.0,34.08727264404297,21.030630111694336,1.0690171718597412,450.3022155761719,253705,0.9678077697753906,253705
photo-0319-18,000025,253350,11.317422866821289,0.0,11.317422866821289,0,,,21.062124252319336,27.271543502807617,11.317422866821289,252873,0.6840370893478394,0.8872517034242485,12.88688850402832,22.96823501586914,11.317422866821289,253350,0.9573204517364502,1.0,11.1110258102417,21.424320220947266,11.317422866821289,253350,0.9688456654548645,1.0,8.660916328430176,18.52167320251465,11.317422866821289,253350,0.953734815120697,1.0,8.660916328430176,18.52167320251465,11.317422866821289,253350,0.953734815120697,1.0,977,952,0.9744114636642784,4,64.0,78.31120300292969,3893,3728,0.9576162342666324,4,32.0,42.59247970581055,15703,13865,0.8829523021078775,4,16.0,25.628108978271484,8.58574390411377,1.0742398500442505,446.4953308105469,253350,0.9664535522460938,253350
photo-0319-18,000026,254136,9.67977237701416,0.0,9.67977237701416,0,,,23.82049560546875,30.05149269104004,9.67977237701416,253479,0.7342430353164673,0.9249405276176724,21.520700454711914,29.047760009765625,9.67977237701416,253713,0.8685948252677917,0.9789644204278062,19.31478500366211,27.7262020111084,9.67977237701416,253983,0.9444820284843445,0.9996259592177429,17.10468101501465,25.319355010986328,9.67977237701416,254136,0.9407176375389099,1.0,17.10468101501465,25.319355010986328,9.67977237701416,254136,0.9407176375389099,1.0,981,929,0.9469928644240571,4,64.0,78.75456237792969,3889,3179,0.8174337876060684,4,32.0,52.414981842041016,15746,12006,0.762479359837419,4,16.0,36.9973258972168,16.942581176757812,1.1340633630752563,396.4470520019531,254136,0.969451904296875,254136
photo-0319-18,000027,253358,10.536398887634277,0.0,10.536398887634277,0,,,20.411489486694336,25.714584350585938,10.536398887634277,253199,0.637450098991394,0.9095059617139089,9.284802436828613,17.849639892578125,10.536398887634277,253358,0.9165046215057373,1.0,7.432275295257568,16.858245849609375,10.536398887634277,253358,0.9587287306785583,1.0,6.9197821617126465,16.288959503173828,10.536398887634277,253358,0.9534470438957214,1.0,6.9197821617126465,16.288959503173828,10.536398887634277,253358,0.9534470438957214,1.0,970,948,0.977319587628866,4,64.0,83.72982788085938,3897,3897,1.0,4,32.0,,15712,15197,0.9672225050916496,4,16.0,18.26207160949707,6.883764743804932,1.3057491779327393,422.5960693359375,253358,0.9664840698242188,253358
photo-0319-18,000028,252632,11.625580787658691,0.0,11.625580787658691,0,,,23.577783584594727,30.017555236816406,11.625580787658691,252436,0.7038112282752991,0.9110824129680394,19.157272338867188,28.551151275634766,11.625580787658691,252347,0.9167670607566833,0.9910638921802122,17.065895080566406,27.451444625854492,11.625580787658691,252632,0.9597222208976746,1.0,14.667168617248535,24.741361618041992,11.625580787658691,252632,0.9463165402412415,1.0,14.667168617248535,24.741361618041992,11.625580787658691,252632,0.9463165402412415,1.0,969,924,0.9535603715170279,4,64.0,75.2719955444336,3896,3233,0.8298254620123203,4,32.0,46.0070686340332,15686,11960,0.7624633431085044,4,16.0,31.042312622070312,14.587484359741211,1.4692319631576538,459.0053405761719,252632,0.963714599609375,252632
photo-0319-18,000029,252977,10.98201847076416,0.0,10.98201847076416,0,,,24.689247131347656,30.882341384887695,10.98201847076416,252395,0.6895639896392822,0.885580142237366,20.435667037963867,29.327116012573242,10.98201847076416,252936,0.9293814301490784,0.9893253629376602,18.960142135620117,28.786645889282227,10.98201847076416,252977,0.9562312364578247,1.0,16.936546325683594,26.530067443847656,10.98201847076416,252977,0.9489346146583557,1.0,16.936546325683594,26.530067443847656,10.98201847076416,252977,0.9489346146583557,1.0,971,904,0.9309989701338826,4,64.0,77.50701904296875,3890,3090,0.794344473007712,4,32.0,49.201454162597656,15691,12108,0.7716525396724236,4,16.0,34.15288162231445,16.821311950683594,1.315940499305725,440.1440124511719,252977,0.9650306701660156,252977
photo-0319-18,000030,252973,10.565173149108887,0.0,10.565173149108887,0,,,21.300153732299805,25.362972259521484,10.565173149108887,251745,0.5778847336769104,0.8460783729567618,12.767695426940918,21.28502655029297,10.565173149108887,252961,0.9138451218605042,0.9994900399666352,11.436275482177734,20.910791397094727,10.565173149108887,252973,0.9508461356163025,1.0,9.340825080871582,18.838010787963867,10.565173149108887,252973,0.9486788511276245,1.0,9.340825080871582,18.838010787963867,10.565173149108887,252973,0.9486788511276245,1.0,969,937,0.9669762641898865,4,64.0,79.37409210205078,3904,3713,0.9510758196721312,4,32.0,40.195186614990234,15697,14125,0.8998534751863413,4,16.0,25.094852447509766,9.279338836669922,1.4171710014343262,405.5599365234375,252973,0.9650154113769531,252973
photo-0319-18,000031,252864,10.526796340942383,0.0,10.526796340942383,0,,,26.700624465942383,32.700347900390625,10.526796340942383,252812,0.6494928598403931,0.9063414711326994,14.722023963928223,23.522306442260742,10.526796340942383,252864,0.905720591545105,0.9979040116426221,11.980036735534668,21.524477005004883,10.526796340942383,252864,0.9503582119941711,0.9996598962288028,9.230281829833984,18.632169723510742,10.526796340942383,252864,0.9465820789337158,1.0,9.230281829833984,18.632169723510742,10.526796340942383,252864,0.9465820789337158,1.0,969,892,0.9205366357069144,4,64.0,91.7640380859375,3904,3787,0.970030737704918,4,32.0,38.27571487426758,15691,13307,0.8480657701867312,4,16.0,22.46699333190918,9.179825782775879,1.4013501405715942,398.4090881347656,252864,0.964599609375,252864
photo-0319-18,000032,253087,9.94252872467041,0.0,9.94252872467041,0,,,23.533283233642578,30.010522842407227,9.94252872467041,253064,0.6978065967559814,0.9129153099611166,14.188898086547852,22.57366180419922,9.94252872467041,252578,0.8821254968643188,0.9942789950035237,11.56608772277832,20.658653259277344,9.94252872467041,253087,0.9435265064239502,1.0,9.094840049743652,18.208995819091797,9.94252872467041,253087,0.9436540603637695,1.0,9.094840049743652,18.208995819091797,9.94252872467041,253087,0.9436540603637695,1.0,967,922,0.953464322647363,4,64.0,81.53194427490234,3908,3859,0.9874616171954964,4,32.0,38.50733184814453,15708,14001,0.8913292589763178,4,16.0,21.800722122192383,9.049221992492676,1.2214574813842773,359.7818298339844,253087,0.9654502868652344,253087
photo-0319-18,000033,252158,11.344528198242188,0.0,11.344528198242188,0,,,24.322071075439453,31.624608993530273,11.344528198242188,252131,0.7192333936691284,0.9192284962975596,15.023941040039062,24.2121524810791,11.344528198242188,251866,0.8839361071586609,0.9990828456401419,12.312853813171387,22.27396583557129,11.344528198242188,252158,0.936636745929718,0.9991632230585585,9.426054954528809,19.312971115112305,11.344528198242188,252158,0.9389210939407349,1.0,9.426054954528809,19.312971115112305,11.344528198242188,252158,0.9389210939407349,1.0,966,909,0.9409937888198758,4,64.0,84.39006042480469,3894,3729,0.9576271186440678,4,32.0,36.2116813659668,15645,13321,0.8514541387024609,4,16.0,21.813613891601562,9.374130249023438,1.3864917755126953,418.21282958984375,252158,0.9619064331054688,252158
photo-0319-18,000034,252764,10.336642265319824,0.0,10.336642265319824,0,,,24.875783920288086,31.94257164001465,10.336642265319824,252736,0.7189213037490845,0.9211192707014434,14.716523170471191,23.445079803466797,10.336642265319824,251977,0.8858526945114136,0.9906181913428607,11.684176445007324,21.103973388671875,10.336642265319824,252764,0.9484186768531799,0.9992285293791837,9.0203218460083,18.32259178161621,10.336642265319824,252764,0.945436418056488,1.0,9.0203218460083,18.32259178161621,10.336642265319824,252764,0.945436418056488,1.0,967,912,0.9431230610134437,4,64.0,81.2103271484375,3904,3814,0.9769467213114754,4,32.0,37.37236785888672,15682,13842,0.8826680270373677,4,16.0,21.651691436767578,8.96047306060791,1.3611774444580078,374.6404724121094,252764,0.9642181396484375,252764
photo-0319-18,000035,252264,10.825614929199219,0.0,10.825614929199219,0,,,21.43008804321289,28.43979263305664,10.825614929199219,252241,0.7060373425483704,0.920726606697563,12.089375495910645,21.240175247192383,10.825614929199219,252213,0.9071217179298401,0.9995440361916317,9.204386711120605,19.08332633972168,10.825614929199219,252264,0.9496240019798279,0.9999048615735896,7.281540393829346,16.88257598876953,10.825614929199219,252264,0.939750075340271,1.0,7.281540393829346,16.88257598876953,10.825614929199219,252264,0.939750075340271,1.0,966,956,0.989648033126294,4,64.0,74.60813903808594,3894,3894,1.0,4,32.0,,15663,14421,0.920704845814978,4,16.0,19.030794143676758,7.260167598724365,1.3652390241622925,380.1463317871094,252264,0.962310791015625,252264
photo-0319-18,000036,252823,9.977771759033203,0.0,9.977771759033203,0,,,21.75897979736328,28.635595321655273,9.977771759033203,252803,0.7214770913124084,0.9112550088408761,13.82879638671875,22.352327346801758,9.977771759033203,252474,0.8672115802764893,0.9727773949000689,11.549148559570312,20.527734756469727,9.977771759033203,252711,0.9274807572364807,0.9940406234789938,9.867881774902344,18.77073860168457,9.977771759033203,252823,0.9171779751777649,0.9940076654418308,9.867881774902344,18.77073860168457,9.977771759033203,252823,0.9171779751777649,0.9940076654418308,965,936,0.9699481865284975,4,64.0,77.53018951416016,3904,3825,0.9797643442622951,4,32.0,38.720733642578125,15686,13909,0.8867142674996813,4,16.0,21.484539031982422,9.811902046203613,1.1342573165893555,330.6358642578125,252823,0.9644432067871094,252823
photo-0319-18,000037,252156,10.982218742370605,0.0,10.982218742370605,0,,,25.2750244140625,32.08568572998047,10.982218742370605,252121,0.6774845719337463,0.8924365681557664,15.53288745880127,24.058574676513672,10.982218742370605,251240,0.8506012558937073,0.9951480655946505,13.6469144821167,22.758197784423828,10.982218742370605,252156,0.8965961933135986,0.9983660908326591,11.359097480773926,20.389484405517578,10.982218742370605,252156,0.8968091011047363,1.0,11.359097480773926,20.389484405517578,10.982218742370605,252156,0.8968091011047363,1.0,965,890,0.9222797927461139,4,64.0,88.62284851074219,3891,3801,0.976869699306091,4,32.0,42.27811813354492,15646,13310,0.8506966636840086,4,16.0,22.88317108154297,11.285703659057617,1.234032392501831,385.437744140625,252156,0.9618988037109375,252156
photo-0319-18,000038,253020,9.521042823791504,0.0,9.521042823791504,0,,,25.279808044433594,31.137996673583984,9.521042823791504,252985,0.6678208112716675,0.89454710753602,15.800589561462402,23.712797164916992,9.521042823791504,252001,0.8603544235229492,0.9652937885167122,13.7516508102417,22.02077293395996,9.521042823791504,252802,0.898307204246521,0.9881765175908418,11.039350509643555,18.97283935546875,9.521042823791504,253020,0.8800996541976929,0.9830329618211999,11.039350509643555,18.97283935546875,9.521042823791504,253020,0.8800996541976929,0.9830329618211999,964,893,0.9263485477178424,4,64.0,90.64961242675781,3907,3740,0.9572562068082928,4,32.0,43.79999923706055,15693,13449,0.8570063085452112,4,16.0,23.589868545532227,10.975016593933105,1.0835902690887451,316.9032897949219,253020,0.9651947021484375,253020
photo-0319-18,000039,252668,10.066493034362793,0.0,10.066493034362793,0,,,24.20170783996582,30.546083450317383,10.066493034362793,252623,0.667917013168335,0.8905800342803307,17.15080451965332,25.710235595703125,10.066493034362793,252656,0.8683818578720093,0.9549783104299918,14.880409240722656,23.90654945373535,10.066493034362793,252662,0.9045156836509705,0.9832938866944773,12.259134292602539,20.905197143554688,10.066493034362793,252668,0.8790740966796875,0.9734157075688255,12.259134292602539,20.905197143554688,10.066493034362793,252668,0.8790740966796875,0.9734157075688255,964,928,0.9626556016597511,4,64.0,80.12982940673828,3902,3492,0.8949256791389031,4,32.0,42.69468307495117,15672,12415,0.7921771311893824,4,16.0,26.065841674804688,12.160441398620605,1.0845483541488647,325.0964660644531,252668,0.9638519287109375,252668
photo-0319-18,000040,252372,10.48082447052002,0.0,10.48082447052002,0,,,26.16668128967285,32.068241119384766,10.48082447052002,252320,0.6324948072433472,0.8674619530754597,23.187170028686523,31.59609031677246,10.48082447052002,252191,0.7995190620422363,0.9349778540867835,21.07862663269043,30.186979293823242,10.48082447052002,252125,0.891840934753418,0.9818383738225087,18.786869049072266,27.75765609741211,10.48082447052002,252037,0.888732373714447,0.9765351912616005,18.786869049072266,27.75765609741211,10.48082447052002,252037,0.888732373714447,0.9765351912616005,964,902,0.9356846473029046,4,64.0,85.88235473632812,3896,2947,0.7564168377823408,4,32.0,49.83189392089844,15654,11073,0.7073591414334994,4,16.0,32.73294448852539,18.64035987854004,1.2250553369522095,349.9375915527344,252372,0.9627227783203125,252372
photo-0319-18,000041,252650,10.061059951782227,0.0,10.061059951782227,0,,,32.79880142211914,39.10371398925781,10.061059951782227,252599,0.649109423160553,0.8802924793843206,25.793136596679688,34.12110137939453,10.061059951782227,252594,0.7809239029884338,0.9206750754174684,24.34505844116211,33.29733657836914,10.061059951782227,250984,0.8798640370368958,0.9655476046281835,25.35715103149414,34.55622863769531,10.061059951782227,251407,0.8908098936080933,0.9672204831209951,25.35715103149414,34.55622863769531,10.061059951782227,251407,0.8908098936080933,0.9672204831209951,964,841,0.8724066390041494,4,64.0,95.58849334716797,3900,2693,0.6905128205128205,4,32.0,48.096256256103516,15670,9981,0.6369495851946394,4,16.0,33.78921890258789,25.262483596801758,1.1457167863845825,314.06298828125,252650,0.9637832641601562,252650
photo-0319-18,000042,253331,8.997624397277832,0.0,8.997624397277832,0,,,30.242353439331055,36.30027389526367,8.997624397277832,252113,0.695254385471344,0.908858329399912,24.86581802368164,32.71236801147461,8.997624397277832,251889,0.8369166851043701,0.9502082266395119,22.81017303466797,31.1987247467041,8.997624397277832,250322,0.9290262460708618,0.9842802470418102,21.323490142822266,29.68437385559082,8.997624397277832,250712,0.9270356893539429,0.9840254953891318,21.323490142822266,29.68437385559082,8.997624397277832,250712,0.9270356893539429,0.9840254953891318,965,866,0.8974093264248705,4,64.0,89.08456420898438,3913,2779,0.7101967799642218,4,32.0,49.49444580078125,15714,10788,0.6865215731195112,4,16.0,33.621639251708984,21.259674072265625,1.020438313484192,259.8463439941406,253331,0.9663810729980469,253331
photo-0319-18,000043,253106,9.381739616394043,0.0,9.381739616394043,0,,,29.786842346191406,35.49092102050781,9.381739616394043,252986,0.6404107213020325,0.8967255105025574,24.236560821533203,31.827219009399414,9.381739616394043,252821,0.7857297658920288,0.9367299393642142,21.544166564941406,29.701032638549805,9.381739616394043,251588,0.8773021101951599,0.9738819021574956,18.725292205810547,26.651779174804688,9.381739616394043,251875,0.8624883890151978,0.9703980148883374,18.725292205810547,26.651779174804688,9.381739616394043,251875,0.8624883890151978,0.9703980148883374,964,874,0.9066390041493776,4,64.0,86.48505401611328,3906,2879,0.7370711725550435,4,32.0,49.401039123535156,15700,10741,0.684140127388535,4,16.0,31.25010108947754,18.616514205932617,1.0665254592895508,290.2063903808594,253106,0.9655227661132812,253106
photo-0319-18,000044,252745,10.118494987487793,0.0,10.118494987487793,0,,,27.14254379272461,33.020896911621094,10.118494987487793,252443,0.6607955098152161,0.9161672139849392,21.285921096801758,29.39824104309082,10.118494987487793,252447,0.8441254496574402,0.9891383141807983,18.984790802001953,27.548425674438477,10.118494987487793,251853,0.8916758894920349,0.9921541534148889,17.31485366821289,25.663286209106445,10.118494987487793,251125,0.8725813627243042,0.986484818317571,17.31485366821289,25.663286209106445,10.118494987487793,251125,0.8725813627243042,0.986484818317571,965,930,0.9637305699481865,4,64.0,78.1190185546875,3902,3327,0.8526396719630959,4,32.0,51.20247268676758,15682,11634,0.741869659482209,4,16.0,30.292861938476562,17.218921661376953,1.103783130645752,300.2608947753906,252745,0.9641456604003906,252745
photo-0319-18,000045,253283,9.404712677001953,0.0,9.404712677001953,0,,,26.90704345703125,32.09982681274414,9.404712677001953,252939,0.6636238694190979,0.9271247217708618,19.799715042114258,26.946809768676758,9.404712677001953,252941,0.8185662627220154,0.9922709248401801,17.76544189453125,25.352134704589844,9.404712677001953,252635,0.8687467575073242,0.9938607081362439,15.61396312713623,23.136165618896484,9.404712677001953,251783,0.8674624562263489,0.9929741086570578,15.61396312713623,23.136165618896484,9.404712677001953,251783,0.8674624562263489,0.9929741086570578,965,920,0.9533678756476683,4,64.0,80.1323013305664,3913,3509,0.8967544083823153,4,32.0,51.13619613647461,15711,12279,0.7815543249952263,4,16.0,31.043569564819336,15.523158073425293,1.0554307699203491,287.5244140625,253283,0.9661979675292969,253283
photo-0319-18,000046,253445,9.334097862243652,0.0,9.334097862243652,0,,,22.620943069458008,26.7171573638916,9.334097862243652,253404,0.590419590473175,0.887641868320942,15.505541801452637,22.631107330322266,9.334097862243652,253287,0.8294580578804016,0.98081228014071,13.939608573913574,21.520944595336914,9.334097862243652,252927,0.8797417879104614,0.9929228591648974,12.860125541687012,20.479272842407227,9.334097862243652,253180,0.888263463973999,0.9992100481870606,12.860125541687012,20.479272842407227,9.334097862243652,253180,0.888263463973999,0.9992100481870606,966,956,0.989648033126294,4,64.0,76.75260162353516,3916,3688,0.9417773237997957,4,32.0,41.70784378051758,15723,13297,0.845703746104433,4,16.0,28.34222984313965,12.78781509399414,1.2108768224716187,295.7911071777344,253445,0.9668159484863281,253445
photo-0319-18,000047,253400,9.524821281433105,0.0,9.524821281433105,0,,,30.079885482788086,34.81468963623047,9.524821281433105,253246,0.6040362119674683,0.8953191758211383,27.31643295288086,33.86701965332031,9.524821281433105,253171,0.751354992389679,0.9807995386517413,25.619173049926758,32.568359375,9.524821281433105,252852,0.8012340068817139,0.9906941610111845,24.36377716064453,31.045625686645508,9.524821281433105,252276,0.7814671993255615,0.9850322662480775,24.36377716064453,31.045625686645508,9.524821281433105,252276,0.7814671993255615,0.9850322662480775,965,855,0.8860103626943006,4,64.0,88.3135986328125,3915,2997,0.7655172413793103,4,32.0,65.59576416015625,15720,10846,0.6899491094147583,4,16.0,40.41264724731445,24.223949432373047,1.0458827018737793,287.7255554199219,253400,0.966644287109375,253400
photo-0319-18,000048,253621,9.341435432434082,0.0,9.341435432434082,0,,,28.25330924987793,33.387298583984375,9.341435432434082,253164,0.6204242706298828,0.9127008579418875,24.94210433959961,31.687978744506836,9.341435432434082,253129,0.7607497572898865,0.975004839429698,22.794572830200195,29.883020401000977,9.341435432434082,253267,0.8040031790733337,0.9839339511266766,20.90381622314453,27.777936935424805,9.341435432434082,252672,0.7919414639472961,0.9812563323201621,20.90381622314453,27.777936935424805,9.341435432434082,252672,0.7919414639472961,0.9812563323201621,966,881,0.912008281573499,4,64.0,84.42127227783203,3917,3144,0.8026550931835589,4,32.0,63.28899002075195,15739,11223,0.713069445326895,4,16.0,37.45237350463867,20.776649475097656,1.0796489715576172,286.2633056640625,253621,0.9674873352050781,253621
photo-0319-18,000049,254328,8.514399528503418,0.0,8.514399528503418,0,,,24.81065559387207,29.840879440307617,8.514399528503418,253810,0.658212423324585,0.9152988455931602,21.824636459350586,28.307750701904297,8.514399528503418,253738,0.7980262041091919,0.9857451386863615,19.671842575073242,26.45650863647461,8.514399528503418,253789,0.8486893177032471,0.9916347832254353,17.71263313293457,24.33883285522461,8.514399528503418,253039,0.8406779766082764,0.9862432273285936,17.71263313293457,24.33883285522461,8.514399528503418,253039,0.8406779766082764,0.9862432273285936,967,922,0.953464322647363,4,64.0,83.4931411743164,3929,3327,0.8467803512344108,4,32.0,57.656803131103516,15778,12141,0.7694891621244772,4,16.0,35.61732482910156,17.622840881347656,1.0249638557434082,264.0509033203125,254328,0.970184326171875,254328
photo-0319-18,000050,254744,8.082562446594238,0.0,8.082562446594238,0,,,20.360021591186523,25.682825088500977,8.082562446594238,251901,0.7265170812606812,0.9246092711025363,16.283592224121094,23.3380126953125,8.082562446594238,252058,0.8774842619895935,0.9881217814947353,13.812646865844727,21.1561222076416,8.082562446594238,251739,0.9307098388671875,0.9951457660513469,10.909077644348145,18.08980369567871,8.082562446594238,251206,0.9119132161140442,0.984236045317389,10.909077644348145,18.08980369567871,8.082562446594238,251206,0.9119132161140442,0.984236045317389,971,964,0.9927909371781668,4,64.0,69.99791717529297,3931,3767,0.9582803357924192,4,32.0,47.15732955932617,15802,13652,0.8639412732565498,4,16.0,26.526268005371094,10.851827621459961,0.8993695378303528,236.0071563720703,254744,0.971771240234375,254744
photo-0319-18,000051,255175,7.632231712341309,0.0,7.632231712341309,0,,,19.618328094482422,22.746580123901367,7.632231712341309,250890,0.5790004134178162,0.8483040376260512,11.527274131774902,17.976533889770508,7.632231712341309,250515,0.8539512157440186,0.9659182084905096,9.325093269348145,16.227649688720703,7.632231712341309,250786,0.9049422144889832,0.9810754986323,7.100846290588379,13.689926147460938,7.632231712341309,250107,0.8890976309776306,0.9778934615984358,7.100846290588379,13.689926147460938,7.632231712341309,250107,0.8890976309776306,0.9778934615984358,973,970,0.9969167523124358,4,64.0,75.93628692626953,3934,3932,0.9994916115912558,4,32.0,34.65998840332031,15826,14959,0.9452167319600657,4,16.0,19.927188873291016,7.061980724334717,0.8670480847358704,220.4866943359375,255175,0.9734153747558594,255175
photo-0319-18,000052,254583,8.931580543518066,0.0,8.931580543518066,0,,,15.34669017791748,19.899938583374023,8.931580543518066,254469,0.6499744653701782,0.9046367140987703,9.161500930786133,16.807720184326172,8.931580543518066,253615,0.8672787547111511,0.9592768566528005,7.40836238861084,15.559471130371094,8.931580543518066,253586,0.9126496911048889,0.9773489072740609,6.006740093231201,14.022417068481445,8.931580543518066,253882,0.9026920795440674,0.9707501910336298,6.006740093231201,14.022417068481445,8.931580543518066,253882,0.9026920795440674,0.9707501910336298,971,969,0.9979402677651905,4,64.0,72.78327941894531,3929,3929,1.0,4,32.0,,15805,15138,0.9577981651376147,4,16.0,18.404796600341797,5.982120513916016,1.0769075155258179,290.7558288574219,254583,0.9711570739746094,254583
photo-0319-18,000053,255687,7.620943069458008,0.0,7.620943069458008,0,,,17.93273162841797,22.6307430267334,7.620943069458008,254750,0.6883156895637512,0.9155721295387635,11.404092788696289,17.897197723388672,7.620943069458008,255223,0.8478138446807861,0.95577592928537,8.800793647766113,15.75228214263916,7.620943069458008,255022,0.911164402961731,0.9788920171593039,6.121322154998779,12.7392578125,7.620943069458008,254027,0.897085964679718,0.9762269365067493,6.121322154998779,12.7392578125,7.620943069458008,254027,0.897085964679718,0.9762269365067493,975,970,0.9948717948717949,4,64.0,74.90196228027344,3948,3948,1.0,4,32.0,,15877,15036,0.9470302953958556,4,16.0,19.09083366394043,6.09907865524292,0.9525604844093323,250.40383911132812,255687,0.9753684997558594,255687
photo-0319-18,000054,255666,7.937857627868652,0.0,7.937857627868652,0,,,17.330421447753906,20.103235244750977,7.937857627868652,254007,0.5121535658836365,0.8060092832087304,10.358925819396973,16.22507095336914,7.937857627868652,253145,0.7932741641998291,0.9570009283217129,7.865001201629639,14.255208969116211,7.937857627868652,253969,0.8323832750320435,0.9670904716717394,6.0602827072143555,12.471439361572266,7.937857627868652,252529,0.8423394560813904,0.9590225281056829,6.0602827072143555,12.471439361572266,7.937857627868652,252529,0.8423394560813904,0.9590225281056829,977,977,1.0,4,64.0,,3947,3947,1.0,4,32.0,,15868,14530,0.9156793546760776,4,16.0,19.57252311706543,6.036925315856934,0.977710485458374,260.516845703125,255666,0.9752883911132812,255666
photo-0319-18,000055,255560,8.54592227935791,0.0,8.54592227935791,0,,,19.96938133239746,21.833415985107422,8.54592227935791,255276,0.3822714388370514,0.7333944436609787,11.854351043701172,16.863739013671875,8.54592227935791,255220,0.7133639454841614,0.9310007052738813,9.423741340637207,15.062003135681152,8.54592227935791,254817,0.7671777606010437,0.9487671544677161,7.383211612701416,13.617677688598633,8.54592227935791,255560,0.8086084127426147,0.9463648458287682,7.383211612701416,13.617677688598633,8.54592227935791,255560,0.8086084127426147,0.9463648458287682,974,972,0.997946611909651,4,64.0,72.77564239501953,3950,3897,0.9865822784810127,4,32.0,35.10478973388672,15869,13714,0.864200642762619,4,16.0,24.250551223754883,7.342290878295898,1.1655019521713257,324.1953430175781,255560,0.974884033203125,255560
photo-0319-18,000056,255841,8.292756080627441,0.0,8.292756080627441,0,,,17.09971046447754,20.75040626525879,8.292756080627441,254585,0.6001939177513123,0.877251212758018,9.583130836486816,16.3374080657959,8.292756080627441,255841,0.879298210144043,0.9774977427386541,7.148425102233887,14.2904691696167,8.292756080627441,255757,0.9044793248176575,0.9893414451999358,6.02531623840332,13.04655933380127,8.292756080627441,255841,0.8896533250808716,0.9838688873167318,6.02531623840332,13.04655933380127,8.292756080627441,255841,0.8896533250808716,0.9838688873167318,972,970,0.9979423868312757,4,64.0,66.66046905517578,3958,3958,1.0,4,32.0,,15894,15432,0.9709324273310683,4,16.0,17.366531372070312,6.007348537445068,1.3243929147720337,340.546875,255841,0.9759559631347656,255841
photo-0319-18,000057,257070,6.936212062835693,0.0,6.936212062835693,0,,,21.774120330810547,24.246503829956055,6.936212062835693,255279,0.45193392038345337,0.8133884886731771,13.57622241973877,18.661592483520508,6.936212062835693,254997,0.7322192788124084,0.931210955423005,11.292057037353516,16.831768035888672,6.936212062835693,254999,0.7863671183586121,0.9528155012372598,8.450268745422363,14.050830841064453,6.936212062835693,253983,0.8060898184776306,0.9540638546674384,8.450268745422363,14.050830841064453,6.936212062835693,253983,0.8060898184776306,0.9540638546674384,982,971,0.9887983706720977,4,64.0,73.34687042236328,3978,3911,0.9831573655103066,4,32.0,43.31249237060547,15964,14587,0.9137434227010774,4,16.0,23.620939254760742,8.38504409790039,0.8879202604293823,262.042236328125,257070,0.9806442260742188,257070
photo-0319-18,000058,257295,6.937475204467773,0.0,6.937475204467773,0,,,23.921817779541016,27.595693588256836,6.937475204467773,256711,0.5928746461868286,0.8893736536416437,18.93674087524414,23.929994583129883,6.937475204467773,257059,0.7588991522789001,0.9552865295515816,16.347675323486328,21.77347755432129,6.937475204467773,256480,0.807537853717804,0.966278072364317,13.886237144470215,19.11881446838379,6.937475204467773,255124,0.7907944321632385,0.9518116680516141,13.886237144470215,19.11881446838379,6.937475204467773,255124,0.7907944321632385,0.9518116680516141,981,962,0.9806320081549439,4,64.0,75.59381103515625,3981,3575,0.8980155739763879,4,32.0,49.25184631347656,15985,13077,0.8180794494838911,4,16.0,29.28945541381836,13.75192928314209,1.1023118495941162,311.4790344238281,257295,0.9815025329589844,257295
photo-0319-18,000059,257646,6.587526321411133,0.0,6.587526321411133,0,,,25.44902229309082,28.459976196289062,6.587526321411133,256823,0.49023914337158203,0.8213088391616016,19.101255416870117,22.980857849121094,6.587526321411133,257214,0.6175612807273865,0.9065291935897735,16.608116149902344,20.981081008911133,6.587526321411133,255484,0.688304603099823,0.9257644314321053,14.733308792114258,19.041465759277344,6.587526321411133,254818,0.687902569770813,0.926304264219953,14.733308792114258,19.041465759277344,6.587526321411133,254818,0.687902569770813,0.926304264219953,983,957,0.9735503560528993,4,64.0,77.76201629638672,3976,3459,0.8699698189134809,4,32.0,45.579288482666016,16007,13126,0.820016242893734,4,16.0,30.22186279296875,14.622796058654785,1.080794334411621,298.2745666503906,257646,0.9828414916992188,257646
photo-0319-18,000060,257835,6.777942180633545,0.0,6.777942180633545,0,,,29.8183650970459,31.836820602416992,6.777942180633545,257168,0.34287238121032715,0.7910198780563679,27.70911979675293,30.627029418945312,6.777942180633545,257242,0.4237665832042694,0.8523063885368641,25.89491081237793,29.353321075439453,6.777942180633545,255507,0.5183426141738892,0.8877721549703139,24.416967391967773,27.915332794189453,6.777942180633545,254265,0.5398684144020081,0.8905040017304781,24.416967391967773,27.915332794189453,6.777942180633545,254265,0.5398684144020081,0.8905040017304781,985,885,0.8984771573604061,4,64.0,94.05131530761719,3985,3060,0.767879548306148,4,32.0,67.40396118164062,16013,11631,0.726347342783988,4,16.0,44.07121658325195,24.211233139038086,1.0031027793884277,293.7657775878906,257835,0.9835624694824219,257835
photo-0319-18,000061,258077,6.945730209350586,0.0,6.945730209350586,0,,,25.996562957763672,28.123117446899414,6.945730209350586,257293,0.3653259873390198,0.7494179787246447,17.92494773864746,21.236915588378906,6.945730209350586,257860,0.4805293679237366,0.8533273869541612,16.058183670043945,20.03361701965332,6.945730209350586,256326,0.5743107795715332,0.8993781356553764,13.663979530334473,18.06241226196289,6.945730209350586,256390,0.6358178853988647,0.9060766800577246,13.663979530334473,18.06241226196289,6.945730209350586,256390,0.6358178853988647,0.9060766800577246,987,922,0.9341438703140831,4,64.0,81.29304504394531,3991,3564,0.8930092708594337,4,32.0,48.44283676147461,16035,13062,0.8145930776426566,4,16.0,32.495399475097656,13.572561264038086,1.0627448558807373,308.9949951171875,258077,0.9844856262207031,258077
photo-0319-18,000062,258204,6.882637977600098,0.0,6.882637977600098,0,,,20.525724411010742,21.771984100341797,6.882637977600098,257757,0.28088924288749695,0.6747362826227804,12.07242488861084,14.680242538452148,6.882637977600098,258204,0.5177929997444153,0.869022168517916,11.164912223815918,14.685076713562012,6.882637977600098,258204,0.5944330096244812,0.8829142848290499,10.654438972473145,14.66129207611084,6.882637977600098,257985,0.6730175614356995,0.9274027559741845,10.654438972473145,14.66129207611084,6.882637977600098,257985,0.6730175614356995,0.9274027559741845,985,979,0.9939086294416244,4,64.0,71.55524444580078,3969,3901,0.982867220962459,4,32.0,37.87308120727539,16047,14653,0.9131301800959681,4,16.0,26.911104202270508,10.583691596984863,1.403123140335083,341.07574462890625,258204,0.9849700927734375,258204
photo-0319-18,000063,258948,6.366364479064941,0.0,6.366364479064941,0,,,21.73600196838379,22.749948501586914,6.366364479064941,257362,0.2444780170917511,0.6343632704128814,11.713417053222656,14.370508193969727,6.366364479064941,258845,0.4929809868335724,0.8114354150167088,10.99909496307373,14.42714786529541,6.366364479064941,258948,0.5608891844749451,0.818909588025395,9.79282283782959,13.797203063964844,6.366364479064941,257204,0.6643697023391724,0.8705152330445872,9.79282283782959,13.797203063964844,6.366364479064941,257204,0.6643697023391724,0.8705152330445872,996,972,0.9759036144578314,4,64.0,73.86483001708984,3988,3879,0.9726680040120361,4,32.0,39.54145050048828,16081,14514,0.9025558112057708,4,16.0,27.86152458190918,9.698755264282227,1.166747808456421,318.4776611328125,258948,0.9878082275390625,258948
photo-0319-18,000064,259769,5.667291641235352,0.0,5.667291641235352,0,,,22.76047134399414,24.450857162475586,5.667291641235352,259025,0.37613070011138916,0.7541434224495706,16.390094757080078,19.121320724487305,5.667291641235352,258103,0.5074268579483032,0.8211489211671309,15.072187423706055,18.131940841674805,5.667291641235352,258637,0.5487458109855652,0.8373898552797937,13.329318046569824,16.382387161254883,5.667291641235352,257291,0.5817360281944275,0.8460964433268168,13.329318046569824,16.382387161254883,5.667291641235352,257291,0.5817360281944275,0.8460964433268168,1010,988,0.9782178217821782,4,64.0,75.61111450195312,4006,3765,0.9398402396405392,4,32.0,48.869422912597656,16143,13914,0.8619215759152574,4,16.0,31.902416229248047,13.231624603271484,1.0941208600997925,295.5780029296875,259769,0.9909400939941406,259769
photo-0319-18,000065,259580,6.320709228515625,0.0,6.320709228515625,0,,,21.757726669311523,23.398462295532227,6.320709228515625,258305,0.3530183434486389,0.690942877605931,13.577418327331543,16.48788833618164,6.320709228515625,258385,0.553122878074646,0.8292006114906051,11.552114486694336,14.759124755859375,6.320709228515625,258115,0.583196222782135,0.8312612595161072,8.905820846557617,12.25274658203125,6.320709228515625,256932,0.6498475670814514,0.8503028038547165,8.905820846557617,12.25274658203125,6.320709228515625,256932,0.6498475670814514,0.8503028038547165,1011,1002,0.9910979228486647,4,64.0,71.81670379638672,3992,3979,0.9967434869739479,4,32.0,46.34652328491211,16129,14802,0.9177258354516709,4,16.0,24.107093811035156,8.835445404052734,1.274101734161377,318.8794250488281,259580,0.9902191162109375,259580
photo-0319-18,000066,259285,7.128864765167236,0.0,7.128864765167236,0,,,20.637304306030273,21.98849105834961,7.128864765167236,258606,0.2907343804836273,0.6516322127096819,12.05115795135498,15.607728958129883,7.128864765167236,258229,0.6127145886421204,0.8599072915900228,10.25637149810791,14.260882377624512,7.128864765167236,257132,0.6554118990898132,0.8743758069785169,8.217687606811523,12.459671974182129,7.128864765167236,257360,0.7073396444320679,0.8908727074914516,8.217687606811523,12.459671974182129,7.128864765167236,257360,0.7073396444320679,0.8908727074914516,1004,1000,0.9960159362549801,4,64.0,71.46302795410156,3988,3981,0.9982447342026078,4,32.0,43.340084075927734,16111,15211,0.9441375457761778,4,16.0,22.873350143432617,8.164443016052246,1.3222386837005615,349.1288146972656,259285,0.9890937805175781,259285
photo-0319-18,000067,259560,7.20947790145874,0.0,7.20947790145874,0,,,23.21616554260254,24.814260482788086,7.20947790145874,258782,0.3310251235961914,0.6628977285900874,15.256280899047852,18.60248374938965,7.20947790145874,258360,0.5922936797142029,0.8711023378231925,13.289082527160645,16.99505615234375,7.20947790145874,258030,0.6243114471435547,0.865558268418401,10.517814636230469,14.285475730895996,7.20947790145874,258648,0.6636834144592285,0.8687327951501654,10.517814636230469,14.285475730895996,7.20947790145874,258648,0.6636834144592285,0.8687327951501654,1010,1000,0.9900990099009901,4,64.0,69.46531677246094,3994,3834,0.9599399098647972,4,32.0,39.50690460205078,16127,13920,0.8631487567433497,4,16.0,25.14997673034668,10.428444862365723,1.3128306865692139,358.1265869140625,259560,0.990142822265625,259560
photo-0319-18,000068,260649,6.123892307281494,0.0,6.123892307281494,0,,,21.065732955932617,22.467365264892578,6.123892307281494,259259,0.39041534066200256,0.7359513073798788,14.392154693603516,17.459686279296875,6.123892307281494,259565,0.6640618443489075,0.9102305780825612,12.259922981262207,15.813175201416016,6.123892307281494,259260,0.6970590949058533,0.9070238370747512,9.591626167297363,13.158939361572266,6.123892307281494,256387,0.722492516040802,0.8936880575068159,9.591626167297363,13.158939361572266,6.123892307281494,256387,0.722492516040802,0.8936880575068159,1024,1021,0.9970703125,4,64.0,68.2085189819336,4034,3819,0.9467030242935052,4,32.0,38.33405685424805,16164,14491,0.8964983914872556,4,16.0,24.727649688720703,9.509546279907227,1.2976505756378174,341.1393737792969,260649,0.9942970275878906,260649
photo-0319-18,000069,260583,6.6100945472717285,0.0,6.6100945472717285,0,,,22.617002487182617,23.663707733154297,6.6100945472717285,259324,0.2939285635948181,0.6276742607703105,16.21674346923828,18.878276824951172,6.6100945472717285,259414,0.5931493639945984,0.8758702305966525,13.657222747802734,16.814786911010742,6.6100945472717285,259768,0.6305331587791443,0.8613416587108497,10.372082710266113,13.565705299377441,6.6100945472717285,259832,0.6727296113967896,0.8814849595123002,10.372082710266113,13.565705299377441,6.6100945472717285,259832,0.6727296113967896,0.8814849595123002,1024,1006,0.982421875,4,64.0,76.20204162597656,4032,3766,0.9340277777777778,4,32.0,40.437477111816406,16153,13897,0.8603355413855012,4,16.0,26.254121780395508,10.230639457702637,1.2978602647781372,355.0657958984375,260583,0.9940452575683594,260583
photo-0319-18,000070,261776,5.219620227813721,0.0,5.219620227813721,0,,,28.032115936279297,29.216320037841797,5.219620227813721,256061,0.3538271188735962,0.6839073502017098,22.693065643310547,24.5784912109375,5.219620227813721,256208,0.508341908454895,0.8008493099356773,20.200319290161133,22.649444580078125,5.219620227813721,253966,0.5600395798683167,0.8198774639124923,17.54685401916504,19.822744369506836,5.219620227813721,255236,0.5297117829322815,0.8114686016079237,17.54685401916504,19.822744369506836,5.219620227813721,255236,0.5297117829322815,0.8114686016079237,1024,987,0.9638671875,4,64.0,75.8226318359375,4096,3256,0.794921875,4,32.0,51.76590347290039,16294,12088,0.7418681723333742,4,16.0,32.36238098144531,17.471969604492188,1.0764788389205933,305.1224365234375,261776,0.99859619140625,261776
photo-0319-18,000071,261238,6.282521724700928,0.0,6.282521724700928,0,,,27.262699127197266,28.04230308532715,6.282521724700928,258350,0.2820824980735779,0.6354673892006967,21.688798904418945,23.99358558654785,6.282521724700928,258158,0.5143917202949524,0.8308826377644698,19.430635452270508,22.165939331054688,6.282521724700928,258571,0.5547597408294678,0.8404964207122996,16.975507736206055,19.804466247558594,6.282521724700928,257598,0.555267870426178,0.8247463101421595,16.975507736206055,19.804466247558594,6.282521724700928,257598,0.555267870426178,0.8247463101421595,1024,982,0.958984375,4,64.0,79.1622314453125,4063,3295,0.8109771105094757,4,32.0,51.4350700378418,16242,12240,0.7536017731806428,4,16.0,31.640966415405273,16.80654525756836,1.1778863668441772,332.3067626953125,261238,0.9965438842773438,261238
photo-0319-18,000072,261952,5.21486234664917,0.0,5.21486234664917,0,,,24.733850479125977,25.362302780151367,5.21486234664917,249430,0.3830680251121521,0.6777572866134788,18.959957122802734,20.68346405029297,5.21486234664917,249923,0.5800347328186035,0.8593926929494284,16.686601638793945,18.986988067626953,5.21486234664917,249532,0.657446026802063,0.8821794399115144,13.274191856384277,15.595316886901855,5.21486234664917,249525,0.6509852409362793,0.8723654944394349,13.274191856384277,15.595316886901855,5.21486234664917,249525,0.6509852409362793,0.8723654944394349,1024,1021,0.9970703125,4,64.0,70.246337890625,4096,3468,0.8466796875,4,32.0,36.5189323425293,16336,12850,0.7866062683643487,4,16.0,28.695341110229492,13.285229682922363,0.9638470411300659,299.2809753417969,261952,0.999267578125,261952
photo-0319-18,000073,261712,5.9690775871276855,0.0,5.9690775871276855,0,,,21.343351364135742,23.203134536743164,5.9690775871276855,258349,0.5520033240318298,0.8291381038827322,16.011066436767578,18.91702651977539,5.9690775871276855,258003,0.6798473596572876,0.8886563334534869,13.745821952819824,17.16037940979004,5.9690775871276855,257567,0.7089707255363464,0.8985312559450551,10.821962356567383,14.085693359375,5.9690775871276855,256392,0.7034468054771423,0.8835728103840993,10.821962356567383,14.085693359375,5.9690775871276855,256392,0.7034468054771423,0.8835728103840993,1024,1006,0.982421875,4,64.0,79.76851654052734,4086,3803,0.9307391091532061,4,32.0,49.373931884765625,16297,14180,0.8700987911885623,4,16.0,28.79810333251953,10.757668495178223,1.047070860862732,330.3880920410156,261712,0.99835205078125,261712
photo-0319-18,000074,261897,5.6056389808654785,0.0,5.6056389808654785,0,,,19.750272750854492,19.839014053344727,5.6056389808654785,252137,0.26180678606033325,0.6857978004021623,12.529316902160645,14.331897735595703,5.6056389808654785,252266,0.5441085696220398,0.7873593746283685,10.15729808807373,12.704673767089844,5.6056389808654785,250540,0.6217089295387268,0.832549692663846,8.072772979736328,10.393732070922852,5.6056389808654785,251059,0.597086489200592,0.815294412867095,8.072772979736328,10.393732070922852,5.6056389808654785,251059,0.597086489200592,0.815294412867095,1024,1019,0.9951171875,4,64.0,71.37217712402344,4090,4074,0.9960880195599022,4,32.0,35.14296340942383,16335,15223,0.9319253137434955,4,16.0,20.72818374633789,8.071919441223145,1.0712748765945435,310.6444091796875,261897,0.9990577697753906,261897
photo-0319-18,000075,261981,5.627762794494629,0.0,5.627762794494629,0,,,20.036727905273438,20.252975463867188,5.627762794494629,253082,0.2213713824748993,0.6112406255679977,14.174534797668457,16.115249633789062,5.627762794494629,251024,0.5437003374099731,0.8092811842692332,11.500877380371094,14.112537384033203,5.627762794494629,251828,0.5922099947929382,0.8212271868100449,8.934496879577637,11.441372871398926,5.627762794494629,251362,0.5825362801551819,0.8088573451834407,8.934496879577637,11.441372871398926,5.627762794494629,251362,0.5825362801551819,0.8088573451834407,1024,1021,0.9970703125,4,64.0,70.51203155517578,4095,4095,1.0,4,32.0,,16345,14714,0.9002141327623127,4,16.0,22.90984344482422,8.934194564819336,1.0447207689285278,312.8070068359375,261981,0.9993782043457031,261981
photo-0319-18,000076,262030,5.5496602058410645,0.0,5.5496602058410645,0,,,20.16596794128418,20.86115264892578,5.5496602058410645,253160,0.44169357419013977,0.7380589350608311,14.346625328063965,16.677814483642578,5.5496602058410645,253340,0.6036778688430786,0.8515670640246309,12.110363006591797,14.888190269470215,5.5496602058410645,252140,0.62266606092453,0.847263425081304,8.594440460205078,10.903557777404785,5.5496602058410645,249564,0.5849569439888,0.8121764357038675,8.594440460205078,10.903557777404785,5.5496602058410645,249564,0.5849569439888,0.8121764357038675,1024,1019,0.9951171875,4,64.0,70.87393188476562,4096,4074,0.99462890625,4,32.0,34.5997200012207,16356,14329,0.8760699437515285,4,16.0,24.48888397216797,8.596200942993164,1.1340291500091553,311.5290832519531,262030,0.9995651245117188,262030
photo-0319-18,000077,262075,5.370694637298584,0.0,5.370694637298584,0,,,19.525218963623047,20.294214248657227,5.370694637298584,254343,0.41371259093284607,0.7467396389914407,9.513800621032715,12.281373023986816,5.370694637298584,253626,0.6535132527351379,0.8664411377382445,7.252726078033447,10.599084854125977,5.370694637298584,252396,0.7452203631401062,0.8993090223299893,5.693037509918213,9.25667953491211,5.370694637298584,254681,0.824224591255188,0.9278391399436943,5.693037509918213,9.25667953491211,5.370694637298584,254681,0.824224591255188,0.9278391399436943,1024,1021,0.9970703125,4,64.0,71.7586898803711,4096,4096,1.0,4,32.0,,16367,16216,0.9907741186533879,4,16.0,18.7303466796875,5.697758674621582,1.1332354545593262,302.19659423828125,262075,0.9997367858886719,262075
photo-0319-18,000078,262100,5.125748634338379,0.0,5.125748634338379,0,,,24.217971801757812,24.84776496887207,5.125748634338379,254090,0.3520835041999817,0.6897949545436657,17.628690719604492,19.334903717041016,5.125748634338379,255022,0.44238150119781494,0.7352502921316593,15.721430778503418,18.054899215698242,5.125748634338379,253693,0.4978853464126587,0.766489418312685,12.62314224243164,14.465141296386719,5.125748634338379,253512,0.4010157287120819,0.6999037520906308,12.62314224243164,14.465141296386719,5.125748634338379,253512,0.4010157287120819,0.6999037520906308,1024,992,0.96875,4,64.0,78.9333724975586,4096,3490,0.85205078125,4,32.0,42.77529525756836,16373,13288,0.8115800403102669,4,16.0,31.189191818237305,12.630233764648438,1.0143176317214966,299.2083435058594,262100,0.9998321533203125,262100
photo-0319-18,000079,262046,5.270263195037842,0.0,5.270263195037842,0,,,22.13600730895996,22.593881607055664,5.270263195037842,253850,0.34020647406578064,0.6853102225723853,16.575864791870117,18.04313850402832,5.270263195037842,255237,0.3593008816242218,0.7026763361111438,14.582710266113281,16.597911834716797,5.270263195037842,254956,0.4223392903804779,0.7242975258475972,11.274606704711914,13.210969924926758,5.270263195037842,253287,0.42988792061805725,0.725441890029887,11.274606704711914,13.210969924926758,5.270263195037842,253287,0.42988792061805725,0.725441890029887,1024,1004,0.98046875,4,64.0,72.23235321044922,4096,3642,0.88916015625,4,32.0,38.37101364135742,16360,13789,0.8428484107579463,4,16.0,28.545948028564453,11.276341438293457,1.1790181398391724,308.4704284667969,262046,0.9996261596679688,262046
photo-0319-18,000080,261954,5.52813720703125,0.0,5.52813720703125,0,,,22.69585418701172,22.63294219970703,5.52813720703125,252018,0.2790161967277527,0.6554373100334103,16.210609436035156,17.824993133544922,5.52813720703125,254709,0.3816545605659485,0.7206537656698428,14.314164161682129,16.45650291442871,5.52813720703125,254668,0.43969541788101196,0.7371244129611887,11.608814239501953,13.8131103515625,5.52813720703125,254467,0.4626348316669464,0.7485921553678866,11.608814239501953,13.8131103515625,5.52813720703125,254467,0.4626348316669464,0.7485921553678866,1024,990,0.966796875,4,64.0,75.9971694946289,4090,3671,0.8975550122249388,4,32.0,42.33445358276367,16349,13684,0.836993088262279,4,16.0,27.54836082458496,11.612907409667969,1.199150800704956,319.15435791015625,261954,0.9992752075195312,261954
photo-0319-18,000081,262083,5.271571636199951,0.0,5.271571636199951,0,,,23.185970306396484,23.68964385986328,5.271571636199951,255468,0.2745671272277832,0.681349523227958,13.707210540771484,15.817014694213867,5.271571636199951,256101,0.4469445049762726,0.7628865174286708,10.88897705078125,13.477185249328613,5.271571636199951,253548,0.5401603579521179,0.7994541467493335,7.1386613845825195,9.908819198608398,5.271571636199951,256130,0.562522292137146,0.7875883340491157,7.1386613845825195,9.908819198608398,5.271571636199951,256130,0.562522292137146,0.7875883340491157,1024,983,0.9599609375,4,64.0,84.14491271972656,4096,3941,0.962158203125,4,32.0,42.25913619995117,16370,14828,0.9058032987171656,4,16.0,23.862260818481445,7.143581867218018,1.1872777938842773,314.27532958984375,262083,0.9997673034667969,262083
photo-0319-18,000082,261934,5.608654975891113,0.0,5.608654975891113,0,,,23.650588989257812,24.54365348815918,5.608654975891113,252806,0.4074009954929352,0.7262129854512946,16.566041946411133,18.586788177490234,5.608654975891113,254753,0.4320407211780548,0.7420364038892574,14.286117553710938,16.68865203857422,5.608654975891113,255019,0.4710882008075714,0.7514224430336564,11.159762382507324,13.57504940032959,5.608654975891113,254705,0.473588764667511,0.7660391433226674,11.159762382507324,13.57504940032959,5.608654975891113,254705,0.473588764667511,0.7660391433226674,1024,971,0.9482421875,4,64.0,82.70295715332031,4088,3720,0.9099804305283757,4,32.0,42.6524658203125,16348,13641,0.8344139955957915,4,16.0,26.988662719726562,11.160371780395508,1.106638789176941,336.21881103515625,261934,0.9991989135742188,261934
photo-0319-18,000083,262001,5.367180824279785,0.0,5.367180824279785,0,,,19.79596519470215,20.176963806152344,5.367180824279785,256196,0.2815210521221161,0.6580820933972428,9.562341690063477,11.532347679138184,5.367180824279785,254789,0.4814271926879883,0.7595108109062794,7.693136692047119,10.455767631530762,5.367180824279785,256167,0.606660008430481,0.8308291075743558,6.283203601837158,9.317782402038574,5.367180824279785,256619,0.683013916015625,0.8502643997521617,6.283203601837158,9.317782402038574,5.367180824279785,256619,0.683013916015625,0.8502643997521617,1024,1022,0.998046875,4,64.0,70.44610595703125,4091,4091,1.0,4,32.0,,16358,16058,0.9816603496759995,4,16.0,19.553701400756836,6.28311824798584,1.1008342504501343,330.1134033203125,262001,0.9994544982910156,262001
photo-0319-18,000084,262091,5.013168811798096,0.0,5.013168811798096,0,,,20.13111114501953,20.12211036682129,5.013168811798096,255112,0.1952739655971527,0.6058005895449842,12.602503776550293,13.575665473937988,5.013168811798096,254344,0.35043248534202576,0.6858310005347089,9.93405532836914,11.737288475036621,5.013168811798096,252148,0.4587041437625885,0.7401526087853165,7.00643253326416,8.939659118652344,5.013168811798096,252929,0.5069173574447632,0.7481111300009093,7.00643253326416,8.939659118652344,5.013168811798096,252929,0.5069173574447632,0.7481111300009093,1024,1017,0.9931640625,4,64.0,72.93276977539062,4096,4050,0.98876953125,4,32.0,38.45913314819336,16371,15147,0.9252336448598131,4,16.0,22.747108459472656,7.009113788604736,1.0648082494735718,309.3013610839844,262091,0.9997978210449219,262091
photo-0319-18,000085,261912,5.525980472564697,0.0,5.525980472564697,0,,,23.856107711791992,24.027143478393555,5.525980472564697,255636,0.19800132513046265,0.6162121140997355,16.585050582885742,17.985401153564453,5.525980472564697,256139,0.40436628460884094,0.7223031244753825,13.59130573272705,15.962432861328125,5.525980472564697,254935,0.48089900612831116,0.753682311177359,9.756827354431152,12.299665451049805,5.525980472564697,255441,0.513400137424469,0.7663100285388799,9.756827354431152,12.299665451049805,5.525980472564697,255441,0.513400137424469,0.7663100285388799,1024,994,0.970703125,4,64.0,77.00108337402344,4088,3657,0.8945694716242661,4,32.0,42.85688781738281,16344,14164,0.8666177190406266,4,16.0,28.646411895751953,9.738364219665527,1.0489935874938965,329.6791687011719,261912,0.999114990234375,261912
photo-0319-18,000086,261943,5.361668109893799,0.0,5.361668109893799,0,,,23.625280380249023,23.264638900756836,5.361668109893799,254306,0.15285412967205048,0.6041147279261991,15.55867862701416,16.2039794921875,5.361668109893799,255709,0.326413094997406,0.6841214036267789,12.379838943481445,13.854147911071777,5.361668109893799,254894,0.40818607807159424,0.7260469057725957,9.414356231689453,11.120741844177246,5.361668109893799,255843,0.45362362265586853,0.758879469049378,9.414356231689453,11.120741844177246,5.361668109893799,255843,0.45362362265586853,0.758879469049378,1024,1017,0.9931640625,4,64.0,77.73931884765625,4088,3869,0.9464285714285714,4,32.0,37.134490966796875,16353,14500,0.8866874579587843,4,16.0,25.41490936279297,9.415905952453613,1.0823359489440918,334.528564453125,261943,0.9992332458496094,261943
photo-0319-18,000087,261990,5.145320415496826,0.0,5.145320415496826,0,,,20.550790786743164,19.454683303833008,5.145320415496826,254582,-0.01919502019882202,0.48421333794219545,11.371660232543945,11.170442581176758,5.145320415496826,253587,0.24110879004001617,0.630690847716957,8.627620697021484,9.60528564453125,5.145320415496826,256273,0.4114900827407837,0.7313802078252488,6.613544940948486,7.850096225738525,5.145320415496826,253355,0.5635823011398315,0.8371099840145251,6.613544940948486,7.850096225738525,5.145320415496826,253355,0.5635823011398315,0.8371099840145251,1024,1017,0.9931640625,4,64.0,74.38810729980469,4091,4091,1.0,4,32.0,,16357,15829,0.9677202420981843,4,16.0,21.156997680664062,6.611071586608887,1.1638777256011963,327.626953125,261990,0.9994125366210938,261990
photo-0319-18,000088,261863,5.377511978149414,0.0,5.377511978149414,0,,,22.567476272583008,22.64335823059082,5.377511978149414,256101,0.15855583548545837,0.5830238851078285,17.8786563873291,18.1219482421875,5.377511978149414,256725,0.23880481719970703,0.6344571039049567,16.023420333862305,17.211139678955078,5.377511978149414,254183,0.3576114773750305,0.690592997958164,15.303252220153809,16.99901008605957,5.377511978149414,256367,0.44986724853515625,0.759914497575741,15.303252220153809,16.99901008605957,5.377511978149414,256367,0.44986724853515625,0.759914497575741,1024,1020,0.99609375,4,64.0,71.74113464355469,4086,3953,0.9674498286833089,4,32.0,39.350791931152344,16341,12752,0.7803683985068234,4,16.0,26.862823486328125,15.305248260498047,1.077506184577942,335.1264343261719,261863,0.9989280700683594,261863
photo-0319-18,000089,261783,5.427520275115967,0.0,5.427520275115967,0,,,20.97675323486328,20.3206787109375,5.427520275115967,255770,0.06800828129053116,0.5344606482386519,17.110820770263672,16.962553024291992,5.427520275115967,256187,0.19719690084457397,0.5979343214136549,14.957328796386719,15.789141654968262,5.427520275115967,255674,0.30172663927078247,0.6476802490671715,10.453265190124512,11.820557594299316,5.427520275115967,255652,0.42062586545944214,0.7175691956253032,10.453265190124512,11.820557594299316,5.427520275115967,255652,0.42062586545944214,0.7175691956253032,1024,1023,0.9990234375,4,64.0,69.08873748779297,4083,3911,0.9578741121724222,4,32.0,42.11394119262695,16332,13056,0.7994121969140338,4,16.0,26.882631301879883,10.450693130493164,1.1608011722564697,342.0888366699219,261783,0.9986228942871094,261783
photo-0319-18,000090,261793,5.314453601837158,0.0,5.314453601837158,0,,,22.646778106689453,22.300703048706055,5.314453601837158,256982,0.13548870384693146,0.5663509506502401,16.536001205444336,17.02028465270996,5.314453601837158,256744,0.3050326108932495,0.6782281182812452,13.856940269470215,15.161413192749023,5.314453601837158,255180,0.39020153880119324,0.7113370953836508,10.454763412475586,12.47489070892334,5.314453601837158,256541,0.5655176639556885,0.8494821490521983,10.454763412475586,12.47489070892334,5.314453601837158,256541,0.5655176639556885,0.8494821490521983,1024,1015,0.9912109375,4,64.0,74.94619750976562,4085,3723,0.9113831089351285,4,32.0,36.650299072265625,16329,13627,0.8345275277114337,4,16.0,25.532522201538086,10.444765090942383,1.1697168350219727,332.70660400390625,261793,0.9986610412597656,261793
photo-0319-18,000091,261561,5.552718162536621,0.0,5.552718162536621,0,,,23.805767059326172,23.429500579833984,5.552718162536621,256046,0.15632210671901703,0.5961194472868157,18.46031951904297,19.50119400024414,5.552718162536621,256934,0.3492514491081238,0.7172542364965322,15.74840259552002,17.593852996826172,5.552718162536621,256325,0.42594659328460693,0.7481595630547156,12.523693084716797,14.923662185668945,5.552718162536621,256838,0.5305758118629456,0.8062825594343516,12.523693084716797,14.923662185668945,5.552718162536621,256838,0.5305758118629456,0.8062825594343516,1022,1009,0.987279843444227,4,64.0,75.3566665649414,4075,3493,0.8571779141104294,4,32.0,41.796451568603516,16309,13093,0.8028082653749463,4,16.0,27.518695831298828,12.512879371643066,1.1412353515625,352.98101806640625,261561,0.9977760314941406,261561
photo-0319-18,000092,261313,5.786906719207764,0.0,5.786906719207764,0,,,26.03487205505371,25.764650344848633,5.786906719207764,256662,0.191855326294899,0.5824040956588821,21.127578735351562,21.947385787963867,5.786906719207764,256711,0.24508145451545715,0.6450405319600641,18.909160614013672,20.41970443725586,5.786906719207764,256563,0.32315438985824585,0.6826081703129446,16.11206817626953,18.16618537902832,5.786906719207764,256587,0.41796544194221497,0.7402869202258883,16.11206817626953,18.16618537902832,5.786906719207764,256587,0.41796544194221497,0.7402869202258883,1020,977,0.957843137254902,4,64.0,78.80116271972656,4067,3110,0.7646914187361692,4,32.0,42.69863510131836,16289,12218,0.7500767389035545,4,16.0,30.59113311767578,16.111604690551758,1.2374763488769531,370.7027587890625,261313,0.9968299865722656,261313
photo-0319-18,000093,261266,5.74299955368042,0.0,5.74299955368042,0,,,27.17093849182129,26.70989227294922,5.74299955368042,256106,0.12164723873138428,0.5314362021975276,21.804418563842773,22.437259674072266,5.74299955368042,257129,0.2588323950767517,0.6226291083463942,19.533946990966797,20.918598175048828,5.74299955368042,256863,0.3512127697467804,0.6924196945453412,16.953025817871094,19.223495483398438,5.74299955368042,256345,0.49324047565460205,0.8179328639138661,16.953025817871094,19.223495483398438,5.74299955368042,256345,0.49324047565460205,0.8179328639138661,1019,1005,0.9862610402355251,4,64.0,72.90895080566406,4065,3154,0.7758917589175892,4,32.0,42.624237060546875,16283,11896,0.7305779033347664,4,16.0,30.56525993347168,16.943403244018555,1.3195478916168213,357.10662841796875,261266,0.9966506958007812,261266
photo-0319-18,000094,261276,5.4863128662109375,0.0,5.4863128662109375,0,,,28.977310180664062,29.33546257019043,5.4863128662109375,256214,0.21128623187541962,0.5981679377395458,23.181360244750977,24.64249038696289,5.4863128662109375,256454,0.4002629816532135,0.7274287006636668,21.616910934448242,23.86226463317871,5.4863128662109375,256148,0.4824940264225006,0.7775270546715181,19.77155876159668,22.30215835571289,5.4863128662109375,254544,0.5430673360824585,0.8443451819724684,19.77155876159668,22.30215835571289,5.4863128662109375,254544,0.5430673360824585,0.8443451819724684,1021,966,0.9461312438785504,4,64.0,73.69972229003906,4064,2955,0.7271161417322834,4,32.0,46.791507720947266,16278,11594,0.7122496621206537,4,16.0,33.71426010131836,19.736722946166992,1.2393931150436401,345.04815673828125,261276,0.9966888427734375,261276
photo-0319-18,000095,261303,5.2134575843811035,0.0,5.2134575843811035,0,,,32.167118072509766,32.164222717285156,5.2134575843811035,255686,0.15742453932762146,0.5468230564051219,31.341659545898438,32.30725860595703,5.2134575843811035,256528,0.28134021162986755,0.6861940996694318,30.396224975585938,31.971168518066406,5.2134575843811035,256557,0.3786889910697937,0.7519069836332667,29.284330368041992,31.41191291809082,5.2134575843811035,256418,0.4429144859313965,0.7521273857529502,29.284330368041992,31.41191291809082,5.2134575843811035,256418,0.4429144859313965,0.7521273857529502,1022,915,0.8953033268101761,4,64.0,84.48580932617188,4064,2471,0.6080216535433071,4,32.0,57.17251205444336,16276,9711,0.5966453674121406,4,16.0,39.85772705078125,29.249038696289062,1.2373195886611938,328.8459777832031,261303,0.9967918395996094,261303
photo-0319-18,000096,261179,5.171267986297607,0.0,5.171267986297607,0,,,30.786149978637695,30.824478149414062,5.171267986297607,255477,0.13199067115783691,0.5329325144729271,29.95254135131836,30.755826950073242,5.171267986297607,256215,0.2322470247745514,0.6422262552934059,28.534826278686523,29.94385528564453,5.171267986297607,255774,0.3280971646308899,0.7039300319813585,27.71778106689453,29.591585159301758,5.171267986297607,256082,0.3674526810646057,0.7070821065127576,27.71778106689453,29.591585159301758,5.171267986297607,256082,0.3674526810646057,0.7070821065127576,1020,934,0.9156862745098039,4,64.0,77.92530059814453,4060,2609,0.6426108374384236,4,32.0,56.46052169799805,16267,10261,0.6307862543800332,4,16.0,39.99993133544922,27.676027297973633,1.2242982387542725,333.2720031738281,261179,0.9963188171386719,261179
photo-0319-18,000097,260854,5.463700771331787,0.0,5.463700771331787,0,,,27.86279296875,28.28524398803711,5.463700771331787,255986,0.2370494306087494,0.5719648730789965,20.33907127380371,22.33885383605957,5.463700771331787,256413,0.4634179472923279,0.7345727400716813,17.997806549072266,20.687143325805664,5.463700771331787,255994,0.5789445638656616,0.8698836691484957,16.396583557128906,19.563701629638672,5.463700771331787,255293,0.6498329639434814,0.9012742221682537,16.396583557128906,19.563701629638672,5.463700771331787,255293,0.6498329639434814,0.9012742221682537,1017,991,0.9744346116027532,4,64.0,79.95008850097656,4048,3602,0.8898221343873518,4,32.0,43.908931732177734,16242,12782,0.7869720477773673,4,16.0,31.647491455078125,16.374454498291016,1.3824272155761719,339.06134033203125,260854,0.9950790405273438,260854
photo-0319-18,000098,261068,4.858790397644043,0.0,4.858790397644043,0,,,26.01715660095215,25.906160354614258,4.858790397644043,254619,0.1552494466304779,0.5130371260589351,24.492267608642578,25.273801803588867,4.858790397644043,255537,0.27463796734809875,0.6543670779573996,22.476428985595703,23.85370445251465,4.858790397644043,255328,0.3767169415950775,0.7380114989347036,20.7222843170166,22.57643699645996,4.858790397644043,254446,0.44870704412460327,0.7646180329028556,20.7222843170166,22.57643699645996,4.858790397644043,254446,0.44870704412460327,0.7646180329028556,1019,1014,0.9950932286555446,4,64.0,68.89424896240234,4055,3134,0.7728729963008631,4,32.0,51.36137390136719,16258,11231,0.6907983761840325,4,16.0,34.51353454589844,20.690536499023438,1.3754347562789917,316.814697265625,261068,0.9958953857421875,261068
photo-0319-18,000099,260926,4.841834545135498,0.0,4.841834545135498,0,,,28.60992431640625,29.57687759399414,4.841834545135498,254897,0.27615663409233093,0.6220669525337685,26.923742294311523,28.492006301879883,4.841834545135498,255667,0.3863345980644226,0.8079924276500291,24.906705856323242,26.95450210571289,4.841834545135498,255269,0.49316614866256714,0.8698275152877945,24.169883728027344,26.758024215698242,4.841834545135498,254984,0.5797785520553589,0.925175697298654,24.169883728027344,26.758024215698242,4.841834545135498,254984,0.5797785520553589,0.925175697298654,1020,945,0.9264705882352942,4,64.0,76.12663269042969,4046,2946,0.7281265447355413,4,32.0,53.03719711303711,16244,10505,0.6467003201181974,4,16.0,34.86726379394531,24.1529598236084,1.19038987159729,274.548583984375,260926,0.9953536987304688,260926
photo-0319-18,000100,261051,4.370931625366211,0.0,4.370931625366211,0,,,30.90781021118164,31.678783416748047,4.370931625366211,254037,0.2430022805929184,0.6559753106830895,26.339651107788086,27.73134422302246,4.370931625366211,254043,0.3853188157081604,0.735883295347638,24.230195999145508,26.045194625854492,4.370931625366211,253940,0.49630263447761536,0.8170276443254312,22.1164493560791,24.42559051513672,4.370931625366211,253520,0.5955122113227844,0.8882967813190281,22.1164493560791,24.42559051513672,4.370931625366211,253520,0.5955122113227844,0.8882967813190281,1020,932,0.9137254901960784,4,64.0,82.19208526611328,4056,2937,0.724112426035503,4,32.0,51.79767990112305,16253,10710,0.6589552697963453,4,16.0,34.813716888427734,22.074750900268555,0.9812322854995728,275.7770080566406,261051,0.9958305358886719,261051
photo-0319-18,000101,260930,4.325146675109863,0.0,4.325146675109863,0,,,31.994508743286133,33.10149383544922,4.325146675109863,253889,0.2828024625778198,0.6888837247773634,29.1367130279541,30.82501792907715,4.325146675109863,253568,0.44940289855003357,0.7998682799091368,27.313417434692383,29.375667572021484,4.325146675109863,253743,0.5579415559768677,0.8702190799352101,24.84687042236328,27.367748260498047,4.325146675109863,253296,0.668263852596283,0.9382816941444002,24.84687042236328,27.367748260498047,4.325146675109863,253296,0.668263852596283,0.9382816941444002,1019,938,0.9205103042198234,4,64.0,81.73330688476562,4050,2745,0.6777777777777778,4,32.0,56.30411911010742,16241,10173,0.6263776861030724,4,16.0,38.5655403137207,24.80853843688965,0.8928562998771667,254.01812744140625,260930,0.9953689575195312,260930
photo-0319-18,000102,260767,4.3404765129089355,0.0,4.3404765129089355,0,,,29.43682098388672,30.289348602294922,4.3404765129089355,253548,0.21661236882209778,0.5862440248000379,25.998598098754883,27.417993545532227,4.3404765129089355,253276,0.3733467161655426,0.7137707481166791,23.876338958740234,25.85443878173828,4.3404765129089355,253322,0.5127097964286804,0.8309582270785798,21.98912811279297,24.553974151611328,4.3404765129089355,252680,0.6576837301254272,0.928700332436283,21.98912811279297,24.553974151611328,4.3404765129089355,252680,0.6576837301254272,0.928700332436283,1017,949,0.9331366764995084,4,64.0,82.73868560791016,4044,2876,0.7111770524233432,4,32.0,50.84377670288086,16228,11054,0.6811683509982746,4,16.0,35.25450134277344,21.951091766357422,0.9230411052703857,255.69461059570312,260767,0.9947471618652344,260767
photo-0319-18,000103,260872,3.9404611587524414,0.0,3.9404611587524414,0,,,29.260234832763672,29.911287307739258,3.9404611587524414,251690,0.19016121327877045,0.5885851642894037,25.859046936035156,26.93659210205078,3.9404611587524414,252348,0.3320821225643158,0.6956821532169861,23.672819137573242,25.214035034179688,3.9404611587524414,252297,0.47126927971839905,0.8241992572246202,20.6262149810791,22.696517944335938,3.9404611587524414,251283,0.6211627721786499,0.9287576159151236,20.6262149810791,22.696517944335938,3.9404611587524414,251283,0.6211627721786499,0.9287576159151236,1020,957,0.9382352941176471,4,64.0,83.98693084716797,4046,2986,0.7380128521997034,4,32.0,51.27177810668945,16230,11091,0.6833641404805915,4,16.0,35.36545944213867,20.592378616333008,0.8629084825515747,236.7925262451172,260872,0.995147705078125,260872
photo-0319-18,000104,260596,4.142382621765137,0.0,4.142382621765137,0,,,29.833213806152344,31.121644973754883,4.142382621765137,251835,0.3434320092201233,0.6618619334087795,22.678422927856445,24.622095108032227,4.142382621765137,251751,0.497329443693161,0.7746662376713499,20.958316802978516,23.30205726623535,4.142382621765137,251888,0.6034729480743408,0.867306104300324,18.346195220947266,21.061809539794922,4.142382621765137,250071,0.6901097297668457,0.9197507907754198,18.346195220947266,21.061809539794922,4.142382621765137,250071,0.6901097297668457,0.9197507907754198,1014,931,0.9181459566074951,4,64.0,92.58451080322266,4042,2977,0.7365165759524988,4,32.0,45.13481521606445,16212,11880,0.7327905255366395,4,16.0,32.499271392822266,18.300037384033203,0.8683159351348877,246.8589630126953,260596,0.9940948486328125,260596
photo-0319-18,000105,260966,3.3377339839935303,0.0,3.3377339839935303,0,,,26.708402633666992,27.655887603759766,3.3377339839935303,248252,0.2704216539859772,0.6753540756972753,21.692520141601562,22.725954055786133,3.3377339839935303,248333,0.3239048719406128,0.6966089887368976,19.60843849182129,21.074983596801758,3.3377339839935303,246806,0.48599401116371155,0.8484923381117153,17.267833709716797,19.107431411743164,3.3377339839935303,243257,0.6336128115653992,0.9241131807101132,17.267833709716797,19.107431411743164,3.3377339839935303,243257,0.6336128115653992,0.9241131807101132,1021,980,0.9598432908912831,4,64.0,80.66399383544922,4052,3084,0.7611056268509379,4,32.0,43.97221755981445,16230,12527,0.7718422674060382,4,16.0,33.71012878417969,17.242366790771484,0.6844748854637146,193.6128387451172,260966,0.9955062866210938,260966
photo-0319-18,000106,260654,3.59203839302063,0.0,3.59203839302063,0,,,28.720521926879883,29.759475708007812,3.59203839302063,248669,0.28248611092567444,0.6389256401079346,25.367219924926758,26.593233108520508,3.59203839302063,248116,0.3406757414340973,0.6458188911638105,23.5649356842041,25.23509407043457,3.59203839302063,247086,0.49174565076828003,0.7785953068971937,20.886098861694336,23.073162078857422,3.59203839302063,244474,0.6292883157730103,0.8822983221119628,20.886098861694336,23.073162078857422,3.59203839302063,244474,0.6292883157730103,0.8822983221119628,1016,964,0.9488188976377953,4,64.0,79.32549285888672,4044,2886,0.7136498516320475,4,32.0,49.49065017700195,16214,11541,0.7117922782780314,4,16.0,37.4368782043457,20.83357048034668,0.7242628335952759,212.2948760986328,260654,0.9943161010742188,260654
photo-0319-18,000107,260444,3.689497232437134,0.0,3.689497232437134,0,,,31.515417098999023,33.307594299316406,3.689497232437134,249610,0.43055781722068787,0.7585393213412924,20.97707748413086,23.215057373046875,3.689497232437134,248949,0.5958234071731567,0.858328412646767,19.068588256835938,21.719329833984375,3.689497232437134,247437,0.7378488183021545,0.9362625638041199,16.061132431030273,19.139713287353516,3.689497232437134,247699,0.8377856612205505,0.974872728593979,16.061132431030273,19.139713287353516,3.689497232437134,247699,0.8377856612205505,0.974872728593979,1016,926,0.9114173228346457,4,64.0,87.9710693359375,4034,3061,0.7588001983143282,4,32.0,41.54615783691406,16189,12205,0.753906973871147,4,16.0,30.695802688598633,16.027175903320312,0.6749985814094543,192.17471313476562,260444,0.9935150146484375,260444
photo-0319-18,000108,260213,3.8270227909088135,0.0,3.8270227909088135,0,,,30.497909545898438,32.79037857055664,3.8270227909088135,247693,0.5330302119255066,0.8077943260407036,20.186553955078125,22.85132598876953,3.8270227909088135,247563,0.6537154316902161,0.8492222181828464,17.725055694580078,20.747617721557617,3.8270227909088135,245164,0.7869346737861633,0.9307687915028308,15.598652839660645,18.957191467285156,3.8270227909088135,244938,0.8845126628875732,0.9732258775690175,15.598652839660645,18.957191467285156,3.8270227909088135,244938,0.8845126628875732,0.9732258775690175,1012,944,0.932806324110672,4,64.0,86.84771728515625,4029,3505,0.8699429138744105,4,32.0,44.74380111694336,16175,13124,0.8113755795981453,4,16.0,31.44208335876465,15.558266639709473,0.6160350441932678,183.33090209960938,260213,0.9926338195800781,260213
photo-0319-18,000109,260100,3.813258171081543,0.0,3.813258171081543,0,,,29.99365234375,32.364131927490234,3.813258171081543,246342,0.5593085289001465,0.8154151545412476,20.425460815429688,22.976083755493164,3.813258171081543,246077,0.618789792060852,0.8231529155508235,18.276819229125977,21.076553344726562,3.813258171081543,245469,0.68741375207901,0.8535782522436641,14.371828079223633,17.42041015625,3.813258171081543,245100,0.7799390554428101,0.9010852713178295,14.371828079223633,17.42041015625,3.813258171081543,245100,0.7799390554428101,0.9010852713178295,1012,952,0.9407114624505929,4,64.0,85.81221008300781,4025,3319,0.8245962732919254,4,32.0,41.58453369140625,16160,12600,0.7797029702970297,4,16.0,29.06041145324707,14.338310241699219,0.6101858019828796,183.97071838378906,260100,0.9922027587890625,260100
photo-0319-18,000110,259962,3.7670493125915527,0.0,3.7670493125915527,0,,,31.51280975341797,33.570430755615234,3.7670493125915527,245261,0.5247198343276978,0.7748520963381866,24.935415267944336,27.226329803466797,3.7670493125915527,244762,0.5805836319923401,0.786890938952942,23.197952270507812,25.65443992614746,3.7670493125915527,245093,0.6255648732185364,0.8142011399754379,20.44540023803711,23.076921463012695,3.7670493125915527,244216,0.6849926114082336,0.8516886690470731,20.44540023803711,23.076921463012695,3.7670493125915527,244216,0.6849926114082336,0.8516886690470731,1010,934,0.9247524752475248,4,64.0,84.05426788330078,4022,2841,0.7063649925410244,4,32.0,47.56941223144531,16145,11432,0.7080829978321461,4,16.0,33.80478286743164,20.384843826293945,0.656197190284729,186.97227478027344,259962,0.9916763305664062,259962
photo-0319-18,000111,259212,4.716686725616455,0.0,4.716686725616455,0,,,31.47992706298828,34.57023239135742,4.716686725616455,250810,0.6142918467521667,0.8205773294525737,22.07710838317871,25.51317024230957,4.716686725616455,251168,0.6833468079566956,0.8462383743151994,19.363265991210938,22.99363136291504,4.716686725616455,250483,0.7446427345275879,0.886351568769138,16.57737922668457,20.35268783569336,4.716686725616455,250649,0.7947673201560974,0.9355872155883327,16.57737922668457,20.35268783569336,4.716686725616455,250649,0.7947673201560974,0.9355872155883327,1003,918,0.9152542372881356,4,64.0,88.93803405761719,4008,3289,0.8206087824351297,4,32.0,47.92631530761719,16107,12801,0.7947476252560999,4,16.0,32.4727897644043,16.537355422973633,0.7782895565032959,226.13394165039062,259212,0.9888153076171875,259212
photo-0319-18,000112,258715,5.398685455322266,0.0,5.398685455322266,0,,,23.440832138061523,27.457901000976562,5.398685455322266,258715,0.721398115158081,0.8813945847747522,16.287790298461914,20.277692794799805,5.398685455322266,258331,0.6965640783309937,0.8611355199337284,14.123780250549316,18.255603790283203,5.398685455322266,257868,0.7344287633895874,0.879822234631672,11.591136932373047,15.943257331848145,5.398685455322266,254681,0.8326646685600281,0.9385466524789835,11.591136932373047,15.943257331848145,5.398685455322266,254681,0.8326646685600281,0.9385466524789835,998,978,0.9799599198396793,4,64.0,84.92756652832031,3999,3823,0.9559889972493123,4,32.0,46.080421447753906,16074,14251,0.8865870349632947,4,16.0,28.751619338989258,11.577065467834473,1.0255893468856812,305.02593994140625,258715,0.9869194030761719,258715
photo-0319-18,000113,258726,5.055136680603027,0.0,5.055136680603027,0,,,24.542512893676758,28.45136260986328,5.055136680603027,258726,0.7557788491249084,0.8930219614572946,16.6990966796875,20.596149444580078,5.055136680603027,258063,0.7284384369850159,0.8739377593843364,14.463254928588867,18.467525482177734,5.055136680603027,257973,0.7703248858451843,0.9006911576017645,11.05335807800293,15.099407196044922,5.055136680603027,256722,0.8157587051391602,0.9349568794259939,11.05335807800293,15.099407196044922,5.055136680603027,256722,0.8157587051391602,0.9349568794259939,994,942,0.9476861167002012,4,64.0,84.6458740234375,3998,3761,0.9407203601800901,4,32.0,41.48878479003906,16076,14033,0.8729161482955959,4,16.0,27.07678985595703,11.033646583557129,1.0066518783569336,293.4566955566406,258726,0.9869613647460938,258726
photo-0319-18,000114,258666,5.173274040222168,0.0,5.173274040222168,0,,,24.90188980102539,28.184289932250977,5.173274040222168,258666,0.6491930484771729,0.8459287266204294,17.16012954711914,20.50214958190918,5.173274040222168,257759,0.6450433135032654,0.8425467199981378,15.02783203125,18.391511917114258,5.173274040222168,258048,0.6646155118942261,0.8675944010416666,12.169020652770996,15.425629615783691,5.173274040222168,257469,0.6738682389259338,0.8875825827575359,12.169020652770996,15.425629615783691,5.173274040222168,257469,0.6738682389259338,0.8875825827575359,993,942,0.9486404833836858,4,64.0,87.49230194091797,4005,3712,0.9268414481897628,4,32.0,42.259132385253906,16051,13825,0.8613170518970781,4,16.0,27.463293075561523,12.127509117126465,1.1596215963363647,339.8555908203125,258666,0.9867324829101562,258666
photo-0319-18,000115,258371,5.319190979003906,0.0,5.319190979003906,0,,,24.544649124145508,28.162975311279297,5.319190979003906,256480,0.6963090896606445,0.8756940112289457,17.82928466796875,21.766084671020508,5.319190979003906,257238,0.7038534879684448,0.8628002083673485,15.508694648742676,19.598804473876953,5.319190979003906,257542,0.7426778674125671,0.8816270744189297,12.650306701660156,16.943986892700195,5.319190979003906,257523,0.8183149695396423,0.9405295837653336,12.650306701660156,16.943986892700195,5.319190979003906,257523,0.8183149695396423,0.9405295837653336,995,944,0.9487437185929648,4,64.0,84.00856018066406,3994,3471,0.8690535803705558,4,32.0,38.8153076171875,16043,13769,0.8582559371688587,4,16.0,29.75920295715332,12.63235092163086,1.1031320095062256,318.3589782714844,258371,0.9856071472167969,258371
photo-0319-18,000116,257578,6.616028308868408,0.0,6.616028308868408,0,,,25.382369995117188,29.70487403869629,6.616028308868408,257320,0.6863417029380798,0.8830405720503653,18.78964614868164,23.212366104125977,6.616028308868408,256778,0.6673679947853088,0.8604124963976665,15.368891716003418,20.17098045349121,6.616028308868408,257322,0.7500501275062561,0.8961495713541788,12.423023223876953,17.595706939697266,6.616028308868408,256969,0.8399413824081421,0.9595904564363795,12.423023223876953,17.595706939697266,6.616028308868408,256969,0.8399413824081421,0.9595904564363795,992,965,0.9727822580645161,4,64.0,83.520263671875,3993,3545,0.8878036563986977,4,32.0,40.06705856323242,15971,13769,0.8621251017469163,4,16.0,27.68328857421875,12.384711265563965,1.5263855457305908,411.88323974609375,257578,0.9825820922851562,257578
photo-0319-18,000117,257931,5.646324634552002,0.0,5.646324634552002,0,,,23.534202575683594,27.526857376098633,5.646324634552002,256773,0.7355867624282837,0.8890148107472359,16.94768714904785,20.938899993896484,5.646324634552002,256809,0.6971132159233093,0.8706197991503413,14.065972328186035,18.272310256958008,5.646324634552002,257442,0.765511155128479,0.915817931805999,11.70620346069336,16.08539581298828,5.646324634552002,256336,0.841224193572998,0.9733747893389926,11.70620346069336,16.08539581298828,5.646324634552002,256336,0.841224193572998,0.9733747893389926,992,968,0.9758064516129032,4,64.0,88.45235443115234,3993,3842,0.9621838216879539,4,32.0,42.557796478271484,15988,14262,0.8920440330247685,4,16.0,27.408021926879883,11.697074890136719,1.2338907718658447,357.0414733886719,257931,0.9839286804199219,257931
photo-0319-18,000118,257393,6.137885570526123,0.0,6.137885570526123,0,,,24.039527893066406,27.759687423706055,6.137885570526123,257202,0.6135185956954956,0.8526838827069774,19.107162475585938,22.963197708129883,6.137885570526123,257218,0.617061972618103,0.850348731426261,16.31086540222168,20.359312057495117,6.137885570526123,256428,0.6962549686431885,0.9003579952267303,14.143194198608398,18.469833374023438,6.137885570526123,256711,0.78263920545578,0.9740720109383704,14.143194198608398,18.469833374023438,6.137885570526123,256711,0.78263920545578,0.9740720109383704,987,963,0.9756838905775076,4,64.0,85.09757232666016,3985,3669,0.9207026348808031,4,32.0,45.45215606689453,15962,13731,0.8602305475504323,4,16.0,30.750913619995117,14.067094802856445,1.317399263381958,376.30322265625,257393,0.9818763732910156,257393
photo-0319-18,000119,257405,5.7829790115356445,0.0,5.7829790115356445,0,,,21.48811912536621,25.21323013305664,5.7829790115356445,257073,0.6394327878952026,0.8574101519801768,16.107988357543945,20.16107177734375,5.7829790115356445,256575,0.6687880754470825,0.856447432524603,13.23284912109375,17.44528579711914,5.7829790115356445,256839,0.7340381145477295,0.9006692908787217,10.865763664245605,15.187878608703613,5.7829790115356445,256680,0.7971130609512329,0.9602890758921614,10.865763664245605,15.187878608703613,5.7829790115356445,256680,0.7971130609512329,0.9602890758921614,987,968,0.9807497467071935,4,64.0,82.3873291015625,3980,3915,0.9836683417085427,4,32.0,41.31239318847656,15964,14506,0.908669506389376,4,16.0,26.2584171295166,10.817795753479004,1.2717365026474,349.36785888671875,257405,0.9819221496582031,257405
photo-0319-18,000120,256224,7.561795711517334,0.0,7.561795711517334,0,,,23.887405395507812,28.582656860351562,7.561795711517334,256142,0.6442837119102478,0.8674290042242194,18.909109115600586,23.591642379760742,7.561795711517334,256101,0.6356435418128967,0.8549595667334372,16.396381378173828,21.211986541748047,7.561795711517334,254924,0.7109394073486328,0.9019197878583421,14.083885192871094,19.050556182861328,7.561795711517334,255372,0.7808716297149658,0.9723658036119857,14.083885192871094,19.050556182861328,7.561795711517334,255372,0.7808716297149658,0.9723658036119857,984,944,0.959349593495935,4,64.0,87.99491119384766,3959,3710,0.9371053296286941,4,32.0,47.744911193847656,15888,13487,0.8488796576032226,4,16.0,30.560911178588867,13.956421852111816,1.7804291248321533,460.98443603515625,256224,0.9774169921875,256224
photo-0319-18,000121,255832,7.591091632843018,0.0,7.591091632843018,0,,,22.083311080932617,26.494281768798828,7.591091632843018,255367,0.6384246349334717,0.8693683992058489,17.12240219116211,22.055095672607422,7.591091632843018,255522,0.6713377833366394,0.8735881841876629,14.9327392578125,20.09751319885254,7.591091632843018,254906,0.7506982684135437,0.9245290420782563,13.461845397949219,18.745014190673828,7.591091632843018,254557,0.8053318858146667,0.9857910016224264,13.461845397949219,18.745014190673828,7.591091632843018,254557,0.8053318858146667,0.9857910016224264,977,943,0.9651995905834186,4,64.0,87.41810607910156,3950,3783,0.9577215189873418,4,32.0,49.07184600830078,15860,13858,0.8737704918032787,4,16.0,30.558378219604492,13.353629112243652,1.7245432138442993,433.790771484375,255832,0.975921630859375,255832
photo-0319-18,000122,256057,7.19467306137085,0.0,7.19467306137085,0,,,20.95645523071289,25.545730590820312,7.19467306137085,255118,0.6895765662193298,0.8879773281383516,15.505134582519531,20.303956985473633,7.19467306137085,255788,0.6900983452796936,0.8760457879181197,13.196283340454102,18.24137306213379,7.19467306137085,255056,0.7692275047302246,0.924761620977354,10.855186462402344,16.155887603759766,7.19467306137085,255298,0.8492871522903442,0.9895925545832713,10.855186462402344,16.155887603759766,7.19467306137085,255298,0.8492871522903442,0.9895925545832713,985,956,0.9705583756345177,4,64.0,89.21037292480469,3949,3833,0.9706254748037478,4,32.0,48.04899978637695,15867,14360,0.9050230037184093,4,16.0,28.999963760375977,10.735764503479004,1.7852405309677124,436.9985656738281,256057,0.9767799377441406,256057
photo-0319-18,000123,255576,7.591168403625488,0.0,7.591168403625488,0,,,22.89950942993164,27.917997360229492,7.591168403625488,255087,0.7131387591362,0.9048716712337359,16.31694221496582,21.54735565185547,7.591168403625488,255342,0.7048912048339844,0.8889841859153605,14.15062141418457,19.568328857421875,7.591168403625488,254841,0.7769178748130798,0.9330876899713939,12.730916023254395,17.995113372802734,7.591168403625488,254234,0.8135488033294678,0.9844080650109741,12.730916023254395,17.995113372802734,7.591168403625488,254234,0.8135488033294678,0.9844080650109741,982,935,0.9521384928716904,4,64.0,87.92357635498047,3934,3815,0.9697508896797153,4,32.0,42.64456558227539,15839,14087,0.8893869562472378,4,16.0,28.677488327026367,12.635458946228027,1.8671536445617676,450.3008117675781,255576,0.974945068359375,255576
photo-0319-18,000124,255031,8.044243812561035,0.0,8.044243812561035,0,,,17.411880493164062,22.49968147277832,8.044243812561035,254704,0.7146368026733398,0.912094038570262,14.196455001831055,19.219728469848633,8.044243812561035,254826,0.6754059195518494,0.879623743260107,12.450769424438477,17.794342041015625,8.044243812561035,253291,0.7835927605628967,0.9453158619927278,10.459569931030273,16.129365921020508,8.044243812561035,254524,0.8545376062393188,0.9974776445443259,10.459569931030273,16.129365921020508,8.044243812561035,254524,0.8545376062393188,0.9974776445443259,972,960,0.9876543209876543,4,64.0,73.44529724121094,3932,3858,0.9811800610376399,4,32.0,43.290184020996094,15814,14395,0.9102693815606425,4,16.0,27.41124725341797,10.416818618774414,1.8218438625335693,492.7540588378906,255031,0.9728660583496094,255031
photo-0319-18,000125,254799,7.986125946044922,0.0,7.986125946044922,0,,,20.027692794799805,25.50235366821289,7.986125946044922,254477,0.7373126149177551,0.914742786184999,14.312830924987793,19.820758819580078,7.986125946044922,254609,0.7153165936470032,0.8931655990165313,12.02168083190918,17.62699317932129,7.986125946044922,254108,0.8016044497489929,0.9490846411761928,9.646368980407715,15.447843551635742,7.986125946044922,254635,0.8747962713241577,0.9999096746323168,9.646368980407715,15.447843551635742,7.986125946044922,254635,0.8747962713241577,0.9999096746323168,967,953,0.9855222337125129,4,64.0,76.73345184326172,3934,3921,0.9966954753431622,4,32.0,40.190956115722656,15802,14439,0.9137450955575244,4,16.0,24.526676177978516,9.619424819946289,1.9052141904830933,483.99578857421875,254799,0.9719810485839844,254799
photo-0319-18,000126,254631,7.676266670227051,0.0,7.676266670227051,0,,,19.97113800048828,24.465736389160156,7.676266670227051,254484,0.6627243757247925,0.9046344760377862,15.528911590576172,20.048158645629883,7.676266670227051,254456,0.6403998732566833,0.8818223975854371,13.781597137451172,18.50283432006836,7.676266670227051,252951,0.734053909778595,0.9420480646449312,12.281609535217285,17.26274299621582,7.676266670227051,253731,0.8136792182922363,0.9991329400033894,12.281609535217285,17.26274299621582,7.676266670227051,253731,0.8136792182922363,0.9991329400033894,961,945,0.9833506763787722,4,64.0,78.22172546386719,3945,3840,0.973384030418251,4,32.0,45.34515380859375,15806,13827,0.8747943818802986,4,16.0,27.029348373413086,12.186786651611328,1.7962790727615356,463.49365234375,254631,0.9713401794433594,254631
photo-0319-18,000127,254901,7.026939392089844,0.0,7.026939392089844,0,,,18.926259994506836,22.856769561767578,7.026939392089844,254309,0.6407917141914368,0.8940540838114263,14.090248107910156,18.173521041870117,7.026939392089844,254714,0.6224995255470276,0.8769404115988914,12.5153226852417,16.797536849975586,7.026939392089844,253502,0.720031201839447,0.9315311121805745,11.043859481811523,15.556866645812988,7.026939392089844,253803,0.7996626496315002,0.9939007813146417,11.043859481811523,15.556866645812988,7.026939392089844,253803,0.7996626496315002,0.9939007813146417,961,940,0.9781477627471384,4,64.0,81.45626831054688,3957,3919,0.9903967652261815,4,32.0,44.89262008666992,15792,14342,0.9081813576494427,4,16.0,26.504722595214844,10.944049835205078,1.6929069757461548,435.146240234375,254901,0.9723701477050781,254901
photo-0319-18,000128,253967,8.299527168273926,0.0,8.299527168273926,0,,,19.91812515258789,25.311283111572266,8.299527168273926,253787,0.7085973024368286,0.911882799355365,13.372329711914062,18.744054794311523,8.299527168273926,253619,0.6836613416671753,0.8853634782882986,11.204154014587402,16.968931198120117,8.299527168273926,253102,0.8088362812995911,0.9536471462098285,8.787593841552734,14.937604904174805,8.299527168273926,253862,0.8821573257446289,0.9991412657270485,8.787593841552734,14.937604904174805,8.299527168273926,253862,0.8821573257446289,0.9991412657270485,961,926,0.963579604578564,4,64.0,82.60725402832031,3916,3907,0.9977017364657814,4,32.0,37.27440643310547,15732,14665,0.9321764556318332,4,16.0,23.20062828063965,8.756972312927246,2.015753984451294,498.4367370605469,253967,0.9688072204589844,253967
photo-0319-18,000129,254329,7.262116432189941,0.0,7.262116432189941,0,,,17.474140167236328,20.520526885986328,7.262116432189941,253610,0.5195197463035583,0.8161823271952998,10.569112777709961,14.546697616577148,7.262116432189941,254205,0.62148517370224,0.870258256131862,8.658113479614258,13.316559791564941,7.262116432189941,251673,0.7956333160400391,0.956515001609231,7.174971103668213,12.538509368896484,7.262116432189941,254279,0.8852786421775818,1.0,7.174971103668213,12.538509368896484,7.262116432189941,254279,0.8852786421775818,1.0,961,944,0.9823100936524454,4,64.0,80.55850982666016,3941,3941,1.0,4,32.0,,15721,15403,0.9797722791171045,4,16.0,22.907413482666016,7.125514030456543,1.9147521257400513,443.4679260253906,254329,0.9701881408691406,254329
photo-0319-18,000130,253529,8.152766227722168,0.0,8.152766227722168,0,,,19.42717742919922,23.605815887451172,8.152766227722168,253246,0.5989120006561279,0.875271475166439,14.248027801513672,18.30927848815918,8.152766227722168,253388,0.585742175579071,0.8807125830741788,12.387027740478516,16.799392700195312,8.152766227722168,252568,0.7070902585983276,0.9430806753032847,10.947497367858887,15.900609970092773,8.152766227722168,253440,0.8009158372879028,0.9989267676767677,10.947497367858887,15.900609970092773,8.152766227722168,253440,0.8009158372879028,0.9989267676767677,961,928,0.9656607700312175,4,64.0,87.48641204833984,3906,3797,0.9720942140296979,4,32.0,45.95873260498047,15750,14110,0.8958730158730158,4,16.0,27.066068649291992,10.868988037109375,1.943610668182373,512.9324340820312,253529,0.9671363830566406,253529
photo-0319-18,000131,253390,7.991898059844971,0.0,7.991898059844971,0,,,19.17780303955078,23.777000427246094,7.991898059844971,253118,0.6404821276664734,0.8919634320751586,13.244853973388672,17.697860717773438,7.991898059844971,253202,0.6323300004005432,0.8894953436386759,11.250117301940918,15.897398948669434,7.991898059844971,251157,0.7457879185676575,0.9594158235685248,9.147245407104492,14.295604705810547,7.991898059844971,253302,0.8262203931808472,0.9996723278931868,9.147245407104492,14.295604705810547,7.991898059844971,253302,0.8262203931808472,0.9996723278931868,961,929,0.9667013527575442,4,64.0,85.4150619506836,3925,3897,0.9928662420382166,4,32.0,45.27425003051758,15750,14440,0.9168253968253969,4,16.0,24.37347412109375,9.1061429977417,1.90562105178833,482.483154296875,253390,0.9666061401367188,253390
photo-0319-18,000132,253206,8.118926048278809,0.0,8.118926048278809,0,,,19.05078125,23.58938980102539,8.118926048278809,252760,0.6405017375946045,0.8984214274410508,13.54416275024414,17.9685115814209,8.118926048278809,253001,0.6145809292793274,0.8869095379069648,11.588188171386719,16.246871948242188,8.118926048278809,251546,0.7302879095077515,0.9480174600271919,9.676186561584473,14.822144508361816,8.118926048278809,253088,0.8109397888183594,0.9957761727146289,9.676186561584473,14.822144508361816,8.118926048278809,253088,0.8109397888183594,0.9957761727146289,961,927,0.9646201873048907,4,64.0,87.83122253417969,3906,3877,0.9925755248335894,4,32.0,43.92735290527344,15708,14449,0.9198497580850522,4,16.0,25.218830108642578,9.620599746704102,1.7655913829803467,500.03399658203125,253206,0.9659042358398438,253206
photo-0319-18,000133,253005,8.200013160705566,0.0,8.200013160705566,0,,,22.391538619995117,26.427921295166016,8.200013160705566,252648,0.5751371383666992,0.8698980399607359,16.861255645751953,20.219392776489258,8.200013160705566,252901,0.5045241713523865,0.8683635098319105,15.144083976745605,18.827314376831055,8.200013160705566,252088,0.6228653192520142,0.9353241725111866,13.93442440032959,18.02340316772461,8.200013160705566,253005,0.7124104499816895,0.9962569909685579,13.93442440032959,18.02340316772461,8.200013160705566,253005,0.7124104499816895,0.9962569909685579,961,911,0.9479708636836629,4,64.0,87.05695343017578,3906,3688,0.9441884280593958,4,32.0,49.687705993652344,15750,13237,0.8404444444444444,4,16.0,28.749555587768555,13.868366241455078,2.138995885848999,523.335693359375,253005,0.9651374816894531,253005
photo-0319-18,000134,253114,7.676465034484863,0.0,7.676465034484863,0,,,24.85441780090332,28.460580825805664,7.676465034484863,252937,0.5357754826545715,0.8550231875921672,18.499601364135742,21.466510772705078,7.676465034484863,252981,0.4674341082572937,0.8590724204584534,16.23103141784668,19.458784103393555,7.676465034484863,251837,0.5822876691818237,0.9225252842116131,14.669551849365234,18.185270309448242,7.676465034484863,253114,0.6714943647384644,0.9925251072639206,14.669551849365234,18.185270309448242,7.676465034484863,253114,0.6714943647384644,0.9925251072639206,961,900,0.9365244536940687,4,64.0,86.95159149169922,3906,3596,0.9206349206349206,4,32.0,51.29248809814453,15735,12947,0.8228153797267239,4,16.0,29.312482833862305,14.605425834655762,1.6490527391433716,488.9862365722656,253114,0.9655532836914062,253114
photo-0319-18,000135,252891,7.519998073577881,0.0,7.519998073577881,0,,,23.878053665161133,27.656047821044922,7.519998073577881,252679,0.5631996393203735,0.877939995013436,17.27804946899414,20.714811325073242,7.519998073577881,252762,0.5122337937355042,0.8696599963602124,15.105743408203125,18.777448654174805,7.519998073577881,251311,0.6233345866203308,0.9280055389537266,13.638164520263672,17.482851028442383,7.519998073577881,252684,0.7080763578414917,0.993109971347612,13.638164520263672,17.482851028442383,7.519998073577881,252684,0.7080763578414917,0.993109971347612,961,904,0.9406867845993756,4,64.0,86.91387176513672,3906,3659,0.9367639528929852,4,32.0,49.70337677001953,15708,13258,0.8440285204991087,4,16.0,28.416412353515625,13.595845222473145,1.6911778450012207,434.6698303222656,252891,0.9647026062011719,252891
photo-0319-18,000136,252600,7.601551532745361,0.0,7.601551532745361,0,,,20.618759155273438,23.985733032226562,7.601551532745361,252309,0.5320929884910583,0.8497952906951397,14.617812156677246,17.837018966674805,7.601551532745361,252265,0.5237318873405457,0.8804709333439042,12.705625534057617,16.279342651367188,7.601551532745361,250388,0.6467764973640442,0.9358595459846318,11.047879219055176,15.138871192932129,7.601551532745361,252551,0.7549341917037964,0.9964917976963069,11.047879219055176,15.138871192932129,7.601551532745361,252551,0.7549341917037964,0.9964917976963069,961,925,0.9625390218522373,4,64.0,85.6391830444336,3906,3793,0.9710701484895033,4,32.0,47.17734909057617,15695,13964,0.8897100987575661,4,16.0,26.437824249267578,11.019600868225098,1.763718605041504,466.939697265625,252600,0.963592529296875,252600
photo-0319-18,000137,252531,6.9044108390808105,0.0,6.9044108390808105,0,,,19.666156768798828,22.583110809326172,6.9044108390808105,251701,0.4932657480239868,0.8040452759424873,13.550271034240723,16.582632064819336,6.9044108390808105,252312,0.5132768154144287,0.8469672469006627,11.152141571044922,14.583436012268066,6.9044108390808105,251345,0.6244316101074219,0.8952435894885515,9.003864288330078,13.130236625671387,6.9044108390808105,251612,0.7529540657997131,0.949338664292641,9.003864288330078,13.130236625671387,6.9044108390808105,251612,0.7529540657997131,0.949338664292641,961,935,0.9729448491155047,4,64.0,83.18029022216797,3868,3854,0.9963805584281282,4,32.0,42.12303924560547,15625,14522,0.929408,4,16.0,23.532869338989258,8.977065086364746,1.6685752868652344,406.49359130859375,252531,0.9633293151855469,252531
photo-0319-18,000138,252545,6.54817008972168,0.0,6.54817008972168,0,,,18.595306396484375,20.79986572265625,6.54817008972168,250705,0.4396287798881531,0.7732394647095192,13.019935607910156,15.66650676727295,6.54817008972168,251364,0.49897873401641846,0.8489123343040371,11.187149047851562,14.307689666748047,6.54817008972168,251162,0.6375651955604553,0.9125982433648402,9.252447128295898,13.087681770324707,6.54817008972168,251654,0.7744730114936829,0.9790108641229625,9.252447128295898,13.087681770324707,6.54817008972168,251654,0.7744730114936829,0.9790108641229625,961,938,0.9760665972944849,4,64.0,86.28421020507812,3886,3842,0.988677303139475,4,32.0,41.32312774658203,15625,14465,0.92576,4,16.0,24.124666213989258,9.21902847290039,1.632780909538269,389.1546630859375,252545,0.9633827209472656,252545
photo-0319-18,000139,252360,6.415567398071289,0.0,6.415567398071289,0,,,17.71916961669922,20.52627182006836,6.415567398071289,252175,0.5346466898918152,0.8532130464954892,14.134437561035156,16.714466094970703,6.415567398071289,251557,0.4976339042186737,0.8606319840036254,12.423226356506348,15.168919563293457,6.415567398071289,249045,0.6070766448974609,0.9168262763757554,10.805177688598633,14.039073944091797,6.415567398071289,251866,0.7031478881835938,0.9479405715737733,10.805177688598633,14.039073944091797,6.415567398071289,251866,0.7031478881835938,0.9479405715737733,959,940,0.9801876955161627,4,64.0,83.55852508544922,3887,3767,0.9691278621044508,4,32.0,48.34843826293945,15606,14136,0.9058054594386774,4,16.0,28.49650764465332,10.757303237915039,1.7043944597244263,380.7987365722656,252360,0.962677001953125,252360
photo-0319-18,000140,252279,5.579331398010254,0.0,5.579331398010254,0,,,20.40936279296875,23.38788604736328,5.579331398010254,247535,0.5737378597259521,0.8680267436928111,14.540023803710938,17.40810775756836,5.579331398010254,247513,0.580105721950531,0.8876705465975524,12.427505493164062,15.242547988891602,5.579331398010254,246383,0.6345549821853638,0.9343745307103168,10.420540809631348,13.35838794708252,5.579331398010254,245819,0.6755740642547607,0.9228375349342403,10.420540809631348,13.35838794708252,5.579331398010254,245819,0.6755740642547607,0.9228375349342403,946,921,0.9735729386892178,4,64.0,86.10810852050781,3870,3779,0.9764857881136951,4,32.0,41.22055435180664,15588,13924,0.8932512188863229,4,16.0,24.90155792236328,10.39370346069336,1.516289472579956,318.1709899902344,252279,0.9623680114746094,252279
photo-0319-18,000141,252171,5.5319132804870605,0.0,5.5319132804870605,0,,,21.586084365844727,23.915882110595703,5.5319132804870605,245622,0.5093899369239807,0.858058317251712,15.24272632598877,17.451932907104492,5.5319132804870605,246197,0.49648916721343994,0.8700309102060545,13.277690887451172,15.4042329788208,5.5319132804870605,244490,0.5390709638595581,0.9006380629064583,11.530984878540039,13.599160194396973,5.5319132804870605,242517,0.5683646202087402,0.9013388752128717,11.530984878540039,13.599160194396973,5.5319132804870605,242517,0.5683646202087402,0.9013388752128717,952,925,0.9716386554621849,4,64.0,82.74002838134766,3877,3745,0.9659530564869745,4,32.0,42.42164611816406,15581,13557,0.8700981965214043,4,16.0,26.031261444091797,11.516486167907715,1.403801441192627,304.0117492675781,252171,0.9619560241699219,252171
photo-0319-18,000142,251951,5.121580600738525,0.0,5.121580600738525,0,,,24.887855529785156,27.726638793945312,5.121580600738525,243999,0.5405997037887573,0.8028557494088091,20.425647735595703,23.618850708007812,5.121580600738525,243692,0.6157186627388,0.9002470331401934,17.965614318847656,20.984941482543945,5.121580600738525,241080,0.6507665514945984,0.9138916542226647,15.498586654663086,18.152822494506836,5.121580600738525,239219,0.6351248025894165,0.8899543932547164,15.498586654663086,18.152822494506836,5.121580600738525,239219,0.6351248025894165,0.8899543932547164,939,866,0.9222577209797657,4,64.0,90.66004180908203,3859,3125,0.8097952837522674,4,32.0,46.002220153808594,15572,12320,0.7911636270228616,4,16.0,33.46548843383789,15.443735122680664,1.4375771284103394,318.4826354980469,251951,0.9611167907714844,251951
photo-0319-18,000143,251630,5.728822231292725,0.0,5.728822231292725,0,,,24.727046966552734,28.004819869995117,5.728822231292725,244754,0.5526452660560608,0.8344337579773977,18.833677291870117,22.42924690246582,5.728822231292725,244266,0.6397138237953186,0.9027617433453694,16.280881881713867,19.757343292236328,5.728822231292725,242915,0.6909255981445312,0.9336269888644176,13.299181938171387,16.54008674621582,5.728822231292725,243410,0.7073866128921509,0.9219218602358161,13.299181938171387,16.54008674621582,5.728822231292725,243410,0.7073866128921509,0.9219218602358161,943,883,0.936373276776246,4,64.0,85.32483673095703,3854,3259,0.8456149455111572,4,32.0,40.7545280456543,15575,12479,0.8012199036918138,4,16.0,30.041046142578125,13.263781547546387,1.518736481666565,364.0708312988281,251630,0.9598922729492188,251630
photo-0319-18,000144,251623,5.100017070770264,0.0,5.100017070770264,0,,,23.86470603942871,26.31644058227539,5.100017070770264,244966,0.4300002157688141,0.714837977515247,16.521896362304688,18.94962501525879,5.100017070770264,244938,0.48187950253486633,0.8368566739338118,13.922506332397461,16.106582641601562,5.100017070770264,243127,0.514689564704895,0.8346214118547097,11.620147705078125,13.381438255310059,5.100017070770264,242906,0.4717254638671875,0.7710966382057257,11.620147705078125,13.381438255310059,5.100017070770264,242906,0.4717254638671875,0.7710966382057257,935,896,0.9582887700534759,4,64.0,83.8731460571289,3851,3558,0.9239158660088289,4,32.0,37.909202575683594,15564,13268,0.8524800822410691,4,16.0,24.923940658569336,11.59067153930664,1.5418702363967896,344.3811950683594,251623,0.9598655700683594,251623
photo-0319-18,000145,251531,4.5820417404174805,0.0,4.5820417404174805,0,,,25.618391036987305,27.559425354003906,4.5820417404174805,244941,0.4024319350719452,0.7005115517614446,18.559711456298828,20.786640167236328,4.5820417404174805,244677,0.4840206503868103,0.8400503520968461,15.73868465423584,17.666404724121094,4.5820417404174805,243939,0.4843301773071289,0.8314332681531038,12.80251407623291,14.273016929626465,4.5820417404174805,242530,0.4715873599052429,0.8198078588215891,12.80251407623291,14.273016929626465,4.5820417404174805,242530,0.4715873599052429,0.8198078588215891,927,865,0.9331175836030206,4,64.0,83.88833618164062,3850,3425,0.8896103896103896,4,32.0,42.79126739501953,15533,12846,0.827013455224361,4,16.0,28.3121337890625,12.735100746154785,1.4435093402862549,324.4085998535156,251531,0.9595146179199219,251531
photo-0319-18,000146,251450,4.952605724334717,0.0,4.952605724334717,0,,,21.893226623535156,24.054441452026367,4.952605724334717,245724,0.39573755860328674,0.6928912112776937,17.41799545288086,20.03913688659668,4.952605724334717,245516,0.5116862654685974,0.820182798677072,15.080872535705566,17.279542922973633,4.952605724334717,244910,0.5163301229476929,0.8158180556122657,12.385445594787598,14.121359825134277,4.952605724334717,244563,0.5362305641174316,0.8479982662953922,12.385445594787598,14.121359825134277,4.952605724334717,244563,0.5362305641174316,0.8479982662953922,931,896,0.9624060150375939,4,64.0,81.94817352294922,3849,3310,0.8599636269160821,4,32.0,42.26158905029297,15534,12937,0.8328183339770825,4,16.0,31.4495906829834,12.31826114654541,1.5758123397827148,342.0420837402344,251450,0.9592056274414062,251450
photo-0319-18,000147,251399,5.041464805603027,0.0,5.041464805603027,0,,,21.34543228149414,23.978240966796875,5.041464805603027,245156,0.4417946934700012,0.7461208373443848,17.50208282470703,20.44499397277832,5.041464805603027,245148,0.5575774908065796,0.8384567689722127,15.227928161621094,17.88506317138672,5.041464805603027,245015,0.5682970881462097,0.8312837989510846,13.121452331542969,15.246573448181152,5.041464805603027,243302,0.5746114253997803,0.8408808805517423,13.121452331542969,15.246573448181152,5.041464805603027,243302,0.5746114253997803,0.8408808805517423,932,893,0.9581545064377682,4,64.0,80.842529296875,3852,3322,0.8624091381100727,4,32.0,42.991127014160156,15505,13041,0.8410835214446952,4,16.0,30.873109817504883,13.018937110900879,1.5957329273223877,341.197021484375,251399,0.9590110778808594,251399
photo-0319-18,000148,251388,4.715161323547363,0.0,4.715161323547363,0,,,23.84463119506836,25.163511276245117,4.715161323547363,245496,0.2734313905239105,0.6583447388144817,18.65262222290039,20.455158233642578,4.715161323547363,245269,0.4016028940677643,0.7475098769106573,16.311527252197266,17.948354721069336,4.715161323547363,244977,0.4473955035209656,0.7598060226062039,14.021783828735352,15.056913375854492,4.715161323547363,242953,0.4318487048149109,0.7614518034352323,14.021783828735352,15.056913375854492,4.715161323547363,242953,0.4318487048149109,0.7614518034352323,928,895,0.9644396551724138,4,64.0,75.85643768310547,3851,3235,0.8400415476499611,4,32.0,42.258235931396484,15527,12466,0.8028595350035422,4,16.0,31.95343589782715,13.9614839553833,1.380014181137085,324.4147644042969,251388,0.9589691162109375,251388
photo-0319-18,000149,251355,5.563981056213379,0.0,5.563981056213379,0,,,24.18679428100586,26.186357498168945,5.563981056213379,246180,0.31757402420043945,0.6849134779429685,19.459129333496094,21.914186477661133,5.563981056213379,246195,0.45904654264450073,0.7836024289689068,17.341787338256836,19.679628372192383,5.563981056213379,245106,0.5141717195510864,0.794395078047865,15.207913398742676,17.117956161499023,5.563981056213379,245168,0.5318884253501892,0.809807968413496,15.207913398742676,17.117956161499023,5.563981056213379,245168,0.5318884253501892,0.809807968413496,933,900,0.9646302250803859,4,64.0,77.77413177490234,3851,3134,0.8138145936120488,4,32.0,45.02861404418945,15529,12458,0.8022409685105287,4,16.0,34.48188781738281,15.125823020935059,1.5476808547973633,375.76300048828125,251355,0.9588432312011719,251355
photo-0319-18,000150,251422,5.30989933013916,0.0,5.30989933013916,0,,,25.027305603027344,25.786415100097656,5.30989933013916,245409,0.15253572165966034,0.593380845853249,21.199398040771484,22.483402252197266,5.30989933013916,245906,0.2869131565093994,0.6778443795596691,18.508262634277344,19.90239906311035,5.30989933013916,245420,0.4027266204357147,0.7354249857387336,15.62549877166748,16.948041915893555,5.30989933013916,245462,0.43541276454925537,0.7488898485305261,15.62549877166748,16.948041915893555,5.30989933013916,245462,0.43541276454925537,0.7488898485305261,934,900,0.9635974304068522,4,64.0,78.42974090576172,3852,3078,0.7990654205607477,4,32.0,46.76319885253906,15534,12046,0.7754602806746491,4,16.0,35.62446212768555,15.529723167419434,1.3501827716827393,362.4452209472656,251422,0.9590988159179688,251422
photo-0319-18,000151,251519,5.259917259216309,0.0,5.259917259216309,0,,,24.36593246459961,25.23155975341797,5.259917259216309,245059,0.1636429727077484,0.5978560265079021,18.671573638916016,19.97821807861328,5.259917259216309,245745,0.29690802097320557,0.6904840383324178,16.004436492919922,17.409564971923828,5.259917259216309,245509,0.41082391142845154,0.7437527748473579,13.841378211975098,15.228662490844727,5.259917259216309,244652,0.4422157406806946,0.7625893105308765,13.841378211975098,15.228662490844727,5.259917259216309,244652,0.4422157406806946,0.7625893105308765,936,893,0.9540598290598291,4,64.0,81.36613464355469,3854,3341,0.8668915412558381,4,32.0,42.04383850097656,15537,12711,0.8181116045568643,4,16.0,31.262130737304688,13.77778148651123,1.2883864641189575,360.9153747558594,251519,0.9594688415527344,251519
photo-0319-18,000152,251605,5.349647045135498,0.0,5.349647045135498,0,,,28.695737838745117,29.48618507385254,5.349647045135498,244855,0.15991005301475525,0.5903820628535256,22.690946578979492,23.53972816467285,5.349647045135498,245461,0.2495376169681549,0.6921751316909814,20.54315948486328,21.417844772338867,5.349647045135498,245360,0.3242659568786621,0.6983289859797848,17.21277618408203,18.27924346923828,5.349647045135498,245301,0.3755195140838623,0.7322310141418095,17.21277618408203,18.27924346923828,5.349647045135498,245301,0.3755195140838623,0.7322310141418095,938,838,0.8933901918976546,4,64.0,91.85131072998047,3850,2974,0.7724675324675324,4,32.0,45.9406852722168,15564,11193,0.719159599074788,4,16.0,32.13071060180664,17.113950729370117,1.421231746673584,366.92633056640625,251605,0.9597969055175781,251605
photo-0319-18,000153,251669,5.699679374694824,0.0,5.699679374694824,0,,,27.539325714111328,28.14423179626465,5.699679374694824,245311,0.15280163288116455,0.5976576672061179,20.10218620300293,21.026676177978516,5.699679374694824,245538,0.2541918456554413,0.6700632895926496,18.17647933959961,19.05791473388672,5.699679374694824,244774,0.32408830523490906,0.6947102224909508,15.222468376159668,16.2845458984375,5.699679374694824,245190,0.3744032084941864,0.7177250295689057,15.222468376159668,16.2845458984375,5.699679374694824,245190,0.3744032084941864,0.7177250295689057,942,848,0.9002123142250531,4,64.0,91.07582092285156,3857,3141,0.8143634949442572,4,32.0,41.71761703491211,15574,11824,0.7592140747399512,4,16.0,30.326446533203125,15.148110389709473,1.2927813529968262,376.0931396484375,251669,0.9600410461425781,251669
photo-0319-18,000154,251637,6.273624420166016,0.0,6.273624420166016,0,,,29.20897102355957,30.13741111755371,6.273624420166016,245762,0.19348359107971191,0.6079255539912598,18.5909366607666,19.9725341796875,6.273624420166016,245872,0.32341504096984863,0.7005840437300709,15.85607624053955,17.236555099487305,6.273624420166016,245983,0.3945809304714203,0.7254688332120512,12.267104148864746,13.838154792785645,6.273624420166016,245270,0.45173802971839905,0.7507726179312594,12.267104148864746,13.838154792785645,6.273624420166016,245270,0.45173802971839905,0.7507726179312594,947,862,0.9102428722280888,4,64.0,92.89204406738281,3861,3571,0.9248899248899249,4,32.0,44.661521911621094,15567,12232,0.7857647587846085,4,16.0,26.87293815612793,12.191780090332031,1.3297938108444214,405.348388671875,251637,0.9599189758300781,251637
photo-0319-18,000155,252130,5.510823726654053,0.0,5.510823726654053,0,,,29.007198333740234,29.311325073242188,5.510823726654053,244121,0.13908804953098297,0.5945125572974058,17.912532806396484,18.57573699951172,5.510823726654053,245903,0.22416608035564423,0.6547744435814122,15.665937423706055,16.27971649169922,5.510823726654053,245617,0.2857927680015564,0.6680645069355948,13.349690437316895,14.056541442871094,5.510823726654053,245499,0.33359068632125854,0.6877950623016794,13.349690437316895,14.056541442871094,5.510823726654053,245499,0.33359068632125854,0.6877950623016794,944,860,0.9110169491525424,4,64.0,91.05876922607422,3866,3710,0.9596482152095189,4,32.0,49.292694091796875,15590,12516,0.8028223220012829,4,16.0,27.992969512939453,13.29908275604248,1.2481365203857422,368.2911071777344,252130,0.9617996215820312,252130
photo-0319-18,000156,252055,6.431765079498291,0.0,6.431765079498291,0,,,27.249841690063477,27.039758682250977,6.431765079498291,245215,0.11501741409301758,0.58667699773668,18.579851150512695,18.983470916748047,6.431765079498291,246104,0.2006359100341797,0.6231918213438221,16.26021385192871,16.704814910888672,6.431765079498291,246345,0.26378414034843445,0.6509854066451521,12.638970375061035,13.338428497314453,6.431765079498291,244396,0.3454093933105469,0.6953591711811977,12.638970375061035,13.338428497314453,6.431765079498291,244396,0.3454093933105469,0.6953591711811977,949,872,0.9188619599578504,4,64.0,91.6312026977539,3869,3529,0.912121995347635,4,32.0,46.005680084228516,15597,11937,0.7653394883631468,4,16.0,27.238643646240234,12.609382629394531,1.2198712825775146,392.58514404296875,252055,0.9615135192871094,252055
photo-0319-18,000157,252230,6.638411045074463,0.0,6.638411045074463,0,,,25.590696334838867,25.53561019897461,6.638411045074463,246242,0.10621143877506256,0.5771558060769487,17.135000228881836,17.542728424072266,6.638411045074463,247591,0.18310236930847168,0.605656102200807,15.36598014831543,15.870735168457031,6.638411045074463,247836,0.25735369324684143,0.6403549121193047,12.577676773071289,13.203469276428223,6.638411045074463,247298,0.3131369650363922,0.6739480303116079,12.577676773071289,13.203469276428223,6.638411045074463,247298,0.3131369650363922,0.6739480303116079,952,876,0.9201680672268907,4,64.0,88.2181625366211,3875,3595,0.927741935483871,4,32.0,43.683982849121094,15613,12204,0.7816563120476526,4,16.0,26.31723976135254,12.54752254486084,1.2814534902572632,403.0141296386719,252230,0.9621810913085938,252230
photo-0319-18,000158,252314,7.004146575927734,0.0,7.004146575927734,0,,,25.11345672607422,25.164905548095703,7.004146575927734,249017,0.20686429738998413,0.6020392182059859,16.229568481445312,17.058822631835938,7.004146575927734,248632,0.2825891375541687,0.6552374593777148,14.771233558654785,15.669978141784668,7.004146575927734,248321,0.347146600484848,0.6899456751543366,12.189924240112305,13.44805908203125,7.004146575927734,247259,0.4293748736381531,0.7221779591440555,12.189924240112305,13.44805908203125,7.004146575927734,247259,0.4293748736381531,0.7221779591440555,954,887,0.929769392033543,4,64.0,88.46324157714844,3881,3585,0.923730997165679,4,32.0,38.97682189941406,15618,12269,0.7855679344346267,4,16.0,25.886320114135742,12.160589218139648,1.2962828874588013,419.8608703613281,252314,0.9625015258789062,252314
photo-0319-18,000159,252676,6.76338005065918,0.0,6.76338005065918,0,,,24.005903244018555,23.901012420654297,6.76338005065918,247155,0.17808672785758972,0.5869757844267767,15.022424697875977,15.480035781860352,6.76338005065918,248386,0.23144397139549255,0.6344439702720766,12.989964485168457,13.57593059539795,6.76338005065918,245122,0.29471874237060547,0.6738073285955565,9.465412139892578,10.610200881958008,6.76338005065918,247682,0.4092217683792114,0.7163540346088937,9.465412139892578,10.610200881958008,6.76338005065918,247682,0.4092217683792114,0.7163540346088937,955,902,0.9445026178010472,4,64.0,86.70124816894531,3887,3725,0.9583226138410085,4,32.0,39.45808792114258,15640,13381,0.8555626598465473,4,16.0,24.307931900024414,9.426774024963379,1.2435067892074585,414.979248046875,252676,0.9638824462890625,252676
photo-0319-18,000160,252995,6.704123020172119,0.0,6.704123020172119,0,,,24.223257064819336,24.64041519165039,6.704123020172119,249358,0.21440669894218445,0.6088755925215955,15.021778106689453,15.75678539276123,6.704123020172119,251205,0.23631587624549866,0.6148245456897753,13.06056022644043,13.622432708740234,6.704123020172119,250657,0.28545135259628296,0.6583658146391284,9.681146621704102,10.664612770080566,6.704123020172119,249007,0.4110913574695587,0.717497901665415,9.681146621704102,10.664612770080566,6.704123020172119,249007,0.4110913574695587,0.717497901665415,956,899,0.9403765690376569,4,64.0,89.69192504882812,3895,3745,0.9614890885750963,4,32.0,41.04246139526367,15672,13037,0.8318657478305258,4,16.0,22.972745895385742,9.654753684997559,1.3799811601638794,408.5924987792969,252995,0.9650993347167969,252995
photo-0319-18,000161,253203,6.9840593338012695,0.0,6.9840593338012695,0,,,25.231170654296875,25.507078170776367,6.9840593338012695,252545,0.13508343696594238,0.5519768754083431,16.50883674621582,17.307697296142578,6.9840593338012695,253031,0.24016429483890533,0.6003651726468299,14.520650863647461,15.167479515075684,6.9840593338012695,251510,0.29661718010902405,0.6354379547532901,11.498566627502441,12.325492858886719,6.9840593338012695,249272,0.40891575813293457,0.7065334253345743,11.498566627502441,12.325492858886719,6.9840593338012695,249272,0.40891575813293457,0.7065334253345743,961,897,0.9334027055150884,4,64.0,88.15455627441406,3909,3683,0.9421847019698133,4,32.0,46.52045440673828,15686,12525,0.7984827234476604,4,16.0,26.256389617919922,11.479701042175293,1.3855549097061157,422.94781494140625,253203,0.9658927917480469,253203
photo-0319-18,000162,253138,7.665643692016602,0.0,7.665643692016602,0,,,25.889089584350586,26.50634002685547,7.665643692016602,253052,0.1736447960138321,0.5519102793101813,17.080219268798828,18.477136611938477,7.665643692016602,252701,0.320783793926239,0.6388577805390561,14.56741714477539,16.06260108947754,7.665643692016602,250138,0.4051045775413513,0.6894834051603514,11.79184627532959,13.992253303527832,7.665643692016602,249787,0.558684766292572,0.8139895190702479,11.79184627532959,13.992253303527832,7.665643692016602,249787,0.558684766292572,0.8139895190702479,961,908,0.9448491155046826,4,64.0,86.64759063720703,3917,3829,0.9775338269083482,4,32.0,45.31898880004883,15700,12490,0.7955414012738854,4,16.0,26.808391571044922,11.832666397094727,1.558895468711853,454.6247253417969,253138,0.9656448364257812,253138
photo-0319-18,000163,253993,6.543576240539551,0.0,6.543576240539551,0,,,28.03546714782715,27.8677921295166,6.543576240539551,253847,0.02630038373172283,0.48809716088825156,19.706714630126953,19.7651309967041,6.543576240539551,253888,0.12821714580059052,0.5291979140408369,17.302499771118164,17.627517700195312,6.543576240539551,253245,0.20353557169437408,0.5704515390234753,14.45489501953125,15.270219802856445,6.543576240539551,253401,0.30481502413749695,0.6217418242232666,14.45489501953125,15.270219802856445,6.543576240539551,253401,0.30481502413749695,0.6217418242232666,961,909,0.9458896982310093,4,64.0,85.28173065185547,3937,3350,0.8509017018034036,4,32.0,38.57500457763672,15733,11447,0.7275789741308079,4,16.0,27.910009384155273,14.4737548828125,1.407958745956421,404.3345947265625,253993,0.9689064025878906,253993
photo-0319-18,000164,253537,7.766488552093506,0.0,7.766488552093506,0,,,25.80427360534668,25.8154354095459,7.766488552093506,253472,0.11530528962612152,0.5213593611917687,18.83847999572754,19.33282470703125,7.766488552093506,253350,0.23216868937015533,0.57198342214328,16.24984359741211,17.057964324951172,7.766488552093506,251124,0.3418560028076172,0.6345749510202131,13.538838386535645,15.436731338500977,7.766488552093506,252824,0.5453413724899292,0.785811473594279,13.538838386535645,15.436731338500977,7.766488552093506,252824,0.5453413724899292,0.785811473594279,961,931,0.9687825182101977,4,64.0,81.86736297607422,3932,3519,0.8949643947100712,4,32.0,41.053565979003906,15735,11956,0.7598347632666032,4,16.0,28.868289947509766,13.589943885803223,1.6877471208572388,470.1797180175781,253537,0.9671669006347656,253537
photo-0319-18,000165,254490,6.585994243621826,0.0,6.585994243621826,0,,,26.041780471801758,26.732925415039062,6.585994243621826,254357,0.21455709636211395,0.6219958562178356,18.947715759277344,19.997053146362305,6.585994243621826,254330,0.3187367022037506,0.6740927141902253,16.480470657348633,17.521217346191406,6.585994243621826,251997,0.39199724793434143,0.7192149112886265,14.005223274230957,15.636345863342285,6.585994243621826,253994,0.5167380571365356,0.7871170185122484,14.005223274230957,15.636345863342285,6.585994243621826,253994,0.5167380571365356,0.7871170185122484,961,910,0.9469302809573361,4,64.0,87.84847259521484,3942,3688,0.9355657026889903,4,32.0,47.5732307434082,15789,12467,0.7896003546773069,4,16.0,30.88218879699707,14.057282447814941,1.3853654861450195,400.8873291015625,254490,0.9708023071289062,254490
photo-0319-18,000166,254511,6.91231632232666,0.0,6.91231632232666,0,,,23.85002899169922,24.141572952270508,6.91231632232666,254407,0.1776837855577469,0.5604248310777612,15.579622268676758,16.432865142822266,6.91231632232666,254297,0.3068028688430786,0.6364762462789573,13.356230735778809,14.269001007080078,6.91231632232666,252729,0.40473803877830505,0.7104368711149096,11.060225486755371,12.512845039367676,6.91231632232666,253730,0.5174117684364319,0.7708351397154456,11.060225486755371,12.512845039367676,6.91231632232666,253730,0.5174117684364319,0.7708351397154456,961,918,0.9552549427679501,4,64.0,83.88214111328125,3947,3860,0.9779579427413225,4,32.0,46.170753479003906,15795,13314,0.8429249762583096,4,16.0,27.452985763549805,11.096056938171387,1.5209585428237915,417.9330749511719,254511,0.9708824157714844,254511
photo-0319-18,000167,254597,7.1304545402526855,0.0,7.1304545402526855,0,,,25.780235290527344,26.45304298400879,7.1304545402526855,254517,0.23109331727027893,0.6501687510068089,18.040407180786133,19.613988876342773,7.1304545402526855,254299,0.3929166793823242,0.7996099080216595,15.859642028808594,17.308671951293945,7.1304545402526855,252062,0.45787370204925537,0.8514294102244686,13.340787887573242,15.405566215515137,7.1304545402526855,254257,0.5617919564247131,0.9163562851760226,13.340787887573242,15.405566215515137,7.1304545402526855,254257,0.5617919564247131,0.9163562851760226,961,907,0.9438085327783559,4,64.0,82.9837875366211,3951,3735,0.9453302961275627,4,32.0,46.060184478759766,15804,12521,0.7922677803087825,4,16.0,30.614633560180664,13.384739875793457,1.6301239728927612,438.845947265625,254597,0.9712104797363281,254597
photo-0319-18,000168,254962,6.841177940368652,0.0,6.841177940368652,0,,,24.972251892089844,25.29084014892578,6.841177940368652,254797,0.18732160329818726,0.5627931255077572,17.804040908813477,18.89638328552246,6.841177940368652,254676,0.3321975767612457,0.6716691011324192,15.984528541564941,16.87462043762207,6.841177940368652,253357,0.3852207064628601,0.7038763483937684,14.20571231842041,15.359365463256836,6.841177940368652,253206,0.45891073346138,0.774073284203376,14.20571231842041,15.359365463256836,6.841177940368652,253206,0.45891073346138,0.774073284203376,961,906,0.9427679500520292,4,64.0,83.65129852294922,3964,3771,0.9513118062563067,4,32.0,48.89167404174805,15841,12714,0.8026008459061927,4,16.0,31.5012149810791,14.24376392364502,1.54910409450531,435.5169372558594,254962,0.9726028442382812,254962
photo-0319-18,000169,254797,7.192925930023193,0.0,7.192925930023193,0,,,26.790531158447266,26.40323829650879,7.192925930023193,254675,0.08978744596242905,0.5052635712182193,18.58396339416504,19.124183654785156,7.192925930023193,254665,0.23731106519699097,0.5640429583963246,16.502798080444336,17.188884735107422,7.192925930023193,252295,0.3315531611442566,0.6450068372341902,13.98365592956543,15.293647766113281,7.192925930023193,252692,0.45718634128570557,0.7675470533297453,13.98365592956543,15.293647766113281,7.192925930023193,252692,0.45718634128570557,0.7675470533297453,961,911,0.9479708636836629,4,64.0,82.68649291992188,3969,3710,0.9347442680776014,4,32.0,44.8183708190918,15849,12134,0.7656003533345952,4,16.0,29.905672073364258,14.013771057128906,1.90519380569458,469.384521484375,254797,0.9719734191894531,254797
photo-0319-18,000170,255492,6.511921405792236,0.0,6.511921405792236,0,,,25.1276912689209,24.06265640258789,6.511921405792236,254326,-0.03632526472210884,0.45635522911538734,15.912171363830566,15.425844192504883,6.511921405792236,255091,0.08542533963918686,0.5149691678655852,12.776371955871582,12.617889404296875,6.511921405792236,253721,0.21344003081321716,0.5743828851376118,9.37651538848877,9.82236385345459,6.511921405792236,254509,0.3777344226837158,0.6910443245621962,9.37651538848877,9.82236385345459,6.511921405792236,254509,0.3777344226837158,0.6910443245621962,961,905,0.9417273673257024,4,64.0,82.85631561279297,3969,3808,0.9594356261022927,4,32.0,43.7899284362793,15876,13223,0.8328924162257496,4,16.0,23.42948341369629,9.399292945861816,1.6144185066223145,422.4983215332031,255492,0.9746246337890625,255492
photo-0319-18,000171,255333,6.989357948303223,0.0,6.989357948303223,0,,,23.552099227905273,22.840715408325195,6.989357948303223,255151,0.026763280853629112,0.47888897162856503,15.962884902954102,15.599669456481934,6.989357948303223,254951,0.1014547199010849,0.5284897882338174,12.972063064575195,13.29703140258789,6.989357948303223,252462,0.2698366940021515,0.6050811607291394,10.563314437866211,11.57207202911377,6.989357948303223,254990,0.40219858288764954,0.6933722891093769,10.563314437866211,11.57207202911377,6.989357948303223,254990,0.40219858288764954,0.6933722891093769,961,938,0.9760665972944849,4,64.0,78.03434753417969,3969,3713,0.9355001259763165,4,32.0,38.68827819824219,15868,12917,0.8140282329216032,4,16.0,23.265905380249023,10.583747863769531,1.7746485471725464,431.23486328125,255333,0.9740180969238281,255333
photo-0319-18,000172,256625,5.368260383605957,0.0,5.368260383605957,0,,,26.41604995727539,25.669164657592773,5.368260383605957,256415,-0.028342487290501595,0.41040500750736114,18.663969039916992,17.988935470581055,5.368260383605957,256363,0.014640125446021557,0.4697830810218323,16.75054931640625,16.505207061767578,5.368260383605957,255340,0.14297078549861908,0.5217278922221352,14.229635238647461,14.430767059326172,5.368260383605957,255388,0.25479188561439514,0.5916057136592165,14.229635238647461,14.430767059326172,5.368260383605957,255388,0.25479188561439514,0.5916057136592165,961,928,0.9656607700312175,4,64.0,86.74994659423828,3969,3546,0.8934240362811792,4,32.0,43.620365142822266,15931,11990,0.7526206766681313,4,16.0,27.821369171142578,14.286018371582031,1.4360071420669556,363.8624572753906,256625,0.9789466857910156,256625
photo-0319-18,000173,256569,5.656595230102539,0.0,5.656595230102539,0,,,29.662633895874023,28.693056106567383,5.656595230102539,254887,-0.04449081048369408,0.39768211011153964,22.75710678100586,21.958967208862305,5.656595230102539,256465,-0.0014188885688781738,0.4640633224806504,21.000593185424805,20.392459869384766,5.656595230102539,256201,0.08315026015043259,0.5066178508280608,16.974567413330078,16.667539596557617,5.656595230102539,256241,0.16483257710933685,0.5593952568090196,16.974567413330078,16.667539596557617,5.656595230102539,256241,0.16483257710933685,0.5593952568090196,961,875,0.9105098855359001,4,64.0,87.30166625976562,3969,3118,0.7855883093978332,4,32.0,47.46980667114258,15925,10524,0.6608477237048666,4,16.0,31.168777465820312,17.03554344177246,1.3659639358520508,371.2534484863281,256569,0.9787330627441406,256569
photo-0319-18,000174,256916,5.489943981170654,0.0,5.489943981170654,0,,,28.19986343383789,26.711572647094727,5.489943981170654,256637,-0.15864288806915283,0.33661553088603746,23.214200973510742,21.72735595703125,5.489943981170654,256839,-0.14909037947654724,0.35435428420138687,21.616945266723633,20.333765029907227,5.489943981170654,255968,-0.048974212259054184,0.4471183897987248,19.40188980102539,18.24068832397461,5.489943981170654,256255,-0.0024869542103260756,0.4851066320657158,19.40188980102539,18.24068832397461,5.489943981170654,256255,-0.0024869542103260756,0.4851066320657158,967,901,0.9317476732161324,4,64.0,80.36983489990234,3969,2937,0.7399848828420257,4,32.0,46.44640350341797,15955,10273,0.6438733939204011,4,16.0,31.872299194335938,19.470539093017578,1.4667335748672485,380.7204284667969,256916,0.9800567626953125,256916
photo-0319-18,000175,257086,5.3775715827941895,0.0,5.3775715827941895,0,,,30.811098098754883,30.128334045410156,5.3775715827941895,255608,0.004897797480225563,0.4063526963162342,23.072933197021484,22.523237228393555,5.3775715827941895,256923,0.04591696336865425,0.4903414641740911,21.35434341430664,20.753883361816406,5.3775715827941895,256906,0.10313723236322403,0.5148692517885919,17.868759155273438,17.32634735107422,5.3775715827941895,256823,0.1540599763393402,0.5289946772680016,17.868759155273438,17.32634735107422,5.3775715827941895,256823,0.1540599763393402,0.5289946772680016,964,859,0.8910788381742739,4,64.0,87.43872833251953,3969,3074,0.7745023935500126,4,32.0,48.149940490722656,15969,10649,0.6668545306531405,4,16.0,32.28203582763672,17.916397094726562,1.2865992784500122,351.3995056152344,257086,0.9807052612304688,257086
photo-0319-18,000176,257517,5.014956474304199,0.0,5.014956474304199,0,,,26.789051055908203,25.529157638549805,5.014956474304199,257386,-0.15918849408626556,0.3169947083368948,18.36614418029785,17.073537826538086,5.014956474304199,257357,-0.12486157566308975,0.37566104671720607,16.42951202392578,15.371635437011719,5.014956474304199,255232,-0.016100704669952393,0.47567703109327986,13.405742645263672,12.55736255645752,5.014956474304199,256488,0.05370546132326126,0.5125697888400237,13.405742645263672,12.55736255645752,5.014956474304199,256488,0.05370546132326126,0.5125697888400237,972,922,0.948559670781893,4,64.0,82.7616958618164,3969,3518,0.8863693625598388,4,32.0,42.84837341308594,15999,11978,0.7486717919869992,4,16.0,27.569299697875977,13.432648658752441,1.4093774557113647,361.7523498535156,257517,0.9823493957519531,257517
photo-0319-18,000177,258468,4.022613048553467,0.0,4.022613048553467,0,,,24.252878189086914,22.911113739013672,4.022613048553467,258305,-0.2372024655342102,0.30982752947097425,18.606136322021484,17.041208267211914,4.022613048553467,258325,-0.25411754846572876,0.31284622084583374,16.399703979492188,14.89858627319336,4.022613048553467,256635,-0.17373202741146088,0.3587858242250667,13.036147117614746,11.671122550964355,4.022613048553467,256971,-0.09242849797010422,0.43017305454701116,13.036147117614746,11.671122550964355,4.022613048553467,256971,-0.09242849797010422,0.43017305454701116,992,971,0.9788306451612904,4,64.0,86.04389953613281,3986,3587,0.8998996487706974,4,32.0,45.01908493041992,16033,12435,0.7755878500592528,4,16.0,27.97357940673828,13.021784782409668,0.923064649105072,286.873779296875,258468,0.9859771728515625,258468
photo-0319-18,000178,258641,3.909839391708374,0.0,3.909839391708374,0,,,24.867483139038086,23.639131546020508,3.909839391708374,258158,-0.2150384485721588,0.2946412662013186,19.614948272705078,18.433229446411133,3.909839391708374,258501,-0.1660405546426773,0.33969307662252757,17.4671688079834,16.225292205810547,3.909839391708374,257292,-0.1165883019566536,0.39124418948121203,14.717076301574707,13.595559120178223,3.909839391708374,257546,-0.03633760288357735,0.4330410878056736,14.717076301574707,13.595559120178223,3.909839391708374,257546,-0.03633760288357735,0.4330410878056736,993,966,0.972809667673716,4,64.0,77.84880828857422,3977,3439,0.8647221523761629,4,32.0,44.391990661621094,16078,12177,0.7573703196915039,4,16.0,28.93212890625,14.760605812072754,0.993235170841217,290.315673828125,258641,0.9866371154785156,258641
photo-0319-18,000179,259097,3.592158079147339,0.0,3.592158079147339,0,,,23.435924530029297,21.456144332885742,3.592158079147339,257983,-0.4218434989452362,0.26909912668664215,18.682466506958008,16.455713272094727,3.592158079147339,258279,-0.4718586206436157,0.25163485997700163,16.399160385131836,14.110044479370117,3.592158079147339,256486,-0.44700223207473755,0.2614840576093822,14.013930320739746,11.756486892700195,3.592158079147339,257443,-0.399852454662323,0.2888289835031444,14.013930320739746,11.756486892700195,3.592158079147339,257443,-0.399852454662323,0.2888289835031444,1003,988,0.9850448654037887,4,64.0,75.98904418945312,3991,3516,0.880982209972438,4,32.0,41.339012145996094,16069,12612,0.7848652685294667,4,16.0,27.29197120666504,13.984917640686035,0.7063056230545044,217.80052185058594,259097,0.9883766174316406,259097
photo-0319-18,000180,259191,3.67685604095459,0.0,3.67685604095459,0,,,25.84251594543457,23.629108428955078,3.67685604095459,258842,-0.4805097281932831,0.19851106080157008,22.20515251159668,19.85769271850586,3.67685604095459,258773,-0.4837473928928375,0.23759820383115704,20.361125946044922,17.999902725219727,3.67685604095459,256828,-0.4505050480365753,0.2525503449779619,17.797021865844727,15.613275527954102,3.67685604095459,258553,-0.3933356702327728,0.2991030852475121,17.797021865844727,15.613275527954102,3.67685604095459,258553,-0.3933356702327728,0.2991030852475121,1004,982,0.9780876494023905,4,64.0,80.29037475585938,3994,3144,0.7871807711567351,4,32.0,45.593345642089844,16078,11017,0.6852220425426048,4,16.0,30.740219116210938,17.73298454284668,0.715019702911377,226.27650451660156,259191,0.9887351989746094,259191
photo-0319-18,000181,259512,3.3349709510803223,0.0,3.3349709510803223,0,,,25.705549240112305,23.499902725219727,3.3349709510803223,246654,-0.5378432869911194,0.168381619596682,22.145065307617188,19.57094383239746,3.3349709510803223,246009,-0.6526919007301331,0.14294598978086168,20.39838218688965,17.787336349487305,3.3349709510803223,240212,-0.6480597853660583,0.14878107671556792,18.22658920288086,15.697516441345215,3.3349709510803223,245467,-0.618409276008606,0.17531073423311483,18.22658920288086,15.697516441345215,3.3349709510803223,245467,-0.618409276008606,0.17531073423311483,1006,975,0.9691848906560636,4,64.0,79.9818344116211,4005,3131,0.7817727840199751,4,32.0,45.10435485839844,16099,10988,0.6825268650226722,4,16.0,31.000898361206055,18.166017532348633,0.5754570364952087,165.17222595214844,259512,0.989959716796875,259512
photo-0319-18,000182,260026,2.745744466781616,0.0,2.745744466781616,0,,,30.073869705200195,28.104721069335938,2.745744466781616,235857,-0.6413862109184265,0.0995645666653947,29.554636001586914,27.416492462158203,2.745744466781616,234383,-0.7170273661613464,0.08182760695101607,27.644054412841797,25.54558753967285,2.745744466781616,232707,-0.675498366355896,0.1025022882852686,25.398107528686523,23.303890228271484,2.745744466781616,233421,-0.6543049216270447,0.13808954635615475,25.398107528686523,23.303890228271484,2.745744466781616,233421,-0.6543049216270447,0.13808954635615475,1015,927,0.9133004926108375,4,64.0,83.56649780273438,4019,2594,0.645434187608858,4,32.0,54.72644805908203,16143,9799,0.6070123273245369,4,16.0,39.06038284301758,25.306333541870117,0.5167983174324036,123.38811492919922,260026,0.9919204711914062,260026
photo-0319-18,000183,259218,4.206110000610352,0.0,4.206110000610352,0,,,24.323816299438477,22.337942123413086,4.206110000610352,246425,-0.36354631185531616,0.26983869331439586,19.24108123779297,16.43294906616211,4.206110000610352,245579,-0.5380344986915588,0.1281909283774264,16.92451286315918,14.055729866027832,4.206110000610352,240542,-0.5202284455299377,0.13626310581935794,14.164606094360352,11.435924530029297,4.206110000610352,240260,-0.4761158227920532,0.2354324481811371,14.164606094360352,11.435924530029297,4.206110000610352,240260,-0.4761158227920532,0.2354324481811371,1000,983,0.983,4,64.0,82.17754364013672,4007,3460,0.8634888944347392,4,32.0,43.094093322753906,16095,12121,0.7530910220565393,4,16.0,29.206939697265625,14.103052139282227,0.6768267154693604,196.7790069580078,259218,0.9888381958007812,259218
photo-0319-18,000184,259551,3.878605842590332,0.0,3.878605842590332,0,,,24.037900924682617,22.76176643371582,3.878605842590332,242446,-0.19281430542469025,0.3557699446474679,16.715938568115234,15.199219703674316,3.878605842590332,242149,-0.24300256371498108,0.28219815072537985,14.671321868896484,12.865938186645508,3.878605842590332,237857,-0.2953609824180603,0.23395990027621638,12.661277770996094,10.534072875976562,3.878605842590332,232991,-0.3923649191856384,0.20183183041405034,12.661277770996094,10.534072875976562,3.878605842590332,232991,-0.3923649191856384,0.20183183041405034,1002,991,0.9890219560878244,4,64.0,79.7340316772461,4016,3634,0.9048804780876494,4,32.0,42.955169677734375,16116,12975,0.8051005212211467,4,16.0,27.591426849365234,12.5875825881958,0.6016685366630554,189.0903778076172,259551,0.9901084899902344,259551
photo-0319-18,000185,259502,4.162012577056885,0.0,4.162012577056885,0,,,25.389375686645508,23.79318618774414,4.162012577056885,245467,-0.213545024394989,0.3735247507811641,19.489347457885742,17.38201332092285,4.162012577056885,244370,-0.3527706563472748,0.23232393501657322,17.76308822631836,15.459796905517578,4.162012577056885,240861,-0.3866536021232605,0.18996433627693982,15.542980194091797,13.101203918457031,4.162012577056885,237525,-0.3962455987930298,0.23504894221660877,15.542980194091797,13.101203918457031,4.162012577056885,237525,-0.3962455987930298,0.23504894221660877,1001,951,0.9500499500499501,4,64.0,79.92034149169922,4018,3400,0.8461921353907417,4,32.0,46.80217361450195,16112,12095,0.7506827209533267,4,16.0,31.147869110107422,15.447226524353027,0.6945289969444275,201.14910888671875,259502,0.9899215698242188,259502
photo-0319-18,000186,259405,4.488162517547607,0.0,4.488162517547607,0,,,30.0259952545166,28.08500099182129,4.488162517547607,249972,-0.24946972727775574,0.3528875234026211,25.776071548461914,23.41019630432129,4.488162517547607,249950,-0.41617611050605774,0.15032206441288257,24.2540283203125,21.67940902709961,4.488162517547607,245384,-0.4403483271598816,0.13092133146415413,22.2012996673584,19.33257484436035,4.488162517547607,244701,-0.4615198075771332,0.12490345360255986,22.2012996673584,19.33257484436035,4.488162517547607,244701,-0.4615198075771332,0.12490345360255986,1002,898,0.8962075848303394,4,64.0,86.56450653076172,4015,2793,0.6956413449564135,4,32.0,53.674861907958984,16108,10465,0.64967717904147,4,16.0,37.040855407714844,22.095020294189453,0.6786016821861267,219.1229248046875,259405,0.9895515441894531,259405
photo-0319-18,000187,259125,5.119438648223877,0.0,5.119438648223877,0,,,29.36151695251465,27.794513702392578,5.119438648223877,250559,-0.12819762527942657,0.4128927717623394,22.497528076171875,20.989675521850586,5.119438648223877,249041,-0.08160490542650223,0.40830626282419363,20.81761360168457,19.093414306640625,5.119438648223877,244816,0.0018601123010739684,0.5052406705444089,18.339153289794922,16.618223190307617,5.119438648223877,250594,0.05277513712644577,0.5103354429874618,18.339153289794922,16.618223190307617,5.119438648223877,250594,0.05277513712644577,0.5103354429874618,1000,919,0.919,4,64.0,84.79755401611328,4010,3082,0.7685785536159601,4,32.0,53.00292205810547,16105,11497,0.7138776777398324,4,16.0,35.77098083496094,18.229928970336914,0.9485782384872437,270.7632141113281,259125,0.9884834289550781,259125
photo-0319-18,000188,259008,5.472140312194824,0.0,5.472140312194824,0,,,29.697105407714844,27.418575286865234,5.472140312194824,251799,-0.21950151026248932,0.34434608556825086,22.901140213012695,19.983562469482422,5.472140312194824,251569,-0.3562663197517395,0.18148500013912683,20.74362564086914,18.00400161743164,5.472140312194824,241733,-0.20376048982143402,0.2897618446798741,17.942167282104492,15.504450798034668,5.472140312194824,250252,-0.0781138688325882,0.35674040567108356,17.942167282104492,15.504450798034668,5.472140312194824,250252,-0.0781138688325882,0.35674040567108356,999,927,0.9279279279279279,4,64.0,86.13145446777344,4011,3064,0.7638992769882822,4,32.0,50.7347526550293,16097,11293,0.701559296763372,4,16.0,34.612281799316406,17.819772720336914,0.9861522912979126,285.6173400878906,259008,0.988037109375,259008
photo-0319-18,000189,258575,6.304750919342041,0.0,6.304750919342041,0,,,30.30435562133789,28.346960067749023,6.304750919342041,251622,-0.085887111723423,0.4590576340701529,25.13532066345215,23.0194091796875,6.304750919342041,250799,-0.08345701545476913,0.4390448127783604,23.365324020385742,21.320934295654297,6.304750919342041,243118,0.08775930851697922,0.5568119184922548,21.395856857299805,19.35980224609375,6.304750919342041,252618,0.1363619863986969,0.5791273780965727,21.395856857299805,19.35980224609375,6.304750919342041,252618,0.1363619863986969,0.5791273780965727,995,901,0.9055276381909547,4,64.0,87.51424407958984,4007,2947,0.7354629398552534,4,32.0,56.987396240234375,16070,10861,0.6758556316116988,4,16.0,38.2359504699707,21.24938201904297,1.0014567375183105,328.03302001953125,258575,0.9863853454589844,258575
photo-0319-18,000190,258306,6.89378547668457,0.0,6.89378547668457,0,,,33.86486053466797,31.831850051879883,6.89378547668457,253449,-0.10924015194177628,0.3785376939739356,29.799142837524414,27.31144142150879,6.89378547668457,252093,-0.14267733693122864,0.33244873915578776,28.488208770751953,26.78056526184082,6.89378547668457,252199,0.06937491148710251,0.4571826216598797,27.41358184814453,26.106523513793945,6.89378547668457,253572,0.14021781086921692,0.49657690912245833,27.41358184814453,26.106523513793945,6.89378547668457,253572,0.14021781086921692,0.49657690912245833,993,870,0.8761329305135952,4,64.0,95.21937561035156,3996,2645,0.6619119119119119,4,32.0,60.25670623779297,16056,9613,0.598716990533134,4,16.0,42.077423095703125,27.20831871032715,1.4068094491958618,389.6531066894531,258306,0.9853591918945312,258306
photo-0319-18,000191,258191,7.207858562469482,0.0,7.207858562469482,0,,,31.486812591552734,30.10169792175293,7.207858562469482,253542,-0.019325315952301025,0.4274952473357471,24.737573623657227,23.718019485473633,7.207858562469482,250480,0.0808841735124588,0.4861066751836474,23.007495880126953,22.590105056762695,7.207858562469482,252527,0.2913449704647064,0.6595532358916076,19.402423858642578,19.352901458740234,7.207858562469482,254105,0.33855804800987244,0.7150075756085083,19.402423858642578,19.352901458740234,7.207858562469482,254105,0.33855804800987244,0.7150075756085083,991,884,0.8920282542885973,4,64.0,84.03571319580078,3996,2961,0.740990990990991,4,32.0,56.29986572265625,16052,10613,0.6611637179167705,4,16.0,39.71257781982422,19.25417709350586,1.3279781341552734,379.07177734375,258191,0.9849205017089844,258191
photo-0319-18,000192,258211,7.315236568450928,0.0,7.315236568450928,0,,,26.084108352661133,23.927227020263672,7.315236568450928,253992,-0.07967250049114227,0.41874153516646195,19.61623764038086,17.12589454650879,7.315236568450928,250798,-0.05801788344979286,0.39880700803036706,17.876794815063477,16.360349655151367,7.315236568450928,253558,0.2091870903968811,0.5460328603317585,14.6574068069458,13.465006828308105,7.315236568450928,254379,0.29589787125587463,0.6368292980159526,14.6574068069458,13.465006828308105,7.315236568450928,254379,0.29589787125587463,0.6368292980159526,993,956,0.9627391742195368,4,64.0,72.97113800048828,3995,3349,0.8382978723404255,4,32.0,46.20604705810547,16053,11422,0.7115180963059864,4,16.0,30.161365509033203,14.570752143859863,1.3740158081054688,403.2584533691406,258211,0.9849967956542969,258211
photo-0319-18,000193,257800,8.07010269165039,0.0,8.07010269165039,0,,,30.52906608581543,28.361268997192383,8.07010269165039,254079,-0.015460706315934658,0.4380330527119518,22.534069061279297,19.84589195251465,8.07010269165039,254121,-0.0235805194824934,0.41383828963367847,20.657957077026367,19.09311866760254,8.07010269165039,254008,0.16976039111614227,0.5326485779975434,18.42635726928711,17.714733123779297,8.07010269165039,254446,0.246180921792984,0.5937212610927269,18.42635726928711,17.714733123779297,8.07010269165039,254446,0.246180921792984,0.5937212610927269,990,895,0.9040404040404041,4,64.0,84.68070983886719,3989,3043,0.762847831536726,4,32.0,49.12601089477539,16029,10374,0.6472019464720195,4,16.0,32.09197235107422,18.318973541259766,1.700717568397522,468.4672546386719,257800,0.983428955078125,257800
photo-0319-18,000194,257780,8.20161247253418,0.0,8.20161247253418,0,,,31.76385498046875,29.586124420166016,8.20161247253418,254292,-0.02966419607400894,0.43083148506441415,23.042314529418945,20.7558650970459,8.20161247253418,252700,0.05623764544725418,0.47520775623268696,20.966711044311523,19.754470825195312,8.20161247253418,252549,0.26106858253479004,0.611655559911146,18.302518844604492,17.827775955200195,8.20161247253418,254444,0.29226401448249817,0.6316124569649904,18.302518844604492,17.827775955200195,8.20161247253418,254444,0.29226401448249817,0.6316124569649904,990,909,0.9181818181818182,4,64.0,88.740234375,3990,3049,0.7641604010025063,4,32.0,50.97122573852539,16028,10661,0.6651484901422511,4,16.0,34.19468688964844,18.180574417114258,1.695732831954956,483.4949035644531,257780,0.9833526611328125,257780
photo-0319-18,000195,257199,9.216519355773926,0.0,9.216519355773926,0,,,34.72434616088867,31.55380630493164,9.216519355773926,254156,-0.08591995388269424,0.39805867262626105,26.015605926513672,22.407161712646484,9.216519355773926,249233,-0.018194973468780518,0.4174286711631285,24.132089614868164,21.799985885620117,9.216519355773926,252268,0.22033333778381348,0.5584973123820699,21.80477523803711,20.275598526000977,9.216519355773926,254858,0.2635069787502289,0.6109245148278649,21.80477523803711,20.275598526000977,9.216519355773926,254858,0.2635069787502289,0.6109245148278649,988,866,0.8765182186234818,4,64.0,95.02288818359375,3981,2886,0.7249434815373021,4,32.0,56.511959075927734,15988,9803,0.6131473605203903,4,16.0,36.473419189453125,21.66929054260254,1.4948127269744873,495.0906982421875,257199,0.9811363220214844,257199
photo-0319-18,000196,257275,9.162726402282715,0.0,9.162726402282715,0,,,31.026613235473633,29.356748580932617,9.162726402282715,254317,0.0495782345533371,0.5215066236232733,20.81556510925293,19.400054931640625,9.162726402282715,253860,0.21491417288780212,0.6824194437879146,18.531038284301758,18.125883102416992,9.162726402282715,253936,0.37733209133148193,0.7452940898494109,15.009025573730469,14.942631721496582,9.162726402282715,254506,0.40108874440193176,0.7459706254469443,15.009025573730469,14.942631721496582,9.162726402282715,254506,0.40108874440193176,0.7459706254469443,988,911,0.9220647773279352,4,64.0,85.74612426757812,3983,3257,0.8177253326638212,4,32.0,46.764991760253906,15996,10903,0.6816079019754939,4,16.0,30.655120849609375,14.921224594116211,1.751292109489441,528.8529052734375,257275,0.9814262390136719,257275
photo-0319-18,000197,256826,9.914902687072754,0.0,9.914902687072754,0,,,30.697290420532227,29.840696334838867,9.914902687072754,254232,0.1043994277715683,0.5441486516252871,20.225244522094727,19.15328598022461,9.914902687072754,253052,0.24871525168418884,0.7218279246953195,17.82819366455078,17.97783660888672,9.914902687072754,253228,0.4198002517223358,0.79350229832404,14.605313301086426,15.436777114868164,9.914902687072754,254305,0.4851062297821045,0.8080493895125932,14.605313301086426,15.436777114868164,9.914902687072754,254305,0.4851062297821045,0.8080493895125932,986,898,0.9107505070993914,4,64.0,91.00979614257812,3977,3350,0.8423434749811416,4,32.0,46.72891616821289,15967,10943,0.6853510365128077,4,16.0,29.334325790405273,14.51544189453125,1.8593133687973022,579.7908935546875,256826,0.9797134399414062,256826
photo-0319-18,000198,257202,9.369394302368164,0.0,9.369394302368164,0,,,29.832366943359375,28.113136291503906,9.369394302368164,254754,0.008450586348772049,0.5114934407310582,21.87823486328125,20.225191116333008,9.369394302368164,253911,0.12094224244356155,0.5306347499714467,19.561012268066406,18.97756004333496,9.369394302368164,253264,0.29164665937423706,0.6287036452081622,16.302412033081055,16.2662410736084,9.369394302368164,254882,0.34410712122917175,0.6805541387779444,16.302412033081055,16.2662410736084,9.369394302368164,254882,0.34410712122917175,0.6805541387779444,988,904,0.9149797570850202,4,64.0,84.46004486083984,3985,3155,0.7917189460476788,4,32.0,47.55695724487305,15994,10535,0.6586845066900088,4,16.0,30.956464767456055,16.212337493896484,1.748311996459961,556.1984252929688,257202,0.9811477661132812,257202
photo-0319-18,000199,256832,9.964080810546875,0.0,9.964080810546875,0,,,26.634632110595703,26.09739875793457,9.964080810546875,254227,0.16746863722801208,0.6102616952566013,19.7508602142334,20.205825805664062,9.964080810546875,253285,0.3909994661808014,0.8527153206861835,17.433225631713867,18.895204544067383,9.964080810546875,253596,0.5267329812049866,0.9004637297118251,14.1947603225708,16.019296646118164,9.964080810546875,254428,0.61014723777771,0.9276534029273508,14.1947603225708,16.019296646118164,9.964080810546875,254428,0.61014723777771,0.9276534029273508,986,952,0.9655172413793104,4,64.0,77.2026596069336,3976,3293,0.8282193158953722,4,32.0,42.66603088378906,15966,11127,0.6969184517098835,4,16.0,30.136417388916016,14.11534595489502,1.8287453651428223,579.8432006835938,256832,0.979736328125,256832
photo-0319-25,000000,252671,9.788878440856934,0.0,9.788878440856934,0,,,17.466928482055664,16.443143844604492,9.788878440856934,251339,0.178170844912529,0.6837657506395745,10.166627883911133,11.130376815795898,9.788878440856934,250211,0.401593953371048,0.7482484782843281,8.395634651184082,9.961326599121094,9.788878440856934,250846,0.5016067028045654,0.7717802954800953,7.3238844871521,9.34726619720459,9.788878440856934,250174,0.5857032537460327,0.8223996098715294,7.3238844871521,9.34726619720459,9.788878440856934,250174,0.5857032537460327,0.8223996098715294,961,961,1.0,4,64.0,,3906,3906,1.0,4,32.0,,15666,15359,0.9804034214221882,4,16.0,19.3028564453125,7.316964149475098,4.475862503051758,1580.491455078125,252671,0.9638633728027344,252671
photo-0319-25,000001,252026,10.824673652648926,0.0,10.824673652648926,0,,,17.406944274902344,16.325231552124023,10.824673652648926,250405,0.18542928993701935,0.6966035023262315,10.198187828063965,11.191362380981445,10.824673652648926,251518,0.4248148500919342,0.7656748224779141,8.470924377441406,10.070996284484863,10.824673652648926,249698,0.5320205688476562,0.7900704050492996,7.361557960510254,9.547894477844238,10.824673652648926,250456,0.6112848520278931,0.8376920497013447,7.361557960510254,9.547894477844238,10.824673652648926,250456,0.6112848520278931,0.8376920497013447,961,961,1.0,4,64.0,,3906,3906,1.0,4,32.0,,15660,15290,0.9763729246487867,4,16.0,18.802217483520508,7.3677778244018555,3.9515340328216553,1718.0628662109375,252026,0.9614028930664062,252026
photo-0319-25,000002,251644,11.511330604553223,0.0,11.511330604553223,0,,,16.838542938232422,15.782713890075684,11.511330604553223,251129,0.2101561576128006,0.6958415794273063,10.2791109085083,11.554972648620605,11.511330604553223,250271,0.4515089988708496,0.7653143991912766,8.664008140563965,10.546581268310547,11.511330604553223,250590,0.5523614883422852,0.8012530428189473,7.332551002502441,9.677807807922363,11.511330604553223,250325,0.6313409209251404,0.844254469190053,7.332551002502441,9.677807807922363,11.511330604553223,250325,0.6313409209251404,0.844254469190053,961,961,1.0,4,64.0,,3906,3906,1.0,4,32.0,,15648,15243,0.9741180981595092,4,16.0,19.17127799987793,7.3405866622924805,4.218683242797852,1804.5032958984375,251644,0.9599456787109375,251644
photo-0319-25,000003,252195,10.904067039489746,0.0,10.904067039489746,0,,,16.804365158081055,15.44106674194336,10.904067039489746,250562,0.1810433715581894,0.6691836750983788,10.601208686828613,11.288244247436523,10.904067039489746,250751,0.40628716349601746,0.741715885480018,8.724724769592285,10.041105270385742,10.904067039489746,249624,0.5216109752655029,0.7840391949492036,7.536649227142334,9.184341430664062,10.904067039489746,249670,0.5908352732658386,0.8233227860776224,7.536649227142334,9.184341430664062,10.904067039489746,249670,0.5908352732658386,0.8233227860776224,961,961,1.0,4,64.0,,3906,3906,1.0,4,32.0,,15743,15398,0.9780854983167122,4,16.0,19.603425979614258,7.534420013427734,3.6474711894989014,1735.2928466796875,252195,0.9620475769042969,252195
photo-0319-25,000004,252504,10.304800987243652,0.0,10.304800987243652,0,,,17.01480484008789,15.746152877807617,10.304800987243652,251404,0.15341296792030334,0.6597508392865666,10.424317359924316,11.011871337890625,10.304800987243652,251372,0.38109123706817627,0.7321937208599207,8.365694046020508,9.64208984375,10.304800987243652,251296,0.49236810207366943,0.7693278046606392,7.2753586769104,8.858846664428711,10.304800987243652,249119,0.5683668851852417,0.8104600612558657,7.2753586769104,8.858846664428711,10.304800987243652,249119,0.5683668851852417,0.8104600612558657,961,961,1.0,4,64.0,,3906,3906,1.0,4,32.0,,15750,15542,0.9867936507936508,4,16.0,20.726314544677734,7.276979446411133,4.440815448760986,1656.628173828125,252504,0.963226318359375,252504
photo-0319-25,000005,252068,10.929305076599121,0.0,10.929305076599121,0,,,17.013450622558594,15.211581230163574,10.929305076599121,250069,0.14932450652122498,0.6530197665444337,10.184203147888184,10.796091079711914,10.929305076599121,247568,0.43831580877304077,0.7562164738576875,8.327552795410156,9.71341609954834,10.929305076599121,249353,0.5589403510093689,0.800808492378275,7.16830587387085,8.992012977600098,10.929305076599121,249547,0.6291142106056213,0.8398898804633996,7.16830587387085,8.992012977600098,10.929305076599121,249547,0.6291142106056213,0.8398898804633996,961,961,1.0,4,64.0,,3906,3906,1.0,4,32.0,,15750,15454,0.9812063492063492,4,16.0,19.96564292907715,7.16814661026001,3.9945478439331055,1741.5406494140625,252068,0.9615631103515625,252068
photo-0319-25,000006,252618,9.966509819030762,0.0,9.966509819030762,0,,,17.107633590698242,15.392874717712402,9.966509819030762,251040,0.10810520499944687,0.6393642447418738,10.256589889526367,10.582747459411621,9.966509819030762,248262,0.3777354955673218,0.7305064810563034,8.14914321899414,9.089181900024414,9.966509819030762,248765,0.49203962087631226,0.7663698671436898,7.066867351531982,8.336878776550293,9.966509819030762,250375,0.5456416010856628,0.7899870194707939,7.066867351531982,8.336878776550293,9.966509819030762,250375,0.5456416010856628,0.7899870194707939,961,961,1.0,4,64.0,,3906,3906,1.0,4,32.0,,15750,15555,0.9876190476190476,4,16.0,20.574268341064453,7.068366527557373,4.326627731323242,1621.23583984375,252618,0.9636611938476562,252618
photo-0319-25,000007,252063,11.492810249328613,0.0,11.492810249328613,0,,,18.239973068237305,15.75456714630127,11.492810249328613,249355,0.13105617463588715,0.6432235166730164,11.176969528198242,10.616037368774414,11.492810249328613,246301,0.40371033549308777,0.744885323242699,8.93818473815918,9.04985523223877,11.492810249328613,247490,0.5500677824020386,0.7953735504464827,7.544794082641602,8.156241416931152,11.492810249328613,244794,0.6796988844871521,0.8587873885797854,7.544794082641602,8.156241416931152,11.492810249328613,244794,0.6796988844871521,0.8587873885797854,961,961,1.0,4,64.0,,3906,3906,1.0,4,32.0,,15682,15129,0.9647366407346002,4,16.0,19.89674949645996,7.538336277008057,3.8112759590148926,1784.6265869140625,252063,0.9615440368652344,252063
photo-0319-25,000008,251536,12.090299606323242,0.0,12.090299606323242,0,,,16.927366256713867,14.858428955078125,12.090299606323242,249513,0.2266555279493332,0.6687387029934312,9.7659330368042,10.68112564086914,12.090299606323242,248821,0.5253720879554749,0.7858420310182822,8.108809471130371,9.161482810974121,12.090299606323242,246592,0.6130773425102234,0.8260689722294317,7.378181457519531,8.549476623535156,12.090299606323242,246245,0.6842768788337708,0.8578813783020975,7.378181457519531,8.549476623535156,12.090299606323242,246245,0.6842768788337708,0.8578813783020975,961,961,1.0,4,64.0,,3906,3906,1.0,4,32.0,,15624,15398,0.9855350742447516,4,16.0,19.10995864868164,7.370084762573242,3.7133572101593018,1869.34130859375,251536,0.95953369140625,251536
photo-0319-25,000009,252086,11.397758483886719,0.0,11.397758483886719,0,,,18.424121856689453,18.046762466430664,11.397758483886719,251126,0.29958781599998474,0.7153261709261486,10.463273048400879,11.531424522399902,11.397758483886719,245401,0.5496931672096252,0.8289493522846281,8.94078540802002,9.565107345581055,11.397758483886719,245920,0.5915021300315857,0.8364671437865973,7.934060573577881,8.491169929504395,11.397758483886719,247301,0.6103980541229248,0.8387390265304224,7.934060573577881,8.491169929504395,11.397758483886719,247301,0.6103980541229248,0.8387390265304224,961,960,0.9989594172736732,4,64.0,64.56288146972656,3906,3906,1.0,4,32.0,,15745,15241,0.9679898380438234,4,16.0,20.61577606201172,7.934364318847656,3.9517836570739746,1769.875244140625,252086,0.9616317749023438,252086
photo-0319-25,000010,251742,12.02001953125,0.0,12.02001953125,0,,,19.541244506835938,19.023340225219727,12.02001953125,250955,0.2729654610157013,0.7054013667789046,11.594894409179688,13.406949996948242,12.02001953125,246254,0.5469894409179688,0.813257855709958,9.703725814819336,11.100300788879395,12.02001953125,246880,0.5971754789352417,0.8305776085547635,8.217357635498047,9.796751976013184,12.02001953125,247811,0.6558721661567688,0.8460843142556222,8.217357635498047,9.796751976013184,12.02001953125,247811,0.6558721661567688,0.8460843142556222,961,961,1.0,4,64.0,,3906,3906,1.0,4,32.0,,15624,14838,0.9496927803379416,4,16.0,21.3519344329834,8.209545135498047,3.479538679122925,1862.9375,251742,0.9603195190429688,251742
photo-0319-25,000011,251857,11.958150863647461,0.0,11.958150863647461,0,,,18.671070098876953,18.737112045288086,11.958150863647461,250911,0.3340092897415161,0.7310480608662036,11.395100593566895,13.628923416137695,11.958150863647461,249264,0.5795205235481262,0.8271591565569035,9.566046714782715,11.236993789672852,11.958150863647461,247230,0.6278585195541382,0.8421591230837682,8.050639152526855,9.574071884155273,11.958150863647461,247405,0.6672932505607605,0.8490693397465694,8.050639152526855,9.574071884155273,11.958150863647461,247405,0.6672932505607605,0.8490693397465694,961,961,1.0,4,64.0,,3906,3906,1.0,4,32.0,,15643,14856,0.9496899571693409,4,16.0,21.71786880493164,8.050809860229492,3.9299654960632324,1846.5721435546875,251857,0.9607582092285156,251857
photo-0319-25,000012,252282,11.356422424316406,0.0,11.356422424316406,0,,,17.541122436523438,16.50586700439453,11.356422424316406,249918,0.25628140568733215,0.6866812314439136,11.342684745788574,12.495649337768555,11.356422424316406,249572,0.5118838548660278,0.7762048627249851,9.321189880371094,10.295751571655273,11.356422424316406,247343,0.5861221551895142,0.8131420739620688,8.101871490478516,9.01005744934082,11.356422424316406,246494,0.6548619866371155,0.8520775353558302,8.101871490478516,9.01005744934082,11.356422424316406,246494,0.6548619866371155,0.8520775353558302,961,961,1.0,4,64.0,,3906,3906,1.0,4,32.0,,15745,15165,0.9631629088599556,4,16.0,20.707704544067383,8.099737167358398,4.031712055206299,1775.86328125,252282,0.9623794555664062,252282
photo-0319-25,000013,252076,11.992219924926758,0.0,11.992219924926758,0,,,17.440752029418945,16.26905632019043,11.992219924926758,250515,0.30576181411743164,0.6851046843502385,11.703672409057617,12.89751148223877,11.992219924926758,251880,0.5727916359901428,0.7885818643798634,9.522391319274902,10.626933097839355,11.992219924926758,251408,0.6451760530471802,0.8354308534334627,8.128863334655762,9.165027618408203,11.992219924926758,249014,0.7358668446540833,0.8846811825841118,8.128863334655762,9.165027618408203,11.992219924926758,249014,0.7358668446540833,0.8846811825841118,961,961,1.0,4,64.0,,3906,3906,1.0,4,32.0,,15670,14814,0.9453733248245054,4,16.0,21.106586456298828,8.117293357849121,4.009408473968506,1819.7530517578125,252076,0.9615936279296875,252076
photo-0319-25,000014,252174,11.837646484375,0.0,11.837646484375,0,,,16.719396591186523,15.944376945495605,11.837646484375,251016,0.347449392080307,0.6990669917455461,11.075222969055176,12.76391887664795,11.837646484375,251984,0.5933347940444946,0.8000627023938027,9.142862319946289,10.530513763427734,11.837646484375,250746,0.6567896008491516,0.8421749499493512,7.966055870056152,9.188615798950195,11.837646484375,248048,0.719571053981781,0.8787573372895569,7.966055870056152,9.188615798950195,11.837646484375,248048,0.719571053981781,0.8787573372895569,961,961,1.0,4,64.0,,3906,3906,1.0,4,32.0,,15670,14951,0.9541161455009572,4,16.0,20.618261337280273,7.9553728103637695,3.386996030807495,1819.9854736328125,252174,0.9619674682617188,252174
photo-0319-25,000015,252325,11.627671241760254,0.0,11.627671241760254,0,,,14.691139221191406,14.365402221679688,11.627671241760254,251181,0.41352415084838867,0.7244616431975348,9.777079582214355,12.039121627807617,11.627671241760254,252183,0.6487852334976196,0.8409528001490981,8.152974128723145,9.886402130126953,11.627671241760254,247533,0.7287178039550781,0.894862503181394,7.136166572570801,8.705093383789062,11.627671241760254,249846,0.7788243889808655,0.9207111580733732,7.136166572570801,8.705093383789062,11.627671241760254,249846,0.7788243889808655,0.9207111580733732,961,961,1.0,4,64.0,,3906,3906,1.0,4,32.0,,15685,15262,0.9730315588141536,4,16.0,20.207672119140625,7.125824928283691,3.678166389465332,1772.2646484375,252325,0.9625434875488281,252325
photo-0319-25,000016,252554,11.228893280029297,0.0,11.228893280029297,0,,,14.874693870544434,14.488311767578125,11.228893280029297,251281,0.4356665015220642,0.7632371727269471,9.266287803649902,11.873353958129883,11.228893280029297,252407,0.6767421960830688,0.8813067783381602,7.775707721710205,9.749470710754395,11.228893280029297,247972,0.7479830384254456,0.9287782491571629,7.027557849884033,8.651297569274902,11.228893280029297,250060,0.781766951084137,0.9455210749420139,7.027557849884033,8.651297569274902,11.228893280029297,250060,0.781766951084137,0.9455210749420139,961,961,1.0,4,64.0,,3906,3906,1.0,4,32.0,,15708,15299,0.9739623121976063,4,16.0,19.789411544799805,7.0130228996276855,3.6468029022216797,1728.3277587890625,252554,0.9634170532226562,252554
photo-0319-25,000017,251702,12.412747383117676,0.0,12.412747383117676,0,,,14.683831214904785,15.305801391601562,12.412747383117676,250953,0.5271825194358826,0.8583041446007819,7.692931175231934,11.758807182312012,12.412747383117676,250113,0.7855857610702515,0.9412545529420702,6.717337131500244,10.36800479888916,12.412747383117676,249267,0.8670194745063782,0.9824926685040539,6.315467357635498,9.519972801208496,12.412747383117676,249601,0.8732090592384338,0.9827404537642077,6.315467357635498,9.519972801208496,12.412747383117676,249601,0.8732090592384338,0.9827404537642077,961,961,1.0,4,64.0,,3906,3906,1.0,4,32.0,,15645,15375,0.9827420901246404,4,16.0,19.490278244018555,6.309040069580078,3.461768388748169,1836.3466796875,251702,0.9601669311523438,251702
photo-0319-25,000018,251629,12.618282318115234,0.0,12.618282318115234,0,,,15.058415412902832,15.616968154907227,12.618282318115234,250985,0.5289700031280518,0.8507639898798733,8.799725532531738,12.859325408935547,12.618282318115234,250515,0.7529691457748413,0.9239127397561024,7.190798759460449,11.320321083068848,12.618282318115234,249792,0.8772448897361755,0.9843990199846272,6.474221706390381,10.425395011901855,12.618282318115234,250180,0.8982172608375549,0.9937564953233672,6.474221706390381,10.425395011901855,12.618282318115234,250180,0.8982172608375549,0.9937564953233672,961,961,1.0,4,64.0,,3906,3906,1.0,4,32.0,,15637,15167,0.9699430837117095,4,16.0,19.11440658569336,6.469379901885986,2.9431982040405273,1856.26123046875,251629,0.9598884582519531,251629
photo-0319-25,000019,250706,14.01215934753418,0.0,14.01215934753418,0,,,15.878425598144531,15.733287811279297,14.01215934753418,249490,0.5097559094429016,0.8094512806124494,9.005867958068848,12.9152250289917,14.01215934753418,249002,0.765335738658905,0.9252576284527835,7.364972114562988,11.921758651733398,14.01215934753418,249046,0.888870120048523,0.9871911213189531,6.707204818725586,11.57104206085205,14.01215934753418,250706,0.9219112396240234,0.9993737684778187,6.707204818725586,11.57104206085205,14.01215934753418,250706,0.9219112396240234,0.9993737684778187,961,961,1.0,4,64.0,,3906,3906,1.0,4,32.0,,15587,14904,0.9561814332456534,4,16.0,19.530029296875,6.701611518859863,2.671318769454956,2003.3046875,250706,0.9563674926757812,250706
photo-0319-25,000020,250867,13.80269718170166,0.0,13.80269718170166,0,,,17.670358657836914,18.35249900817871,13.80269718170166,249717,0.5010293126106262,0.8108578911327623,11.174782752990723,14.617344856262207,13.80269718170166,250282,0.7043024301528931,0.9107007295770371,8.622424125671387,12.597101211547852,13.80269718170166,249724,0.8347296118736267,0.9672198106709807,7.095513343811035,11.500956535339355,13.80269718170166,250753,0.8680925369262695,0.9698547973503806,7.095513343811035,11.500956535339355,13.80269718170166,250753,0.8680925369262695,0.9698547973503806,961,961,1.0,4,64.0,,3906,3906,1.0,4,32.0,,15608,14707,0.9422731932342389,4,16.0,20.747272491455078,7.087059497833252,2.92191481590271,2003.2342529296875,250867,0.9569816589355469,250867
photo-0319-25,000021,250873,13.424830436706543,0.0,13.424830436706543,0,,,16.851770401000977,16.531085968017578,13.424830436706543,250010,0.46562814712524414,0.7892764289428423,10.232304573059082,12.455876350402832,13.424830436706543,249905,0.7130599617958069,0.8883135591524779,8.159289360046387,10.99201774597168,13.424830436706543,248184,0.839753270149231,0.9583454211391548,7.1252923011779785,10.265924453735352,13.424830436706543,247944,0.8854535818099976,0.9795115025973606,7.1252923011779785,10.265924453735352,13.424830436706543,247944,0.8854535818099976,0.9795115025973606,961,961,1.0,4,64.0,,3905,3905,1.0,4,32.0,,15562,15025,0.9654928672407146,4,16.0,18.89391326904297,7.112604141235352,3.2788596153259277,1925.683349609375,250873,0.9570045471191406,250873
photo-0319-25,000022,250698,13.628023147583008,0.0,13.628023147583008,0,,,16.71254539489746,16.81710433959961,13.628023147583008,248727,0.5094772577285767,0.8113152170853989,9.872943878173828,13.188873291015625,13.628023147583008,248473,0.7566171288490295,0.9031081847927139,8.026034355163574,11.524591445922852,13.628023147583008,248655,0.8631019592285156,0.9633226759968632,7.098987102508545,10.53222942352295,13.628023147583008,246622,0.9001769423484802,0.9892629205829163,7.098987102508545,10.53222942352295,13.628023147583008,246622,0.9001769423484802,0.9892629205829163,961,961,1.0,4,64.0,,3899,3899,1.0,4,32.0,,15549,14886,0.9573606019679722,4,16.0,19.656585693359375,7.096506118774414,3.0367653369903564,1939.5633544921875,250698,0.9563369750976562,250698
photo-0319-25,000023,250967,13.09626293182373,0.0,13.09626293182373,0,,,16.294397354125977,17.35380744934082,13.09626293182373,250244,0.5454212427139282,0.8329030865874906,9.997355461120605,13.916077613830566,13.09626293182373,250113,0.735324501991272,0.8891900860810914,8.392230987548828,11.778573036193848,13.09626293182373,247327,0.8262989521026611,0.9391453419966279,7.419011116027832,10.251620292663574,13.09626293182373,249193,0.8263458609580994,0.9264265047573568,7.419011116027832,10.251620292663574,13.09626293182373,249193,0.8263458609580994,0.9264265047573568,961,961,1.0,4,64.0,,3906,3906,1.0,4,32.0,,15500,14693,0.9479354838709677,4,16.0,21.29806137084961,7.395141124725342,3.2106757164001465,1866.79345703125,250967,0.9573631286621094,250967
photo-0319-25,000024,250152,14.080704689025879,0.0,14.080704689025879,0,,,16.59242057800293,15.436293601989746,14.080704689025879,249050,0.3730314075946808,0.7496687412166232,7.4255876541137695,12.509594917297363,14.080704689025879,249206,0.8509156107902527,0.963885299711885,6.859478950500488,11.75299072265625,14.080704689025879,250152,0.8925438523292542,0.9872917266302088,6.5006022453308105,11.093057632446289,14.080704689025879,249336,0.8875294327735901,0.9865763467770399,6.5006022453308105,11.093057632446289,14.080704689025879,249336,0.8875294327735901,0.9865763467770399,961,961,1.0,4,64.0,,3853,3853,1.0,4,32.0,,15515,15121,0.9746052207541089,4,16.0,19.672626495361328,6.493988513946533,2.853715658187866,1914.8387451171875,250152,0.954254150390625,250152
photo-0319-25,000025,250474,13.505119323730469,0.0,13.505119323730469,0,,,16.357254028320312,16.12662696838379,13.505119323730469,246793,0.4654868543148041,0.8089937721086092,9.008698463439941,13.342158317565918,13.505119323730469,248998,0.7708761096000671,0.9189391079446422,7.789502143859863,12.007406234741211,13.505119323730469,249246,0.8490335941314697,0.9607937539619492,7.11725378036499,10.995433807373047,13.505119323730469,248653,0.8376861810684204,0.9417421064696585,7.11725378036499,10.995433807373047,13.505119323730469,248653,0.8376861810684204,0.9417421064696585,961,961,1.0,4,64.0,,3844,3844,1.0,4,32.0,,15527,15011,0.9667675661750499,4,16.0,20.3002872467041,7.103122711181641,3.0784685611724854,1870.0338134765625,250474,0.9554824829101562,250474
photo-0319-25,000026,250152,13.892861366271973,0.0,13.892861366271973,0,,,17.886442184448242,19.002208709716797,13.892861366271973,248256,0.5059584975242615,0.8578725186903842,8.953107833862305,12.941877365112305,13.892861366271973,249565,0.8048067092895508,0.983439184180474,7.741452693939209,12.095736503601074,13.892861366271973,250152,0.868377149105072,0.9973935847005021,6.948446273803711,11.179228782653809,13.892861366271973,249770,0.8764520883560181,0.9989990791528206,6.948446273803711,11.179228782653809,13.892861366271973,249770,0.8764520883560181,0.9989990791528206,961,961,1.0,4,64.0,,3844,3844,1.0,4,32.0,,15512,14610,0.9418514698298092,4,16.0,22.60898780822754,6.9275288581848145,2.899437189102173,1885.404541015625,250152,0.954254150390625,250152
photo-0319-25,000027,249500,14.457605361938477,0.0,14.457605361938477,0,,,17.831066131591797,17.15859603881836,14.457605361938477,247365,0.4206079840660095,0.792044145291371,9.045416831970215,12.985234260559082,14.457605361938477,249235,0.7594677209854126,0.9475394707805886,7.71465539932251,12.203062057495117,14.457605361938477,249379,0.8385185599327087,0.9684135392314509,7.231006145477295,11.943601608276367,14.457605361938477,248534,0.8265587687492371,0.9484537326884853,7.231006145477295,11.943601608276367,14.457605361938477,248534,0.8265587687492371,0.9484537326884853,961,961,1.0,4,64.0,,3844,3844,1.0,4,32.0,,15500,14830,0.9567741935483871,4,16.0,19.65508460998535,7.218164443969727,3.1709377765655518,1918.5694580078125,249500,0.9517669677734375,249500
photo-0319-25,000028,249365,14.722312927246094,0.0,14.722312927246094,0,,,17.188518524169922,15.191295623779297,14.722312927246094,247912,0.32289284467697144,0.721856949240053,8.477760314941406,12.657421112060547,14.722312927246094,248662,0.7617650032043457,0.9339143093838222,7.510865688323975,12.241880416870117,14.722312927246094,249231,0.8356248736381531,0.9641778109464714,7.154140949249268,12.145931243896484,14.722312927246094,248250,0.8321718573570251,0.9518308157099697,7.154140949249268,12.145931243896484,14.722312927246094,248250,0.8321718573570251,0.9518308157099697,961,961,1.0,4,64.0,,3844,3844,1.0,4,32.0,,15467,14935,0.96560418956488,4,16.0,18.63380241394043,7.138306140899658,3.083207368850708,1923.3865966796875,249365,0.9512519836425781,249365
photo-0319-25,000029,249959,13.971457481384277,0.0,13.971457481384277,0,,,18.92068099975586,18.865619659423828,13.971457481384277,248114,0.30561453104019165,0.7073724175177539,9.918684959411621,14.334953308105469,13.971457481384277,249604,0.6435778141021729,0.8402349321324979,8.358746528625488,12.921493530273438,13.971457481384277,248325,0.7504796981811523,0.9013067552602436,7.295439720153809,11.958044052124023,13.971457481384277,247923,0.7651183605194092,0.903490196552962,7.295439720153809,11.958044052124023,13.971457481384277,247923,0.7651183605194092,0.903490196552962,961,961,1.0,4,64.0,,3844,3844,1.0,4,32.0,,15576,14877,0.9551232665639445,4,16.0,21.044815063476562,7.294665336608887,2.80694842338562,1883.9620361328125,249959,0.9535179138183594,249959
photo-0319-25,000030,249001,15.251832962036133,0.0,15.251832962036133,0,,,17.946550369262695,17.17982292175293,15.251832962036133,248107,0.3349210321903229,0.7263841810186734,8.469989776611328,13.698939323425293,15.251832962036133,248682,0.7642848491668701,0.9208185554241963,7.461787223815918,13.138870239257812,15.251832962036133,248425,0.8398836255073547,0.9598269095300392,6.91517972946167,12.846677780151367,15.251832962036133,247938,0.8405656814575195,0.953044712791101,6.91517972946167,12.846677780151367,15.251832962036133,247938,0.8405656814575195,0.953044712791101,961,961,1.0,4,64.0,,3844,3844,1.0,4,32.0,,15376,14920,0.9703433922996878,4,16.0,18.799705505371094,6.911332130432129,2.986037492752075,1950.666748046875,249001,0.9498634338378906,249001
photo-0319-25,000031,249001,15.399190902709961,0.0,15.399190902709961,0,,,16.07560920715332,16.477689743041992,15.399190902709961,247189,0.42617520689964294,0.7591276310839075,8.972421646118164,14.163042068481445,15.399190902709961,246804,0.7737486362457275,0.9243650832239347,7.7134108543396,13.272480010986328,15.399190902709961,248359,0.8516666293144226,0.9642895969141444,7.071587562561035,12.973750114440918,15.399190902709961,247276,0.865713357925415,0.9651846519678416,7.071587562561035,12.973750114440918,15.399190902709961,247276,0.865713357925415,0.9651846519678416,961,961,1.0,4,64.0,,3844,3844,1.0,4,32.0,,15376,15025,0.9771722164412071,4,16.0,17.941301345825195,7.070582866668701,3.1001763343811035,1966.9248046875,249001,0.9498634338378906,249001
photo-0319-25,000032,248567,15.923315048217773,0.0,15.923315048217773,0,,,15.892660140991211,14.86709213256836,15.923315048217773,247626,0.3628952205181122,0.7270682400071075,8.344497680664062,14.125893592834473,15.923315048217773,247678,0.7679015398025513,0.9158625311896899,7.196239948272705,13.880759239196777,15.923315048217773,248133,0.85272616147995,0.9673924870936151,6.658315181732178,13.98058032989502,15.923315048217773,247702,0.8616385459899902,0.9583007000347191,6.658315181732178,13.98058032989502,15.923315048217773,247702,0.8616385459899902,0.9583007000347191,961,961,1.0,4,64.0,,3844,3844,1.0,4,32.0,,15453,15030,0.9726266744321491,4,16.0,18.209640502929688,6.668341159820557,2.9741570949554443,1967.150390625,248567,0.9482078552246094,248567
photo-0319-25,000033,248456,16.13334083557129,0.0,16.13334083557129,0,,,14.958045959472656,15.300041198730469,16.13334083557129,247730,0.47939807176589966,0.7909054212247204,8.817584991455078,14.166084289550781,16.13334083557129,247187,0.7662879228591919,0.910545457487651,7.391098499298096,13.775168418884277,16.13334083557129,247995,0.8585147261619568,0.9658823766608198,6.846548080444336,13.6910982131958,16.13334083557129,246724,0.8841419219970703,0.9737844717173846,6.846548080444336,13.6910982131958,16.13334083557129,246724,0.8841419219970703,0.9737844717173846,961,961,1.0,4,64.0,,3844,3844,1.0,4,32.0,,15441,15103,0.9781102260216307,4,16.0,17.912363052368164,6.849442958831787,2.696765899658203,1982.3612060546875,248456,0.947784423828125,248456
photo-0319-25,000034,248813,15.626091957092285,0.0,15.626091957092285,0,,,15.210357666015625,15.355724334716797,15.626091957092285,247193,0.47377830743789673,0.7809403987977006,7.105593204498291,14.381711959838867,15.626091957092285,248466,0.8393263220787048,0.9502789114003526,6.28432559967041,13.757124900817871,15.626091957092285,248196,0.8959314823150635,0.9825460523134941,5.962945938110352,13.543106079101562,15.626091957092285,246582,0.8945358991622925,0.9743939135865554,5.962945938110352,13.543106079101562,15.626091957092285,246582,0.8945358991622925,0.9743939135865554,961,961,1.0,4,64.0,,3844,3844,1.0,4,32.0,,15478,15230,0.9839772580436749,4,16.0,17.381092071533203,5.9664835929870605,2.6363909244537354,1920.867919921875,248813,0.9491462707519531,248813
photo-0319-25,000035,247964,16.817676544189453,0.0,16.817676544189453,0,,,15.571701049804688,16.013120651245117,16.817676544189453,247320,0.5390758514404297,0.8361313278343846,7.518803596496582,14.8693208694458,16.817676544189453,247499,0.8589591383934021,0.9668321892209666,6.675485610961914,14.456546783447266,16.817676544189453,247878,0.91312175989151,0.9907575500851226,6.357343673706055,14.292810440063477,16.817676544189453,246317,0.9248780608177185,0.996796810613965,6.357343673706055,14.292810440063477,16.817676544189453,246317,0.9248780608177185,0.996796810613965,961,961,1.0,4,64.0,,3844,3844,1.0,4,32.0,,15407,15002,0.9737132472252872,4,16.0,18.185787200927734,6.356464385986328,2.0800881385803223,2032.545166015625,247964,0.9459075927734375,247964
photo-0319-25,000036,248606,16.014612197875977,0.0,16.014612197875977,0,,,15.310531616210938,20.74679183959961,16.014612197875977,248509,0.7321767210960388,0.9393261411055536,8.506948471069336,16.33449363708496,16.014612197875977,248035,0.8327675461769104,0.9623561190960953,7.296298980712891,15.232462882995605,16.014612197875977,247532,0.8907757997512817,0.9873309309503417,6.617300033569336,14.459585189819336,16.014612197875977,244461,0.9124241471290588,0.9908369842224322,6.617300033569336,14.459585189819336,16.014612197875977,244461,0.9124241471290588,0.9908369842224322,961,961,1.0,4,64.0,,3844,3844,1.0,4,32.0,,15447,15017,0.9721628795235321,4,16.0,18.012060165405273,6.612204551696777,2.7436680793762207,1960.4842529296875,248606,0.9483566284179688,248606
photo-0319-25,000037,249018,15.313806533813477,0.0,15.313806533813477,0,,,15.570472717285156,18.428131103515625,15.313806533813477,248699,0.6084073781967163,0.8769114471710783,8.599555015563965,15.295019149780273,15.313806533813477,248350,0.7974899411201477,0.9350956311656936,7.309900760650635,14.125235557556152,15.313806533813477,247288,0.8593844771385193,0.9635040923942932,6.687760353088379,13.330948829650879,15.313806533813477,245727,0.8705424070358276,0.9548401274585211,6.687760353088379,13.330948829650879,15.313806533813477,245727,0.8705424070358276,0.9548401274585211,961,961,1.0,4,64.0,,3844,3844,1.0,4,32.0,,15461,15203,0.9833128516913524,4,16.0,17.387449264526367,6.695851802825928,3.162338972091675,1947.8553466796875,249018,0.9499282836914062,249018
photo-0319-25,000038,247924,16.98056411743164,0.0,16.98056411743164,0,,,14.418105125427246,17.150014877319336,16.98056411743164,247107,0.6929583549499512,0.906154014252935,7.708548069000244,15.133718490600586,16.98056411743164,246917,0.8631858229637146,0.9692042265214627,7.084085464477539,14.710445404052734,16.98056411743164,247515,0.9035752415657043,0.9886915944488213,6.497263431549072,14.339320182800293,16.98056411743164,246734,0.9271903038024902,0.9941434905606847,6.497263431549072,14.339320182800293,16.98056411743164,246734,0.9271903038024902,0.9941434905606847,961,961,1.0,4,64.0,,3844,3844,1.0,4,32.0,,15405,14951,0.9705290490100617,4,16.0,17.940473556518555,6.493229866027832,2.182788610458374,2024.6085205078125,247924,0.9457550048828125,247924
photo-0319-25,000039,248518,16.06842041015625,0.0,16.06842041015625,0,,,15.132383346557617,19.47974967956543,16.06842041015625,247821,0.6956148147583008,0.9182232337049725,7.605808734893799,15.076558113098145,16.06842041015625,247772,0.8554607033729553,0.966315806467236,6.78538179397583,14.31045913696289,16.06842041015625,247218,0.8914476037025452,0.979281443907806,6.187402248382568,13.680939674377441,16.06842041015625,244875,0.9053162336349487,0.977858090862685,6.187402248382568,13.680939674377441,16.06842041015625,244875,0.9053162336349487,0.977858090862685,961,961,1.0,4,64.0,,3844,3844,1.0,4,32.0,,15440,15108,0.9784974093264248,4,16.0,17.563983917236328,6.198290824890137,2.4884166717529297,1990.367919921875,248518,0.9480209350585938,248518
photo-0319-25,000040,247944,16.89402198791504,0.0,16.89402198791504,0,,,13.2400541305542,17.594966888427734,16.89402198791504,247474,0.7434942126274109,0.9185126518341321,6.732603073120117,15.969496726989746,16.89402198791504,247944,0.9180358052253723,0.9975518665505114,6.460876941680908,15.321606636047363,16.89402198791504,247944,0.9286592602729797,1.0,6.096108913421631,14.742392539978027,16.89402198791504,246706,0.936195969581604,0.9944184575973021,6.096108913421631,14.742392539978027,16.89402198791504,246706,0.936195969581604,0.9944184575973021,961,961,1.0,4,64.0,,3844,3844,1.0,4,32.0,,15403,14869,0.9653314289424139,4,16.0,18.010459899902344,6.0979743003845215,2.322110414505005,2039.4202880859375,247944,0.945831298828125,247944
photo-0319-25,000041,247877,16.981096267700195,0.0,16.981096267700195,0,,,15.5612154006958,20.898563385009766,16.981096267700195,247854,0.7317835092544556,0.9236042186125702,7.703914642333984,16.269289016723633,16.981096267700195,247877,0.8892398476600647,1.0,6.975762367248535,15.468849182128906,16.981096267700195,247877,0.9122499227523804,1.0,6.29455041885376,15.008103370666504,16.981096267700195,247264,0.9345573782920837,0.9993448298175229,6.29455041885376,15.008103370666504,16.981096267700195,247264,0.9345573782920837,0.9993448298175229,961,961,1.0,4,64.0,,3840,3840,1.0,4,32.0,,15401,14418,0.9361729757807935,4,16.0,18.16998291015625,6.29592227935791,2.1292333602905273,2076.577880859375,247877,0.9455757141113281,247877
photo-0319-25,000042,248208,16.46994972229004,0.0,16.46994972229004,0,,,14.699687004089355,17.214553833007812,16.46994972229004,246579,0.6063789129257202,0.8520798608153979,8.811274528503418,14.871377944946289,16.46994972229004,247692,0.8124619126319885,0.9464576974629783,7.7393412590026855,14.302603721618652,16.46994972229004,246279,0.8624731302261353,0.9720763849130458,6.973208427429199,14.033246040344238,16.46994972229004,245054,0.8786601424217224,0.9624939809184915,6.973208427429199,14.033246040344238,16.46994972229004,245054,0.8786601424217224,0.9624939809184915,961,961,1.0,4,64.0,,3844,3844,1.0,4,32.0,,15433,14596,0.9457655672908702,4,16.0,17.813457489013672,6.972625732421875,2.266934633255005,2094.7255859375,248208,0.94683837890625,248208
photo-0319-25,000043,248550,16.055200576782227,0.0,16.055200576782227,0,,,15.004886627197266,17.70479965209961,16.055200576782227,247533,0.5427200198173523,0.8231791316713327,8.913742065429688,15.175593376159668,16.055200576782227,247543,0.761017918586731,0.9062223532881156,7.727004528045654,14.385772705078125,16.055200576782227,247807,0.8097723722457886,0.942862792415065,7.0271148681640625,13.97052001953125,16.055200576782227,246694,0.8242833614349365,0.9352639302131386,7.0271148681640625,13.97052001953125,16.055200576782227,246694,0.8242833614349365,0.9352639302131386,961,961,1.0,4,64.0,,3845,3845,1.0,4,32.0,,15446,14815,0.9591479994820665,4,16.0,17.73001480102539,7.02390193939209,2.2593495845794678,2036.6617431640625,248550,0.9481430053710938,248550
photo-0319-25,000044,248592,15.909706115722656,0.0,15.909706115722656,0,,,15.392431259155273,17.767738342285156,15.909706115722656,248281,0.5529047250747681,0.8279530048614272,8.999778747558594,14.516984939575195,15.909706115722656,248125,0.7531000375747681,0.9146962216624686,7.838344097137451,13.59716796875,15.909706115722656,246460,0.8143659234046936,0.9483202142335471,7.079102993011475,13.164033889770508,15.909706115722656,247268,0.8227187991142273,0.9319887733147839,7.079102993011475,13.164033889770508,15.909706115722656,247268,0.8227187991142273,0.9319887733147839,961,961,1.0,4,64.0,,3844,3844,1.0,4,32.0,,15455,14831,0.9596247169200905,4,16.0,17.901308059692383,7.07902193069458,2.3173165321350098,2031.614501953125,248592,0.94830322265625,248592
photo-0319-25,000045,248189,16.3964786529541,0.0,16.3964786529541,0,,,15.035772323608398,17.615434646606445,16.3964786529541,247279,0.600784182548523,0.8606998572462684,9.177183151245117,14.717576026916504,16.3964786529541,247546,0.7687822580337524,0.9267368489088896,7.9748687744140625,13.901040077209473,16.3964786529541,247844,0.8336235880851746,0.9594139862171366,7.183207988739014,13.388818740844727,16.3964786529541,246765,0.8555240035057068,0.9491662107673292,7.183207988739014,13.388818740844727,16.3964786529541,246765,0.8555240035057068,0.9491662107673292,961,961,1.0,4,64.0,,3844,3844,1.0,4,32.0,,15431,14515,0.9406389734949129,4,16.0,17.79279899597168,7.183600425720215,2.1651039123535156,2081.887451171875,248189,0.9467658996582031,248189
photo-0319-25,000046,248989,15.343338012695312,0.0,15.343338012695312,0,,,15.425119400024414,17.56142807006836,15.343338012695312,248116,0.4961288869380951,0.7951039030131067,9.306757926940918,14.605559349060059,15.343338012695312,247341,0.7030705213546753,0.8769269955243975,8.094635963439941,13.747762680053711,15.343338012695312,248241,0.7534295320510864,0.9047296780145101,7.173658847808838,13.239677429199219,15.343338012695312,246993,0.7737342715263367,0.9068840007611552,7.173658847808838,13.239677429199219,15.343338012695312,246993,0.7737342715263367,0.9068840007611552,961,961,1.0,4,64.0,,3852,3852,1.0,4,32.0,,15468,14747,0.9533876389966383,4,16.0,17.694164276123047,7.1689043045043945,2.3344216346740723,2053.118408203125,248989,0.9498176574707031,248989
photo-0319-25,000047,248768,15.570318222045898,0.0,15.570318222045898,0,,,15.599129676818848,17.202558517456055,15.570318222045898,248067,0.4715327322483063,0.7817283233965018,9.538722038269043,14.393911361694336,15.570318222045898,248262,0.7026761770248413,0.8820359136718466,8.149069786071777,13.687555313110352,15.570318222045898,248096,0.7660507559776306,0.9170603314845867,7.198695182800293,13.31753921508789,15.570318222045898,247335,0.8006213903427124,0.9205045788101158,7.198695182800293,13.31753921508789,15.570318222045898,247335,0.8006213903427124,0.9205045788101158,961,961,1.0,4,64.0,,3847,3847,1.0,4,32.0,,15457,14713,0.9518664682668047,4,16.0,17.856090545654297,7.1910905838012695,2.273745059967041,2064.403564453125,248768,0.948974609375,248768
photo-0319-25,000048,249109,15.177294731140137,0.0,15.177294731140137,0,,,17.316978454589844,18.312007904052734,15.177294731140137,247790,0.4018872082233429,0.7568344162395577,10.254003524780273,14.713380813598633,15.177294731140137,248266,0.6448737382888794,0.8506762907526605,8.455679893493652,13.740340232849121,15.177294731140137,248381,0.7250966429710388,0.8889125979845479,7.391020774841309,13.24210262298584,15.177294731140137,247940,0.7516993880271912,0.8959667661531016,7.391020774841309,13.24210262298584,15.177294731140137,247940,0.7516993880271912,0.8959667661531016,961,961,1.0,4,64.0,,3852,3852,1.0,4,32.0,,15479,14587,0.9423735383422702,4,16.0,17.780685424804688,7.394200325012207,2.459291696548462,2090.335693359375,249109,0.9502754211425781,249109
photo-0319-25,000049,249259,14.910696983337402,0.0,14.910696983337402,0,,,17.586503982543945,19.04745101928711,14.910696983337402,248507,0.4172646999359131,0.7605701247852173,10.510223388671875,14.915212631225586,14.910696983337402,248215,0.6151283383369446,0.8391555707753359,8.746201515197754,13.73733901977539,14.910696983337402,248344,0.6996461153030396,0.8726806365364173,7.646605014801025,13.264415740966797,14.910696983337402,248329,0.7135646343231201,0.8753146028051496,7.646605014801025,13.264415740966797,14.910696983337402,248329,0.7135646343231201,0.8753146028051496,961,961,1.0,4,64.0,,3858,3858,1.0,4,32.0,,15487,14502,0.9363982695163686,4,16.0,17.88033103942871,7.646258354187012,2.4536473751068115,2056.6416015625,249259,0.9508476257324219,249259
photo-0319-25,000050,248952,15.630677223205566,0.0,15.630677223205566,0,,,18.395889282226562,18.47402572631836,15.630677223205566,247203,0.36762115359306335,0.7356787741249095,11.4432373046875,14.290504455566406,15.630677223205566,246922,0.6100558042526245,0.8418650424020541,9.59582805633545,13.296280860900879,15.630677223205566,248328,0.6906102299690247,0.8745127412132341,8.360868453979492,12.908747673034668,15.630677223205566,246980,0.7478080987930298,0.8962021216292817,8.360868453979492,12.908747673034668,15.630677223205566,246980,0.7478080987930298,0.8962021216292817,958,958,1.0,4,64.0,,3849,3849,1.0,4,32.0,,15473,13773,0.8901311962773865,4,16.0,18.173397064208984,8.363646507263184,2.1299474239349365,2167.385009765625,248952,0.949676513671875,248952
photo-0319-25,000051,249701,14.384160995483398,0.0,14.384160995483398,0,,,18.6735782623291,18.120718002319336,14.384160995483398,248866,0.3007081151008606,0.6870283606438806,11.735849380493164,14.010234832763672,14.384160995483398,247571,0.5370845794677734,0.79995637615068,9.763114929199219,12.682287216186523,14.384160995483398,248830,0.6282603144645691,0.8446409195032754,8.495893478393555,12.369823455810547,14.384160995483398,248321,0.6948416233062744,0.8650537006535896,8.495893478393555,12.369823455810547,14.384160995483398,248321,0.6948416233062744,0.8650537006535896,961,961,1.0,4,64.0,,3861,3861,1.0,4,32.0,,15513,14356,0.9254173918648875,4,16.0,18.407638549804688,8.49372673034668,2.5603675842285156,2037.624755859375,249701,0.9525337219238281,249701
photo-0319-25,000052,249529,14.742921829223633,0.0,14.742921829223633,0,,,18.27326202392578,17.787580490112305,14.742921829223633,248148,0.32122913002967834,0.709096990505666,11.246368408203125,13.733149528503418,14.742921829223633,248384,0.589453399181366,0.8461656145323371,9.557149887084961,12.737879753112793,14.742921829223633,248423,0.6533238887786865,0.8538702133055313,8.339300155639648,12.6300048828125,14.742921829223633,247450,0.705254077911377,0.8721357850070721,8.339300155639648,12.6300048828125,14.742921829223633,247450,0.705254077911377,0.8721357850070721,959,959,1.0,4,64.0,,3856,3856,1.0,4,32.0,,15502,14070,0.907624822603535,4,16.0,18.108829498291016,8.340032577514648,2.2749526500701904,2078.324462890625,249529,0.9518775939941406,249529
photo-0319-25,000053,249920,14.361441612243652,0.0,14.361441612243652,0,,,18.97072410583496,18.09901237487793,14.361441612243652,249066,0.2897705137729645,0.6769571117695711,11.915773391723633,13.660919189453125,14.361441612243652,247855,0.5253134965896606,0.8081741340703233,10.057439804077148,12.147086143493652,14.361441612243652,248433,0.597012460231781,0.8400413793658652,8.707599639892578,11.830604553222656,14.361441612243652,247562,0.6770878434181213,0.8681946340714649,8.707599639892578,11.830604553222656,14.361441612243652,247562,0.6770878434181213,0.8681946340714649,958,958,1.0,4,64.0,,3858,3858,1.0,4,32.0,,15519,13884,0.8946452735356659,4,16.0,18.55401611328125,8.692804336547852,2.2387537956237793,2059.795166015625,249920,0.953369140625,249920
photo-0319-25,000054,250155,13.87932300567627,0.0,13.87932300567627,0,,,19.727069854736328,18.85225486755371,13.87932300567627,249312,0.245665043592453,0.6275911307919394,12.196353912353516,13.902965545654297,13.87932300567627,247430,0.49606043100357056,0.7884654245645233,10.317510604858398,12.242477416992188,13.87932300567627,248027,0.561091959476471,0.8120648155241164,8.940232276916504,11.72897720336914,13.87932300567627,248707,0.6316028833389282,0.8486532345289839,8.940232276916504,11.72897720336914,13.87932300567627,248707,0.6316028833389282,0.8486532345289839,958,958,1.0,4,64.0,,3859,3859,1.0,4,32.0,,15533,13932,0.8969291186506149,4,16.0,18.82369613647461,8.923962593078613,2.2767844200134277,2010.6148681640625,250155,0.9542655944824219,250155
photo-0319-25,000055,250106,14.175716400146484,0.0,14.175716400146484,0,,,19.37672996520996,18.091562271118164,14.175716400146484,249247,0.2689974009990692,0.6533518959104824,11.672964096069336,13.25354290008545,14.175716400146484,249609,0.5284249782562256,0.8240207684819058,10.269381523132324,11.986390113830566,14.175716400146484,248643,0.5757822394371033,0.849358316944374,9.113245964050293,11.660565376281738,14.175716400146484,248492,0.6611790657043457,0.8752112744072243,9.113245964050293,11.660565376281738,14.175716400146484,248492,0.6611790657043457,0.8752112744072243,958,958,1.0,4,64.0,,3851,3851,1.0,4,32.0,,15527,13610,0.8765376441038192,4,16.0,19.10192108154297,9.091785430908203,2.236776828765869,2056.88818359375,250106,0.9540786743164062,250106
photo-0319-25,000056,250346,13.810649871826172,0.0,13.810649871826172,0,,,19.264629364013672,18.754743576049805,13.810649871826172,249302,0.2711417078971863,0.6788754201731234,11.869991302490234,15.005579948425293,13.810649871826172,249349,0.5703111290931702,0.8570718150062764,9.8043851852417,13.407575607299805,13.810649871826172,249608,0.625357985496521,0.873445562642223,8.36103343963623,13.010379791259766,13.810649871826172,249204,0.6756080985069275,0.8788422336720116,8.36103343963623,13.010379791259766,13.810649871826172,249204,0.6756080985069275,0.8788422336720116,957,957,1.0,4,64.0,,3858,3858,1.0,4,32.0,,15530,14229,0.9162266580811332,4,16.0,18.486757278442383,8.340641021728516,2.0793955326080322,2029.7216796875,250346,0.9549942016601562,250346
photo-0319-25,000057,250922,12.866032600402832,0.0,12.866032600402832,0,,,17.343717575073242,16.561067581176758,12.866032600402832,249028,0.2872549295425415,0.6682140160945758,10.77160358428955,13.218780517578125,12.866032600402832,250178,0.5836784839630127,0.8670986257784458,9.60804557800293,12.216629981994629,12.866032600402832,250533,0.6432080268859863,0.8982090183728292,8.58940315246582,11.99410343170166,12.866032600402832,249826,0.6662774682044983,0.8763699534876274,8.58940315246582,11.99410343170166,12.866032600402832,249826,0.6662774682044983,0.8763699534876274,960,960,1.0,4,64.0,,3866,3866,1.0,4,32.0,,15565,14485,0.9306135560552522,4,16.0,18.250370025634766,8.56380558013916,2.104151964187622,1928.086181640625,250922,0.9571914672851562,250922
photo-0319-25,000058,250665,13.365324020385742,0.0,13.365324020385742,0,,,18.093286514282227,17.261140823364258,13.365324020385742,249900,0.25845256447792053,0.6664265706282513,10.993831634521484,13.633554458618164,13.365324020385742,249767,0.5985883474349976,0.8796518355106959,9.585758209228516,12.424409866333008,13.365324020385742,250198,0.6421831250190735,0.8892637031471075,8.595321655273438,12.136602401733398,13.365324020385742,249781,0.6692519187927246,0.8843426841913516,8.595321655273438,12.136602401733398,13.365324020385742,249781,0.6692519187927246,0.8843426841913516,958,958,1.0,4,64.0,,3863,3863,1.0,4,32.0,,15548,14336,0.922047851813738,4,16.0,18.52661895751953,8.56817626953125,1.965100884437561,1983.64013671875,250665,0.9562110900878906,250665
photo-0319-25,000059,250212,14.159368515014648,0.0,14.159368515014648,0,,,18.193355560302734,17.242521286010742,14.159368515014648,249467,0.28564897179603577,0.6740049786144059,11.215971946716309,13.691779136657715,14.159368515014648,249328,0.6112083196640015,0.867399570044279,9.877376556396484,12.458736419677734,14.159368515014648,247440,0.6449242830276489,0.8875282896863886,8.795114517211914,12.159565925598145,14.159368515014648,249284,0.7009060382843018,0.9004990292196852,8.795114517211914,12.159565925598145,14.159368515014648,249284,0.7009060382843018,0.9004990292196852,956,956,1.0,4,64.0,,3854,3854,1.0,4,32.0,,15521,13523,0.871271180980607,4,16.0,18.55923080444336,8.766650199890137,1.929330587387085,2081.91796875,250212,0.9544830322265625,250212
photo-0319-25,000060,250357,14.062065124511719,0.0,14.062065124511719,0,,,18.01058578491211,16.93291473388672,14.062065124511719,249948,0.2889297306537628,0.6825499703938419,10.69742202758789,13.197738647460938,14.062065124511719,249569,0.639022707939148,0.8922622601364752,9.820322036743164,12.47914981842041,14.062065124511719,249725,0.640315592288971,0.8904795274802283,8.683634757995605,12.09085464477539,14.062065124511719,249475,0.6883748769760132,0.8940895881350837,8.683634757995605,12.09085464477539,14.062065124511719,249475,0.6883748769760132,0.8940895881350837,954,954,1.0,4,64.0,,3861,3861,1.0,4,32.0,,15535,13589,0.8747344705503701,4,16.0,19.187314987182617,8.6588716506958,2.0095157623291016,2090.201416015625,250357,0.9550361633300781,250357
photo-0319-25,000061,251394,12.235830307006836,0.0,12.235830307006836,0,,,16.795787811279297,15.969687461853027,12.235830307006836,250843,0.2451726198196411,0.6606841729687494,9.237993240356445,12.677623748779297,12.235830307006836,250933,0.6266236305236816,0.8694312824538821,8.71566104888916,12.118868827819824,12.235830307006836,249333,0.6101791858673096,0.8673059723341876,8.250832557678223,11.805092811584473,12.235830307006836,250435,0.6238670945167542,0.8610497733942939,8.250832557678223,11.805092811584473,12.235830307006836,250435,0.6238670945167542,0.8610497733942939,960,960,1.0,4,64.0,,3880,3880,1.0,4,32.0,,15602,14921,0.9563517497756698,4,16.0,18.703824996948242,8.234603881835938,1.9819287061691284,1888.2388916015625,251394,0.9589920043945312,251394
photo-0319-25,000062,251169,12.792010307312012,0.0,12.792010307312012,0,,,17.505712509155273,16.682113647460938,12.792010307312012,250757,0.2686038613319397,0.6703661313542593,10.145576477050781,13.321399688720703,12.792010307312012,250412,0.6076874136924744,0.8699862626391707,9.367051124572754,12.814130783081055,12.792010307312012,250746,0.60954749584198,0.8679978942834582,8.402254104614258,12.326528549194336,12.792010307312012,250558,0.6326740384101868,0.8651729340112868,8.402254104614258,12.326528549194336,12.792010307312012,250558,0.6326740384101868,0.8651729340112868,957,956,0.9989550679205852,4,64.0,73.03843688964844,3880,3880,1.0,4,32.0,,15590,14439,0.9261706221937139,4,16.0,19.68290901184082,8.387499809265137,1.8059844970703125,1954.4986572265625,251169,0.9581336975097656,251169
photo-0319-25,000063,251015,13.257946968078613,0.0,13.257946968078613,0,,,17.544191360473633,16.591793060302734,13.257946968078613,250267,0.26026448607444763,0.6556957169742714,10.227295875549316,13.666074752807617,13.257946968078613,250397,0.6088264584541321,0.8776103547566464,9.242613792419434,13.150993347167969,13.257946968078613,250534,0.6216375827789307,0.8777451363886738,7.933125019073486,12.482231140136719,13.257946968078613,250087,0.6614185571670532,0.8764310020113001,7.933125019073486,12.482231140136719,13.257946968078613,250087,0.6614185571670532,0.8764310020113001,957,957,1.0,4,64.0,,3875,3875,1.0,4,32.0,,15579,14189,0.9107773284549714,4,16.0,19.47675323486328,7.9180006980896,1.971886157989502,2016.7261962890625,251015,0.9575462341308594,251015
photo-0319-25,000064,251520,12.564351081848145,0.0,12.564351081848145,0,,,18.84271812438965,17.556148529052734,12.564351081848145,251023,0.2123027741909027,0.6142026826227078,10.718083381652832,12.844841003417969,12.564351081848145,250627,0.5615768432617188,0.8669257502184521,9.652142524719238,12.018287658691406,12.564351081848145,251026,0.591593325138092,0.8699258244165943,8.307920455932617,11.828919410705566,12.564351081848145,250756,0.6333054304122925,0.8636642792196398,8.307920455932617,11.828919410705566,12.564351081848145,250756,0.6333054304122925,0.8636642792196398,959,959,1.0,4,64.0,,3887,3887,1.0,4,32.0,,15611,14518,0.9299852667990519,4,16.0,19.577293395996094,8.289342880249023,1.6960161924362183,1927.634765625,251520,0.95947265625,251520
photo-0319-25,000065,251666,12.51419448852539,0.0,12.51419448852539,0,,,17.951873779296875,16.796689987182617,12.51419448852539,251153,0.25538498163223267,0.6393791832070491,10.635764122009277,12.925814628601074,12.51419448852539,251265,0.6050360202789307,0.8791873122002667,9.250682830810547,12.121064186096191,12.51419448852539,251321,0.6285431981086731,0.8664536588665491,8.180564880371094,11.897455215454102,12.51419448852539,250981,0.6317585706710815,0.8558894896426422,8.180564880371094,11.897455215454102,12.51419448852539,250981,0.6317585706710815,0.8558894896426422,960,960,1.0,4,64.0,,3890,3890,1.0,4,32.0,,15619,14565,0.9325180869453871,4,16.0,18.679052352905273,8.159894943237305,1.7955795526504517,1930.46240234375,251666,0.9600296020507812,251666
photo-0319-25,000066,251681,12.70203971862793,0.0,12.70203971862793,0,,,17.952289581298828,16.97638511657715,12.70203971862793,251208,0.2790117561817169,0.6843253399573263,10.619270324707031,13.569778442382812,12.70203971862793,251202,0.622276782989502,0.8791729365212061,8.82146167755127,12.682690620422363,12.70203971862793,251310,0.6508896350860596,0.8689666149377263,7.657558441162109,12.678499221801758,12.70203971862793,251069,0.6548829078674316,0.872823805408075,7.657558441162109,12.678499221801758,12.70203971862793,251069,0.6548829078674316,0.872823805408075,961,961,1.0,4,64.0,,3889,3889,1.0,4,32.0,,15624,14233,0.9109703020993344,4,16.0,18.335298538208008,7.638918399810791,1.804074764251709,1944.4306640625,251681,0.9600868225097656,251681
photo-0319-25,000067,252102,12.27695083618164,0.0,12.27695083618164,0,,,16.989246368408203,16.36662483215332,12.27695083618164,251602,0.3077242970466614,0.7027607093743293,10.094300270080566,13.85277271270752,12.27695083618164,251723,0.634317934513092,0.8842576959594475,8.365655899047852,12.898042678833008,12.27695083618164,251529,0.6557595729827881,0.872412326212882,7.418055534362793,12.620342254638672,12.27695083618164,251574,0.6586535573005676,0.8783181091845739,7.418055534362793,12.620342254638672,12.27695083618164,251574,0.6586535573005676,0.8783181091845739,962,962,1.0,4,64.0,,3895,3895,1.0,4,32.0,,15652,14317,0.9147073856376182,4,16.0,18.578176498413086,7.400943756103516,1.7625114917755127,1891.0115966796875,252102,0.9616928100585938,252102
photo-0319-25,000068,252228,12.430530548095703,0.0,12.430530548095703,0,,,16.978700637817383,17.020238876342773,12.430530548095703,251875,0.3341677188873291,0.7099076923076924,9.932256698608398,14.503477096557617,12.430530548095703,251911,0.6640216708183289,0.9010007502649745,8.023547172546387,13.390677452087402,12.430530548095703,251726,0.6877239942550659,0.8881641149503826,7.053862571716309,12.751296043395996,12.430530548095703,251516,0.6912857890129089,0.8944957776046056,7.053862571716309,12.751296043395996,12.430530548095703,251516,0.6912857890129089,0.8944957776046056,963,963,1.0,4,64.0,,3897,3897,1.0,4,32.0,,15662,14149,0.9033967564806538,4,16.0,18.943960189819336,7.037588119506836,1.7471349239349365,1919.5587158203125,252228,0.9621734619140625,252228
photo-0319-25,000069,252696,11.92681884765625,0.0,11.92681884765625,0,,,15.425206184387207,15.872673988342285,11.92681884765625,252408,0.3330201804637909,0.7078539507464106,8.719093322753906,14.152029037475586,11.92681884765625,252296,0.6941980719566345,0.8937676380124933,7.232988357543945,13.397295951843262,11.92681884765625,252056,0.7067538499832153,0.8904330783635382,6.683030605316162,12.959906578063965,11.92681884765625,252250,0.7075925469398499,0.8966065411298315,6.683030605316162,12.959906578063965,11.92681884765625,252250,0.7075925469398499,0.8966065411298315,964,964,1.0,4,64.0,,3905,3905,1.0,4,32.0,,15693,14261,0.9087491238131651,4,16.0,19.114917755126953,6.66952657699585,1.8130520582199097,1847.59716796875,252696,0.963958740234375,252696
photo-0319-25,000070,253394,11.175503730773926,0.0,11.175503730773926,0,,,15.766326904296875,16.502735137939453,11.175503730773926,252180,0.36669349670410156,0.7523990800222063,9.784669876098633,15.387306213378906,11.175503730773926,252821,0.6690118908882141,0.8866193868389097,7.9106364250183105,13.757438659667969,11.175503730773926,252558,0.6716880798339844,0.8816390690455261,7.065303325653076,12.897234916687012,11.175503730773926,252518,0.6585597991943359,0.8749792094028941,7.065303325653076,12.897234916687012,11.175503730773926,252518,0.6585597991943359,0.8749792094028941,969,969,1.0,4,64.0,,3914,3914,1.0,4,32.0,,15739,14416,0.915941292331152,4,16.0,19.238630294799805,7.048469543457031,1.6365344524383545,1751.8486328125,253394,0.9666213989257812,253394
photo-0319-25,000071,254562,9.65000057220459,0.0,9.65000057220459,0,,,15.234277725219727,15.920894622802734,9.65000057220459,250049,0.37664908170700073,0.7475134873564782,9.616376876831055,14.252575874328613,9.65000057220459,251283,0.7196390628814697,0.9213237664306778,7.872629642486572,12.742714881896973,9.65000057220459,251602,0.7177824378013611,0.9159943084713158,7.13712215423584,12.312142372131348,9.65000057220459,251024,0.7100976705551147,0.9141038307094143,7.13712215423584,12.312142372131348,9.65000057220459,251024,0.7100976705551147,0.9141038307094143,974,974,1.0,4,64.0,,3936,3936,1.0,4,32.0,,15800,15231,0.963987341772152,4,16.0,18.90513801574707,7.11961030960083,1.7621313333511353,1537.127197265625,254562,0.9710769653320312,254562
photo-0319-25,000072,254420,10.312882423400879,0.0,10.312882423400879,0,,,15.569915771484375,17.13962745666504,10.312882423400879,252082,0.4711052477359772,0.8090383287977722,9.763537406921387,15.543655395507812,10.312882423400879,251836,0.7365560531616211,0.9285249130386442,7.980318546295166,13.580392837524414,10.312882423400879,251757,0.714392364025116,0.9208363620475299,7.27116060256958,12.675908088684082,10.312882423400879,251778,0.7057466506958008,0.9127961934720269,7.27116060256958,12.675908088684082,10.312882423400879,251778,0.7057466506958008,0.9127961934720269,974,973,0.9989733059548255,4,64.0,67.38626098632812,3933,3933,1.0,4,32.0,,15798,14733,0.9325864033421952,4,16.0,20.458885192871094,7.251597881317139,1.7573068141937256,1638.1180419921875,254420,0.9705352783203125,254420
photo-0319-25,000073,254714,10.285832405090332,0.0,10.285832405090332,0,,,15.406594276428223,17.178356170654297,10.285832405090332,252548,0.46430864930152893,0.8057240603766412,9.89970588684082,15.85909366607666,10.285832405090332,252523,0.7256450653076172,0.9170610201843,8.101428985595703,13.858055114746094,10.285832405090332,252035,0.7010473012924194,0.9055607356121174,7.600842475891113,13.114572525024414,10.285832405090332,252368,0.6880543828010559,0.8998842959487732,7.600842475891113,13.114572525024414,10.285832405090332,252368,0.6880543828010559,0.8998842959487732,975,973,0.997948717948718,4,64.0,70.65208435058594,3938,3938,1.0,4,32.0,,15818,14621,0.9243267163990391,4,16.0,20.6678409576416,7.57725191116333,1.6370413303375244,1633.0587158203125,254714,0.9716567993164062,254714
photo-0319-25,000074,255642,9.275102615356445,0.0,9.275102615356445,0,,,14.879263877868652,16.483261108398438,9.275102615356445,252133,0.48705965280532837,0.8107030813102608,9.334884643554688,14.841267585754395,9.275102615356445,252426,0.7485160827636719,0.9361040463343713,7.840705394744873,13.153816223144531,9.275102615356445,252177,0.7227761745452881,0.9250209178473849,7.374776840209961,12.501091003417969,9.275102615356445,252134,0.7131977081298828,0.9197767853601656,7.374776840209961,12.501091003417969,9.275102615356445,252134,0.7131977081298828,0.9197767853601656,979,977,0.9979570990806946,4,64.0,67.32991790771484,3952,3952,1.0,4,32.0,,15877,15002,0.9448888329029413,4,16.0,19.90485191345215,7.355617523193359,1.8508708477020264,1520.105224609375,255642,0.9751968383789062,255642
photo-0319-25,000075,255489,9.948755264282227,0.0,9.948755264282227,0,,,15.382694244384766,16.377628326416016,9.948755264282227,252227,0.4910837411880493,0.7985822294996174,9.632095336914062,15.223597526550293,9.948755264282227,252578,0.7724981904029846,0.9478497731393867,7.986361026763916,13.648294448852539,9.948755264282227,252427,0.7604114413261414,0.9468242303715529,7.285988807678223,13.178255081176758,9.948755264282227,252495,0.7569859623908997,0.9383512544802868,7.285988807678223,13.178255081176758,9.948755264282227,252495,0.7569859623908997,0.9383512544802868,980,980,1.0,4,64.0,,3952,3952,1.0,4,32.0,,15873,14823,0.9338499338499339,4,16.0,20.291011810302734,7.267075538635254,1.748075246810913,1565.616943359375,255489,0.9746131896972656,255489
photo-0319-25,000076,256230,9.214570045471191,0.0,9.214570045471191,0,,,16.398191452026367,17.26177215576172,9.214570045471191,252905,0.38591548800468445,0.7525711235444139,10.478323936462402,15.088738441467285,9.214570045471191,253229,0.6762720942497253,0.9127746032247491,8.554588317871094,13.186233520507812,9.214570045471191,252620,0.669732928276062,0.8974348824321114,7.5934247970581055,12.485067367553711,9.214570045471191,252579,0.6838254332542419,0.9057245455877171,7.5934247970581055,12.485067367553711,9.214570045471191,252579,0.6838254332542419,0.9057245455877171,982,982,1.0,4,64.0,,3963,3963,1.0,4,32.0,,15921,14913,0.9366873940079141,4,16.0,20.051149368286133,7.571889877319336,1.9416319131851196,1550.397705078125,256230,0.9774398803710938,256230
photo-0319-25,000077,256810,8.728503227233887,0.0,8.728503227233887,0,,,15.970914840698242,17.07773208618164,8.728503227233887,251698,0.41363704204559326,0.7523818226604899,10.343274116516113,14.526007652282715,8.728503227233887,253108,0.7322288751602173,0.9317050429065853,8.664859771728516,12.962358474731445,8.728503227233887,253413,0.7234693169593811,0.9280502578794301,7.82729959487915,12.460221290588379,8.728503227233887,253122,0.7452589273452759,0.9338066228933084,7.82729959487915,12.460221290588379,8.728503227233887,253122,0.7452589273452759,0.9338066228933084,986,985,0.9989858012170385,4,64.0,70.97325897216797,3974,3974,1.0,4,32.0,,15954,14994,0.9398270026325687,4,16.0,20.152446746826172,7.809161186218262,1.8973820209503174,1469.7900390625,256810,0.9796524047851562,256810
photo-0319-25,000078,257404,8.16632080078125,0.0,8.16632080078125,0,,,16.680967330932617,16.803190231323242,8.16632080078125,251706,0.3237326741218567,0.6937061492376027,10.597375869750977,13.340662002563477,8.16632080078125,253113,0.6800633072853088,0.9335158605049918,8.815167427062988,11.951072692871094,8.16632080078125,252459,0.7003061771392822,0.9325395410739962,7.788671493530273,11.607354164123535,8.16632080078125,252580,0.7153554558753967,0.925762134769182,7.788671493530273,11.607354164123535,8.16632080078125,252580,0.7153554558753967,0.925762134769182,989,989,1.0,4,64.0,,3983,3983,1.0,4,32.0,,15999,15309,0.9568723045190325,4,16.0,19.594152450561523,7.775041103363037,1.849518060684204,1366.2752685546875,257404,0.9819183349609375,257404
photo-0319-25,000079,258204,7.264674186706543,0.0,7.264674186706543,0,,,16.415443420410156,17.46164321899414,7.264674186706543,254998,0.37843069434165955,0.7248017631510836,10.746383666992188,14.016471862792969,7.264674186706543,254775,0.7236320972442627,0.9549681091158866,9.029716491699219,12.541004180908203,7.264674186706543,254090,0.7303815484046936,0.950155456727931,7.929011344909668,11.978277206420898,7.264674186706543,254654,0.7492141127586365,0.9419800984865739,7.929011344909668,11.978277206420898,7.264674186706543,254654,0.7492141127586365,0.9419800984865739,993,993,1.0,4,64.0,,3999,3999,1.0,4,32.0,,16051,15269,0.9512802940626752,4,16.0,20.293411254882812,7.91599702835083,2.107684850692749,1249.036376953125,258204,0.9849700927734375,258204
photo-0319-25,000080,258307,7.456602573394775,0.0,7.456602573394775,0,,,15.720132827758789,17.105318069458008,7.456602573394775,255173,0.40257877111434937,0.7407837036050052,10.229997634887695,14.022262573242188,7.456602573394775,255066,0.7612147927284241,0.9549097096437785,8.612839698791504,12.629777908325195,7.456602573394775,254548,0.7733423709869385,0.9558157989848673,7.8152031898498535,11.975581169128418,7.456602573394775,254460,0.7774474620819092,0.9531281930362336,7.8152031898498535,11.975581169128418,7.456602573394775,254460,0.7774474620819092,0.9531281930362336,994,994,1.0,4,64.0,,4002,4002,1.0,4,32.0,,16060,15424,0.9603985056039851,4,16.0,19.681272506713867,7.802806854248047,2.10608172416687,1273.6552734375,258307,0.9853630065917969,258307
photo-0319-25,000081,258927,6.810797691345215,0.0,6.810797691345215,0,,,16.79742431640625,17.582645416259766,6.810797691345215,255136,0.3432880640029907,0.7111383732597517,10.410453796386719,13.182875633239746,6.810797691345215,254022,0.7096906900405884,0.9394304430324932,8.527589797973633,11.892285346984863,6.810797691345215,254434,0.7573819756507874,0.9494839526163956,7.657263278961182,11.385387420654297,6.810797691345215,253751,0.7764837741851807,0.9558622429074171,7.657263278961182,11.385387420654297,6.810797691345215,253751,0.7764837741851807,0.9558622429074171,999,997,0.997997997997998,4,64.0,68.54367065429688,4016,4016,1.0,4,32.0,,16102,15659,0.9724878897031425,4,16.0,20.175495147705078,7.648128986358643,1.9789992570877075,1206.740478515625,258927,0.9877281188964844,258927
photo-0319-25,000082,259047,6.923349380493164,0.0,6.923349380493164,0,,,15.907143592834473,16.9250545501709,6.923349380493164,252831,0.4275307059288025,0.7655192599008824,10.53934097290039,13.413326263427734,6.923349380493164,254815,0.729048490524292,0.9275631340384201,8.634405136108398,12.180194854736328,6.923349380493164,253611,0.8078144192695618,0.9670992188824618,7.5592145919799805,11.81982707977295,6.923349380493164,253849,0.8208650350570679,0.9702066976824806,7.5592145919799805,11.81982707977295,6.923349380493164,253849,0.8208650350570679,0.9702066976824806,999,999,1.0,4,64.0,,4018,4018,1.0,4,32.0,,16114,15474,0.9602829837408464,4,16.0,20.370235443115234,7.548165321350098,2.194932460784912,1157.60205078125,259047,0.9881858825683594,259047
photo-0319-25,000083,259492,6.485124588012695,0.0,6.485124588012695,0,,,15.726508140563965,16.843833923339844,6.485124588012695,256063,0.3731331527233124,0.7292267918441946,9.957043647766113,12.688482284545898,6.485124588012695,255269,0.6930744647979736,0.918098163114205,8.113252639770508,11.525142669677734,6.485124588012695,255741,0.7905767560005188,0.9561235781513328,7.465007305145264,11.297682762145996,6.485124588012695,255404,0.8014801144599915,0.9613475121767866,7.465007305145264,11.297682762145996,6.485124588012695,255404,0.8014801144599915,0.9613475121767866,1002,1002,1.0,4,64.0,,4022,4022,1.0,4,32.0,,16145,15625,0.9677918860328275,4,16.0,20.619997024536133,7.458276271820068,2.0461838245391846,1132.9154052734375,259492,0.9898834228515625,259492
photo-0319-25,000084,259745,6.331478595733643,0.0,6.331478595733643,0,,,16.165218353271484,17.508129119873047,6.331478595733643,255755,0.43598994612693787,0.7695450724326015,10.347441673278809,13.389986991882324,6.331478595733643,254882,0.7326072454452515,0.9324000910225124,8.328621864318848,11.889385223388672,6.331478595733643,254706,0.818896472454071,0.9714847706767803,7.628572940826416,11.35727310180664,6.331478595733643,254500,0.8390699028968811,0.9794891944990177,7.628572940826416,11.35727310180664,6.331478595733643,254500,0.8390699028968811,0.9794891944990177,1005,1004,0.9990049751243781,4,64.0,68.67196655273438,4026,4026,1.0,4,32.0,,16161,15634,0.9673906317678361,4,16.0,20.801815032958984,7.617998123168945,2.1983482837677,1086.60791015625,259745,0.9908485412597656,259745
photo-0319-25,000085,260151,5.923214435577393,0.0,5.923214435577393,0,,,14.848423957824707,16.535400390625,5.923214435577393,255818,0.4809342920780182,0.7817628157518236,9.923255920410156,12.912020683288574,5.923214435577393,255760,0.7357013821601868,0.9204644979668439,8.213388442993164,11.628351211547852,5.923214435577393,254062,0.8287417888641357,0.9651423668238461,7.463504314422607,11.07267951965332,5.923214435577393,255576,0.845274806022644,0.9712414311202929,7.463504314422607,11.07267951965332,5.923214435577393,255576,0.845274806022644,0.9712414311202929,1008,1008,1.0,4,64.0,,4033,4033,1.0,4,32.0,,16188,15599,0.9636150234741784,4,16.0,20.76995277404785,7.451520919799805,2.0891263484954834,993.3584594726562,260151,0.9923973083496094,260151
photo-0319-25,000086,260215,6.002656936645508,0.0,6.002656936645508,0,,,15.039840698242188,16.21785545349121,6.002656936645508,254912,0.44422224164009094,0.7731570110469496,9.996118545532227,12.938207626342773,6.002656936645508,254873,0.741945743560791,0.9281681464886433,8.223602294921875,11.575252532958984,6.002656936645508,254676,0.8121073842048645,0.961986995241012,7.567957878112793,11.052130699157715,6.002656936645508,254026,0.8366945385932922,0.9753725996551534,7.567957878112793,11.052130699157715,6.002656936645508,254026,0.8366945385932922,0.9753725996551534,1009,1009,1.0,4,64.0,,4038,4038,1.0,4,32.0,,16192,15675,0.9680706521739131,4,16.0,21.42112159729004,7.554648399353027,2.2479398250579834,1033.1243896484375,260215,0.9926414489746094,260215
photo-0319-25,000087,260423,5.830391883850098,0.0,5.830391883850098,0,,,15.18928337097168,16.6639404296875,5.830391883850098,255501,0.4676143229007721,0.7785096731519642,10.166963577270508,13.016286849975586,5.830391883850098,254292,0.7092515230178833,0.8969334465889607,8.476860046386719,11.812917709350586,5.830391883850098,254093,0.8104784488677979,0.9587473877674709,7.609956741333008,11.218656539916992,5.830391883850098,254567,0.8422698974609375,0.9711863674396132,7.609956741333008,11.218656539916992,5.830391883850098,254567,0.8422698974609375,0.9711863674396132,1011,1011,1.0,4,64.0,,4042,4042,1.0,4,32.0,,16214,15509,0.9565190576045393,4,16.0,21.56743049621582,7.595805644989014,2.2074177265167236,950.776123046875,260423,0.9934349060058594,260423
photo-0319-25,000088,260618,5.661313533782959,0.0,5.661313533782959,0,,,16.148090362548828,17.67192840576172,5.661313533782959,255675,0.43651649355888367,0.7526078028747434,9.793079376220703,12.691082954406738,5.661313533782959,253902,0.6743249297142029,0.8596190656237446,8.292020797729492,11.712860107421875,5.661313533782959,253705,0.8098116517066956,0.9533198005557636,7.514676094055176,11.152851104736328,5.661313533782959,255313,0.8382009267807007,0.9617528288806289,7.514676094055176,11.152851104736328,5.661313533782959,255313,0.8382009267807007,0.9617528288806289,1013,1013,1.0,4,64.0,,4047,4047,1.0,4,32.0,,16223,15469,0.9535227763052456,4,16.0,21.503345489501953,7.49740743637085,1.9911761283874512,874.2130737304688,260618,0.9941787719726562,260618
photo-0319-25,000089,260756,5.50573205947876,0.0,5.50573205947876,0,,,16.615840911865234,17.81752586364746,5.50573205947876,255288,0.37882915139198303,0.7108207201278556,9.797873497009277,12.296948432922363,5.50573205947876,254602,0.5722136497497559,0.8156652343657944,8.368167877197266,11.340496063232422,5.50573205947876,251090,0.728495180606842,0.91599426500458,7.63153076171875,10.965288162231445,5.50573205947876,253625,0.7537859082221985,0.9213445046821094,7.63153076171875,10.965288162231445,5.50573205947876,253625,0.7537859082221985,0.9213445046821094,1012,1012,1.0,4,64.0,,4052,4052,1.0,4,32.0,,16243,15626,0.9620144062057502,4,16.0,20.762786865234375,7.621125221252441,1.6690175533294678,793.3086547851562,260756,0.9947052001953125,260756
photo-0319-25,000090,260995,5.273130416870117,0.0,5.273130416870117,0,,,15.843931198120117,17.443317413330078,5.273130416870117,255955,0.44778063893318176,0.7494403313082377,9.031721115112305,12.075801849365234,5.273130416870117,255505,0.6392678022384644,0.8524764681708773,7.900035858154297,11.340850830078125,5.273130416870117,254084,0.7539552450180054,0.9214000094456951,7.452089786529541,11.127716064453125,5.273130416870117,254218,0.7698773741722107,0.9255324170593743,7.452089786529541,11.127716064453125,5.273130416870117,254218,0.7698773741722107,0.9255324170593743,1016,1016,1.0,4,64.0,,4056,4056,1.0,4,32.0,,16258,15610,0.9601426989789642,4,16.0,20.147207260131836,7.442282199859619,1.6590547561645508,772.2511596679688,260995,0.9956169128417969,260995
photo-0319-25,000091,261039,5.252561569213867,0.0,5.252561569213867,0,,,15.994333267211914,17.422853469848633,5.252561569213867,255372,0.42720621824264526,0.7372969628620208,8.960116386413574,11.738758087158203,5.252561569213867,255504,0.6026241183280945,0.827380393261945,7.764798641204834,10.941596031188965,5.252561569213867,253261,0.7245984077453613,0.8890512159392879,7.1815032958984375,10.889925956726074,5.252561569213867,254604,0.7551397681236267,0.9095732981414275,7.1815032958984375,10.889925956726074,5.252561569213867,254604,0.7551397681236267,0.9095732981414275,1017,1017,1.0,4,64.0,,4058,4058,1.0,4,32.0,,16266,15653,0.9623140292634944,4,16.0,20.10146141052246,7.171378135681152,1.618496298789978,714.6614990234375,261039,0.9957847595214844,261039
photo-0319-25,000092,260661,5.849939346313477,0.0,5.849939346313477,0,,,15.137619018554688,17.393999099731445,5.849939346313477,254896,0.4896688759326935,0.7635388550624569,8.873102188110352,12.552785873413086,5.849939346313477,255021,0.6380256414413452,0.8576234898302493,7.908000946044922,12.122401237487793,5.849939346313477,253680,0.7778417468070984,0.9201434878587197,7.404656887054443,11.916181564331055,5.849939346313477,254610,0.7993980050086975,0.9308785986410589,7.404656887054443,11.916181564331055,5.849939346313477,254610,0.7993980050086975,0.9308785986410589,1011,1011,1.0,4,64.0,,4049,4049,1.0,4,32.0,,16239,15431,0.9502432415789149,4,16.0,20.738645553588867,7.393978118896484,1.4463971853256226,694.0320434570312,260661,0.9943428039550781,260661
photo-0319-25,000093,260607,6.012185573577881,0.0,6.012185573577881,0,,,16.73671531677246,19.204669952392578,6.012185573577881,255507,0.4740220308303833,0.7428876703965057,8.487738609313965,12.32315731048584,6.012185573577881,255524,0.6304388046264648,0.8413260593916814,7.64576530456543,11.986231803894043,6.012185573577881,254733,0.7512391805648804,0.9104434839616382,7.3369975090026855,12.210186958312988,6.012185573577881,254969,0.803484320640564,0.9252615023787205,7.3369975090026855,12.210186958312988,6.012185573577881,254969,0.803484320640564,0.9252615023787205,1012,1012,1.0,4,64.0,,4049,4049,1.0,4,32.0,,16230,15407,0.9492914356130623,4,16.0,20.934955596923828,7.326406955718994,1.5129600763320923,695.51904296875,260607,0.9941368103027344,260607
photo-0319-25,000094,260754,5.731883525848389,0.0,5.731883525848389,0,,,17.954381942749023,20.082489013671875,5.731883525848389,254170,0.41486912965774536,0.7164142109611678,9.715981483459473,12.692146301269531,5.731883525848389,254203,0.5323209166526794,0.7798295063394216,8.148422241210938,11.67605972290039,5.731883525848389,253276,0.6932440400123596,0.8939338903014893,7.324051856994629,11.655680656433105,5.731883525848389,253485,0.7750627994537354,0.920811882359903,7.324051856994629,11.655680656433105,5.731883525848389,253485,0.7750627994537354,0.920811882359903,1013,1013,1.0,4,64.0,,4048,4048,1.0,4,32.0,,16246,15504,0.9543272190077557,4,16.0,20.9918155670166,7.311460494995117,1.6802222728729248,694.5398559570312,260754,0.9946975708007812,260754
photo-0319-25,000095,260581,6.049188137054443,0.0,6.049188137054443,0,,,17.495920181274414,19.909814834594727,6.049188137054443,254971,0.4386720061302185,0.7226508112687325,9.879975318908691,13.111504554748535,6.049188137054443,254899,0.5255675315856934,0.7798814432383022,8.152771949768066,12.050125122070312,6.049188137054443,254539,0.698104977607727,0.8902997183142858,7.389917373657227,12.006962776184082,6.049188137054443,254185,0.7778390049934387,0.9180911540806893,7.389917373657227,12.006962776184082,6.049188137054443,254185,0.7778390049934387,0.9180911540806893,1011,1010,0.9990108803165183,4,64.0,64.55645751953125,4045,4045,1.0,4,32.0,,16232,15453,0.952008378511582,4,16.0,20.952695846557617,7.375511169433594,1.6970257759094238,741.19580078125,260581,0.9940376281738281,260581
photo-0319-25,000096,260761,5.8628740310668945,0.0,5.8628740310668945,0,,,17.699851989746094,20.020614624023438,5.8628740310668945,254310,0.4714970886707306,0.7548228539970901,9.842875480651855,13.345987319946289,5.8628740310668945,254376,0.5876224040985107,0.8252665345787339,8.268203735351562,12.416838645935059,5.8628740310668945,254361,0.7405334115028381,0.9112521180526889,7.479618072509766,12.158281326293945,5.8628740310668945,253685,0.8084269762039185,0.9400989416008041,7.479618072509766,12.158281326293945,5.8628740310668945,253685,0.8084269762039185,0.9400989416008041,1014,1011,0.9970414201183432,4,64.0,68.49296569824219,4051,4050,0.9997531473710195,4,32.0,34.46479034423828,16242,15119,0.9308582686861224,4,16.0,22.150827407836914,7.466954708099365,1.6196402311325073,658.0137329101562,260761,0.9947242736816406,260761
photo-0319-25,000097,260783,5.84714937210083,0.0,5.84714937210083,0,,,17.437925338745117,19.65424346923828,5.84714937210083,255591,0.46110352873802185,0.761212249257603,10.283492088317871,13.57315444946289,5.84714937210083,255043,0.5905046463012695,0.8193363472041969,8.541363716125488,12.424972534179688,5.84714937210083,255146,0.7452248930931091,0.9065907362843235,7.68311882019043,12.06796646118164,5.84714937210083,252772,0.8376689553260803,0.9568108809520042,7.68311882019043,12.06796646118164,5.84714937210083,252772,0.8376689553260803,0.9568108809520042,1012,1012,1.0,4,64.0,,4051,4051,1.0,4,32.0,,16250,15211,0.9360615384615385,4,16.0,22.24100685119629,7.672408580780029,1.693490982055664,750.0292358398438,260783,0.9948081970214844,260783
photo-0319-25,000098,260503,6.286348342895508,0.0,6.286348342895508,0,,,15.449076652526855,18.210599899291992,6.286348342895508,254974,0.456392377614975,0.7282938652568497,7.9515886306762695,11.943310737609863,6.286348342895508,253711,0.6321236491203308,0.8415992999909345,7.072634696960449,11.671144485473633,6.286348342895508,253976,0.7635107040405273,0.9181536838126437,6.822131156921387,11.699996948242188,6.286348342895508,254587,0.7938451766967773,0.9329580850554035,6.822131156921387,11.699996948242188,6.286348342895508,254587,0.7938451766967773,0.9329580850554035,1012,1012,1.0,4,64.0,,4042,4042,1.0,4,32.0,,16220,15524,0.9570900123304562,4,16.0,20.466039657592773,6.812863349914551,1.6852461099624634,735.8385620117188,260503,0.9937400817871094,260503
photo-0319-25,000099,261282,4.949662208557129,0.0,4.949662208557129,0,,,15.680635452270508,17.228771209716797,4.949662208557129,252232,0.39861980080604553,0.6811189698372927,7.639817237854004,10.299466133117676,4.949662208557129,248008,0.658902645111084,0.868181671558982,6.872163772583008,9.931730270385742,4.949662208557129,249200,0.7718934416770935,0.9260634028892456,6.580733299255371,9.87944507598877,4.949662208557129,249982,0.7965461015701294,0.9332231920698291,6.580733299255371,9.87944507598877,4.949662208557129,249982,0.7965461015701294,0.9332231920698291,1022,1022,1.0,4,64.0,,4062,4062,1.0,4,32.0,,16279,15766,0.968487007801462,4,16.0,19.750959396362305,6.57145357131958,1.4151707887649536,605.3533325195312,261282,0.9967117309570312,261282
photo-0319-25,000100,261111,5.3543524742126465,0.0,5.3543524742126465,0,,,13.415840148925781,15.247179985046387,5.3543524742126465,253555,0.4281609356403351,0.7039932164619116,7.863525867462158,10.248350143432617,5.3543524742126465,249618,0.5735248327255249,0.8050981900343726,7.061607837677002,10.101849555969238,5.3543524742126465,249363,0.7277376651763916,0.9153563279235492,6.691195964813232,10.230685234069824,5.3543524742126465,252017,0.777103066444397,0.9400318232500189,6.691195964813232,10.230685234069824,5.3543524742126465,252017,0.777103066444397,0.9400318232500189,1018,1018,1.0,4,64.0,,4057,4057,1.0,4,32.0,,16267,15705,0.9654515276326304,4,16.0,20.11043930053711,6.678832054138184,1.5990147590637207,640.5654907226562,261111,0.9960594177246094,261111
photo-0319-25,000101,260930,5.7131476402282715,0.0,5.7131476402282715,0,,,14.6342134475708,16.29989242553711,5.7131476402282715,258126,0.34268543124198914,0.6547073909641028,8.61106014251709,11.043642044067383,5.7131476402282715,257241,0.47357648611068726,0.7647925486217205,7.3902482986450195,10.50632095336914,5.7131476402282715,254624,0.6594783663749695,0.8678522056051275,6.8762030601501465,10.460380554199219,5.7131476402282715,256677,0.7063599228858948,0.8830397737233956,6.8762030601501465,10.460380554199219,5.7131476402282715,256677,0.7063599228858948,0.8830397737233956,1020,1020,1.0,4,64.0,,4048,4048,1.0,4,32.0,,16249,15715,0.9671364391654871,4,16.0,19.621826171875,6.861549377441406,1.9834157228469849,721.9857788085938,260930,0.9953689575195312,260930
photo-0319-25,000102,261641,4.529874801635742,0.0,4.529874801635742,0,,,14.53303050994873,15.731842994689941,4.529874801635742,251433,0.344452828168869,0.6612019901922183,8.549700736999512,10.303513526916504,4.529874801635742,250539,0.45719102025032043,0.7524736667744343,7.358436107635498,9.688713073730469,4.529874801635742,249683,0.6416290998458862,0.8662704309063893,6.915451526641846,9.682872772216797,4.529874801635742,251919,0.6812633872032166,0.8783021526760586,6.915451526641846,9.682872772216797,4.529874801635742,251919,0.6812633872032166,0.8783021526760586,1024,1024,1.0,4,64.0,,4078,4078,1.0,4,32.0,,16294,15785,0.9687615073033018,4,16.0,19.55856704711914,6.903843879699707,1.4040167331695557,586.1361694335938,261641,0.9980812072753906,261641
photo-0319-25,000103,261506,4.769207000732422,0.0,4.769207000732422,0,,,15.343502044677734,16.4885311126709,4.769207000732422,253006,0.33691492676734924,0.6525536943787894,8.893692016601562,10.7406005859375,4.769207000732422,250523,0.4918626546859741,0.7752861014757129,7.581794261932373,9.950883865356445,4.769207000732422,248911,0.6666077971458435,0.8859471859419632,7.167674541473389,9.941344261169434,4.769207000732422,251130,0.6969279050827026,0.8946641181858002,7.167674541473389,9.941344261169434,4.769207000732422,251130,0.6969279050827026,0.8946641181858002,1024,1024,1.0,4,64.0,,4069,4069,1.0,4,32.0,,16282,15724,0.9657290259181919,4,16.0,19.850494384765625,7.152951717376709,1.5927358865737915,617.4533081054688,261506,0.9975662231445312,261506
photo-0319-25,000104,260852,6.014007568359375,0.0,6.014007568359375,0,,,15.259623527526855,16.587814331054688,6.014007568359375,259767,0.3215270936489105,0.630849953997236,9.19393539428711,11.268878936767578,6.014007568359375,259338,0.4514566659927368,0.7404776777795772,7.813417911529541,10.666779518127441,6.014007568359375,257467,0.6325646042823792,0.8603471512854074,7.141391754150391,10.637682914733887,6.014007568359375,256697,0.7007746696472168,0.8894922807824011,7.141391754150391,10.637682914733887,6.014007568359375,256697,0.7007746696472168,0.8894922807824011,1021,1021,1.0,4,64.0,,4044,4044,1.0,4,32.0,,16231,15667,0.9652516788860822,4,16.0,19.687908172607422,7.124261856079102,2.169670820236206,793.3251953125,260852,0.9950714111328125,260852
photo-0319-25,000105,261206,5.575229644775391,0.0,5.575229644775391,0,,,14.860563278198242,15.836952209472656,5.575229644775391,259926,0.335768461227417,0.6497156883112886,8.819761276245117,10.641984939575195,5.575229644775391,257569,0.5370445847511292,0.7756445845579243,7.681041717529297,10.116555213928223,5.575229644775391,255750,0.6866648197174072,0.8970791788856305,7.097517013549805,10.031560897827148,5.575229644775391,255451,0.7432632446289062,0.9244199474654631,7.097517013549805,10.031560897827148,5.575229644775391,255451,0.7432632446289062,0.9244199474654631,1024,1024,1.0,4,64.0,,4061,4061,1.0,4,32.0,,16235,15754,0.9703726516784724,4,16.0,19.986083984375,7.0736236572265625,2.152325391769409,769.324462890625,261206,0.9964218139648438,261206
photo-0319-25,000106,261747,4.489341735839844,0.0,4.489341735839844,0,,,14.8190336227417,15.19770336151123,4.489341735839844,246420,0.3018459975719452,0.6418350783215648,8.60159683227539,9.613389015197754,4.489341735839844,241343,0.5261536240577698,0.8089772647228218,7.684807300567627,9.019696235656738,4.489341735839844,242067,0.6012868285179138,0.8734565223677742,7.349011421203613,9.108689308166504,4.489341735839844,239289,0.6691116094589233,0.901491501907735,7.349011421203613,9.108689308166504,4.489341735839844,239289,0.6691116094589233,0.901491501907735,1024,1024,1.0,4,64.0,,4082,4082,1.0,4,32.0,,16313,16042,0.9833874823760191,4,16.0,19.12571144104004,7.328860759735107,1.6244821548461914,619.114501953125,261747,0.9984855651855469,261747
photo-0319-25,000107,261389,5.064900875091553,0.0,5.064900875091553,0,,,14.29822063446045,14.642119407653809,5.064900875091553,252395,0.2562655806541443,0.6285069038610115,8.78834056854248,9.905943870544434,5.064900875091553,246500,0.5097594857215881,0.8290141987829615,7.6223320960998535,9.156274795532227,5.064900875091553,247012,0.6261155605316162,0.8793459427072369,7.1248040199279785,9.098090171813965,5.064900875091553,246316,0.6920652985572815,0.9102981535913217,7.1248040199279785,9.098090171813965,5.064900875091553,246316,0.6920652985572815,0.9102981535913217,1024,1024,1.0,4,64.0,,4065,4065,1.0,4,32.0,,16273,16071,0.9875868002212254,4,16.0,18.75678062438965,7.100577354431152,1.8602185249328613,679.6489868164062,261389,0.9971199035644531,261389
photo-0319-25,000108,261867,4.2670183181762695,0.0,4.2670183181762695,0,,,15.612602233886719,15.376784324645996,4.2670183181762695,246503,0.15513958036899567,0.5558958714498403,9.061637878417969,9.658628463745117,4.2670183181762695,245333,0.3750048577785492,0.7357917605866312,7.619194984436035,8.500197410583496,4.2670183181762695,242301,0.4811577796936035,0.7946644875588628,7.13917875289917,8.391156196594238,4.2670183181762695,237343,0.5688458681106567,0.8270267081818297,7.13917875289917,8.391156196594238,4.2670183181762695,237343,0.5688458681106567,0.8270267081818297,1024,1024,1.0,4,64.0,,4096,4096,1.0,4,32.0,,16315,16129,0.9885994483604046,4,16.0,19.479434967041016,7.115602016448975,1.5928442478179932,609.6439208984375,261867,0.9989433288574219,261867
photo-0319-25,000109,261539,5.056240081787109,0.0,5.056240081787109,0,,,15.037175178527832,14.717815399169922,5.056240081787109,257641,0.14440393447875977,0.5516552101567685,8.801172256469727,9.32694149017334,5.056240081787109,253833,0.3649693727493286,0.720741589942994,7.501181602478027,8.468503952026367,5.056240081787109,252118,0.49478578567504883,0.7826414615378513,7.093212604522705,8.510722160339355,5.056240081787109,247241,0.5982517600059509,0.8529774592401745,7.093212604522705,8.510722160339355,5.056240081787109,247241,0.5982517600059509,0.8529774592401745,1024,1024,1.0,4,64.0,,4084,4084,1.0,4,32.0,,16256,16144,0.9931102362204725,4,16.0,19.439321517944336,7.065006732940674,1.7384711503982544,705.6005249023438,261539,0.9976921081542969,261539
photo-0319-25,000110,261290,5.068542957305908,0.0,5.068542957305908,0,,,15.327120780944824,14.444068908691406,5.068542957305908,259782,0.0017964045982807875,0.5118522453441732,9.59131145477295,9.330132484436035,5.068542957305908,258382,0.2570749819278717,0.6955515477084317,7.911069393157959,7.98158597946167,5.068542957305908,254992,0.397026002407074,0.7987583924201543,7.41012716293335,7.991333484649658,5.068542957305908,249791,0.5049121975898743,0.8573967837111826,7.41012716293335,7.991333484649658,5.068542957305908,249791,0.5049121975898743,0.8573967837111826,1024,1024,1.0,4,64.0,,4053,4053,1.0,4,32.0,,16256,16007,0.9846825787401575,4,16.0,21.121841430664062,7.384191989898682,1.7229974269866943,749.6277465820312,261290,0.9967422485351562,261290
photo-0319-25,000111,261092,5.569231986999512,0.0,5.569231986999512,0,,,15.766215324401855,14.724573135375977,5.569231986999512,260187,0.025605037808418274,0.5064588161591471,10.499995231628418,10.049196243286133,5.569231986999512,258269,0.29225921630859375,0.715668547134964,8.305679321289062,8.318653106689453,5.569231986999512,257001,0.443121999502182,0.8203975860016108,7.628393173217773,8.100419044494629,5.569231986999512,256186,0.5521106719970703,0.8946741820396118,7.628393173217773,8.100419044494629,5.569231986999512,256186,0.5521106719970703,0.8946741820396118,1024,1024,1.0,4,64.0,,4032,4032,1.0,4,32.0,,16256,15780,0.9707185039370079,4,16.0,21.97930335998535,7.604280948638916,1.9210840463638306,816.7709350585938,261092,0.9959869384765625,261092
photo-0319-25,000112,261474,4.925294399261475,0.0,4.925294399261475,0,,,15.809954643249512,14.972582817077637,4.925294399261475,256727,0.007050303276628256,0.4968468450922575,10.36456298828125,9.852726936340332,4.925294399261475,254728,0.2369750440120697,0.6879612763418235,8.593694686889648,8.179161071777344,4.925294399261475,251301,0.3192017674446106,0.7461291439349624,8.0155668258667,7.751194953918457,4.925294399261475,246155,0.38343262672424316,0.7824825821128963,8.0155668258667,7.751194953918457,4.925294399261475,246155,0.38343262672424316,0.7824825821128963,1024,1024,1.0,4,64.0,,4075,4075,1.0,4,32.0,,16259,15755,0.9690017836275294,4,16.0,22.928672790527344,7.982758522033691,1.7865345478057861,772.3385009765625,261474,0.9974441528320312,261474
photo-0319-25,000113,261805,4.650365352630615,0.0,4.650365352630615,0,,,14.863612174987793,14.350525856018066,4.650365352630615,252333,0.058987095952034,0.529875204590759,10.844342231750488,10.538084983825684,4.650365352630615,250430,0.24542230367660522,0.7038373996725632,9.328995704650879,9.018282890319824,4.650365352630615,248121,0.3101588487625122,0.7613986724219232,8.451940536499023,8.227166175842285,4.650365352630615,244851,0.35713857412338257,0.7961739996977754,8.451940536499023,8.227166175842285,4.650365352630615,244851,0.35713857412338257,0.7961739996977754,1024,1024,1.0,4,64.0,,4096,4092,0.9990234375,4,32.0,34.790184020996094,16300,15595,0.9567484662576687,4,16.0,27.652875900268555,8.436893463134766,1.9124921560287476,777.2920532226562,261805,0.9987068176269531,261805
photo-0319-25,000114,261171,5.994330406188965,0.0,5.994330406188965,0,,,16.285511016845703,15.101048469543457,5.994330406188965,256050,-7.478969928342849e-05,0.505592657684046,11.421249389648438,10.664809226989746,5.994330406188965,254992,0.2596699297428131,0.7101634561084269,9.905879020690918,9.166171073913574,5.994330406188965,253576,0.38772258162498474,0.8127504180206329,8.820302963256836,8.410926818847656,5.994330406188965,255029,0.4527812600135803,0.8394143411141478,8.820302963256836,8.410926818847656,5.994330406188965,255029,0.4527812600135803,0.8394143411141478,1023,1023,1.0,4,64.0,,4056,4021,0.991370808678501,4,32.0,35.87066650390625,16266,15463,0.9506332226730604,4,16.0,30.910810470581055,8.800838470458984,2.2394497394561768,956.6784057617188,261171,0.9962882995605469,261171
photo-0319-25,000115,261786,4.9601359367370605,0.0,4.9601359367370605,0,,,13.907593727111816,13.659433364868164,4.9601359367370605,251728,0.014883484691381454,0.4936081802580563,8.06225299835205,7.996072769165039,4.9601359367370605,250786,0.1970502734184265,0.6445295989409298,7.266781806945801,6.306406497955322,4.9601359367370605,247042,0.21960416436195374,0.690392726742821,7.267096519470215,6.0669660568237305,4.9601359367370605,242523,0.22316227853298187,0.7024859497862058,7.267096519470215,6.0669660568237305,4.9601359367370605,242523,0.22316227853298187,0.7024859497862058,1024,1024,1.0,4,64.0,,4087,4087,1.0,4,32.0,,16314,16045,0.9835110947652324,4,16.0,19.20612335205078,7.2547526359558105,1.9357376098632812,882.0617065429688,261786,0.9986343383789062,261786
photo-0319-25,000116,261291,6.142313003540039,0.0,6.142313003540039,0,,,16.382617950439453,15.336621284484863,6.142313003540039,259498,0.027255453169345856,0.5321389760229366,11.359379768371582,10.860577583312988,6.142313003540039,258853,0.2581404745578766,0.7059527994653336,9.686576843261719,9.092679977416992,6.142313003540039,256818,0.3588598966598511,0.7982345474226884,8.878992080688477,8.43460464477539,6.142313003540039,258085,0.38447055220603943,0.7694325512912412,8.878992080688477,8.43460464477539,6.142313003540039,258085,0.38447055220603943,0.7694325512912412,1024,1024,1.0,4,64.0,,4064,4058,0.9985236220472441,4,32.0,35.90645217895508,16256,15399,0.9472810039370079,4,16.0,29.179309844970703,8.858124732971191,2.5613410472869873,1073.6197509765625,261291,0.9967460632324219,261291
photo-0319-25,000117,260820,7.007961273193359,0.0,7.007961273193359,0,,,15.614543914794922,14.624129295349121,7.007961273193359,259541,0.030783647671341896,0.5519898590203475,8.847637176513672,8.940000534057617,7.007961273193359,259621,0.34062713384628296,0.7160476232662227,7.555757999420166,7.255387783050537,7.007961273193359,258829,0.44708549976348877,0.7924034787446538,7.419217586517334,7.278145790100098,7.007961273193359,258574,0.4974706172943115,0.7960970553883995,7.419217586517334,7.278145790100098,7.007961273193359,258574,0.4974706172943115,0.7960970553883995,1021,1021,1.0,4,64.0,,4043,4043,1.0,4,32.0,,16231,15716,0.9682705933090999,4,16.0,22.24362564086914,7.408778667449951,2.8613386154174805,1214.7415771484375,260820,0.9949493408203125,260820
photo-0319-25,000118,260820,7.15840482711792,0.0,7.15840482711792,0,,,14.72247314453125,14.084579467773438,7.15840482711792,259248,0.09921953082084656,0.5966294821946553,8.706543922424316,8.838272094726562,7.15840482711792,258962,0.3837938904762268,0.7581498443787119,7.534876346588135,7.152080535888672,7.15840482711792,258718,0.47210240364074707,0.8123671333266337,7.494657039642334,7.090219974517822,7.15840482711792,258551,0.4936182200908661,0.799528913057772,7.494657039642334,7.090219974517822,7.15840482711792,258551,0.4936182200908661,0.799528913057772,1021,1021,1.0,4,64.0,,4043,4043,1.0,4,32.0,,16230,15703,0.9675292667898953,4,16.0,22.304109573364258,7.486474514007568,2.863992929458618,1251.3070068359375,260820,0.9949493408203125,260820
photo-0319-25,000119,260645,7.4991374015808105,0.0,7.4991374015808105,0,,,14.649557113647461,14.166557312011719,7.4991374015808105,258443,0.11177925020456314,0.5866593407443808,8.635908126831055,8.883589744567871,7.4991374015808105,258884,0.32796958088874817,0.7141461040466001,7.451944828033447,7.0325927734375,7.4991374015808105,255235,0.41944384574890137,0.75591905498854,7.394765377044678,6.784196376800537,7.4991374015808105,257286,0.4405599534511566,0.7715810421087816,7.394765377044678,6.784196376800537,7.4991374015808105,257286,0.4405599534511566,0.7715810421087816,1016,1016,1.0,4,64.0,,4041,4041,1.0,4,32.0,,16223,15631,0.9635085989027923,4,16.0,22.295608520507812,7.3869099617004395,2.981916666030884,1322.781005859375,260645,0.9942817687988281,260645
photo-0319-25,000120,260091,8.582596778869629,0.0,8.582596778869629,0,,,16.674224853515625,15.510618209838867,8.582596778869629,259276,0.06205183267593384,0.590012187784446,10.278704643249512,10.07887077331543,8.582596778869629,259340,0.3701740503311157,0.7633955425310404,8.68382453918457,8.491921424865723,8.582596778869629,258604,0.5236919522285461,0.845118404974401,7.985815525054932,8.408013343811035,8.582596778869629,259336,0.5939726829528809,0.8505028225930839,7.985815525054932,8.408013343811035,8.582596778869629,259336,0.5939726829528809,0.8505028225930839,1009,1009,1.0,4,64.0,,4023,4023,1.0,4,32.0,,16178,15368,0.9499320064284831,4,16.0,23.417749404907227,7.970803260803223,3.5613560676574707,1416.1884765625,260091,0.9921684265136719,260091
photo-0319-25,000121,260354,8.274550437927246,0.0,8.274550437927246,0,,,16.191879272460938,14.785807609558105,8.274550437927246,259038,0.05461946129798889,0.5849064616002285,10.629518508911133,9.762533187866211,8.274550437927246,259458,0.3082912266254425,0.7395647850519159,8.9313383102417,8.005763053894043,8.274550437927246,257821,0.4488290548324585,0.8115359105736151,8.333664894104004,7.651583671569824,8.274550437927246,259470,0.4951467514038086,0.8042895132385247,8.333664894104004,7.651583671569824,8.274550437927246,259470,0.4951467514038086,0.8042895132385247,1011,1011,1.0,4,64.0,,4032,4031,0.9997519841269841,4,32.0,35.38701629638672,16206,15343,0.9467481179809947,4,16.0,25.01129722595215,8.326172828674316,3.3804895877838135,1401.3033447265625,260354,0.9931716918945312,260354
photo-0319-25,000122,260842,7.524423599243164,0.0,7.524423599243164,0,,,15.327977180480957,14.148894309997559,7.524423599243164,259166,0.03050600178539753,0.5403640909687227,11.009048461914062,9.790742874145508,7.524423599243164,259695,0.1603955626487732,0.6452800400469781,9.213916778564453,7.6994452476501465,7.524423599243164,258290,0.269828200340271,0.7067095125633978,8.532721519470215,7.181671142578125,7.524423599243164,258055,0.34406334161758423,0.7538625486814826,8.532721519470215,7.181671142578125,7.524423599243164,258055,0.34406334161758423,0.7538625486814826,1017,1017,1.0,4,64.0,,4046,4042,0.9990113692535838,4,32.0,35.54234313964844,16247,15347,0.9446051578753001,4,16.0,25.760448455810547,8.531427383422852,2.788841485977173,1296.279296875,260842,0.9950332641601562,260842
photo-0319-25,000123,260631,8.195157051086426,0.0,8.195157051086426,0,,,15.048880577087402,14.269187927246094,8.195157051086426,258427,0.09546460211277008,0.5799161852283237,10.04111385345459,9.29941463470459,8.195157051086426,255206,0.2673088610172272,0.6973895598065876,8.720503807067871,7.528679847717285,8.195157051086426,254296,0.3547840714454651,0.7357882153081449,8.197293281555176,7.105273246765137,8.195157051086426,259155,0.4310746192932129,0.7792633752001698,8.197293281555176,7.105273246765137,8.195157051086426,259155,0.4310746192932129,0.7792633752001698,1017,1017,1.0,4,64.0,,4039,4039,1.0,4,32.0,,16218,15358,0.9469724996917006,4,16.0,22.965356826782227,8.196303367614746,3.5644032955169678,1485.8948974609375,260631,0.9942283630371094,260631
photo-0319-25,000124,260096,9.17167854309082,0.0,9.17167854309082,0,,,15.745169639587402,15.561378479003906,9.17167854309082,258411,0.16562235355377197,0.6200006965647747,9.394441604614258,9.623396873474121,9.17167854309082,257452,0.3258616626262665,0.6808531299038267,8.572118759155273,7.713471412658691,9.17167854309082,257138,0.3761410713195801,0.7492630416352309,8.153550148010254,7.330559253692627,9.17167854309082,256117,0.5174958109855652,0.8248066313442685,8.153550148010254,7.330559253692627,9.17167854309082,256117,0.5174958109855652,0.8248066313442685,1011,1011,1.0,4,64.0,,4021,4021,1.0,4,32.0,,16173,15187,0.9390341927904532,4,16.0,22.185548782348633,8.141788482666016,3.4836483001708984,1603.4609375,260096,0.9921875,260096
photo-0319-25,000125,260480,8.765013694763184,0.0,8.765013694763184,0,,,15.973160743713379,15.812418937683105,8.765013694763184,259295,0.1577145904302597,0.6057039279585029,9.819437026977539,10.166352272033691,8.765013694763184,258329,0.3664337396621704,0.729186425062614,8.64034652709961,8.159175872802734,8.765013694763184,258331,0.454206645488739,0.7989014094320852,8.494922637939453,8.016569137573242,8.765013694763184,259476,0.4837486743927002,0.8010644529744562,8.494922637939453,8.016569137573242,8.765013694763184,259476,0.4837486743927002,0.8010644529744562,1018,1018,1.0,4,64.0,,4031,4031,1.0,4,32.0,,16198,15265,0.9424002963328806,4,16.0,22.66850471496582,8.483667373657227,3.488825798034668,1554.560302734375,260480,0.99365234375,260480
photo-0319-25,000126,261033,8.015910148620605,0.0,8.015910148620605,0,,,17.166255950927734,16.50497055053711,8.015910148620605,260051,0.06923805922269821,0.5510380656102072,10.90526008605957,10.380636215209961,8.015910148620605,258915,0.23389333486557007,0.6565861383079389,9.499170303344727,8.220280647277832,8.015910148620605,257913,0.2751063108444214,0.6890734472477154,9.040369033813477,8.016066551208496,8.015910148620605,258008,0.39728671312332153,0.7611314377848749,9.040369033813477,8.016066551208496,8.015910148620605,258008,0.39728671312332153,0.7611314377848749,1024,1024,1.0,4,64.0,,4050,4050,1.0,4,32.0,,16232,15362,0.9464021685559388,4,16.0,22.587419509887695,9.022727012634277,3.2993171215057373,1441.768310546875,261033,0.9957618713378906,261033
photo-0319-25,000127,260134,9.47280216217041,0.0,9.47280216217041,0,,,17.408090591430664,16.93988037109375,9.47280216217041,258968,0.1470179557800293,0.6269230175156776,12.183516502380371,12.565949440002441,9.47280216217041,258382,0.3584984838962555,0.740612736181313,10.608210563659668,10.415287971496582,9.47280216217041,256913,0.4963710308074951,0.8248823531701394,9.690757751464844,10.13977336883545,9.47280216217041,259748,0.5590612292289734,0.8399448696428846,9.690757751464844,10.13977336883545,9.47280216217041,259748,0.5590612292289734,0.8399448696428846,1014,1014,1.0,4,64.0,,4020,3999,0.994776119402985,4,32.0,35.00019073486328,16166,14778,0.9141407893108994,4,16.0,28.628320693969727,9.684459686279297,3.7662909030914307,1709.8447265625,260134,0.9923324584960938,260134
photo-0319-25,000128,260351,9.285846710205078,0.0,9.285846710205078,0,,,18.046585083007812,17.95425796508789,9.285846710205078,258572,0.1998317837715149,0.6665300187181907,12.692485809326172,13.25064754486084,9.285846710205078,259755,0.3989104628562927,0.7700371503917153,11.18726921081543,11.372675895690918,9.285846710205078,258220,0.5012802481651306,0.8351405778018743,9.826902389526367,10.519258499145508,9.285846710205078,258819,0.5737397074699402,0.8578620580405611,9.826902389526367,10.519258499145508,9.285846710205078,258819,0.5737397074699402,0.8578620580405611,1020,1020,1.0,4,64.0,,4021,4005,0.9960208903257896,4,32.0,36.10020065307617,16164,14648,0.9062113338282604,4,16.0,29.68243980407715,9.817888259887695,3.9067862033843994,1716.0693359375,260351,0.9931602478027344,260351
photo-0319-25,000129,260192,9.444708824157715,0.0,9.444708824157715,0,,,17.052387237548828,17.13338851928711,9.444708824157715,258520,0.2328902631998062,0.685710970137707,12.407329559326172,13.353527069091797,9.444708824157715,260018,0.4226208031177521,0.7829381042850879,10.587577819824219,11.50563907623291,9.444708824157715,258016,0.5683512687683105,0.8701863450328662,9.344801902770996,10.954408645629883,9.444708824157715,259959,0.604952335357666,0.857489065583419,9.344801902770996,10.954408645629883,9.444708824157715,259959,0.604952335357666,0.857489065583419,1023,1023,1.0,4,64.0,,4008,4007,0.999750499001996,4,32.0,36.39268493652344,16131,14729,0.913086603434381,4,16.0,28.485881805419922,9.303776741027832,3.9338948726654053,1761.5555419921875,260192,0.9925537109375,260192
photo-0319-25,000130,260281,9.392568588256836,0.0,9.392568588256836,0,,,15.813589096069336,16.382801055908203,9.392568588256836,258617,0.2682073712348938,0.7079542334803977,10.971718788146973,12.433802604675293,9.392568588256836,259826,0.4732881486415863,0.8117316973666993,9.401422500610352,10.80754280090332,9.392568588256836,257973,0.5993621349334717,0.8786423385393045,8.445392608642578,10.227941513061523,9.392568588256836,259995,0.6240488290786743,0.8747052827938999,8.445392608642578,10.227941513061523,9.392568588256836,259995,0.6240488290786743,0.8747052827938999,1024,1024,1.0,4,64.0,,4012,4012,1.0,4,32.0,,16142,14883,0.9220047082145955,4,16.0,25.59319496154785,8.406170845031738,3.8610782623291016,1767.422607421875,260281,0.9928932189941406,260281
photo-0319-25,000131,260100,9.568202018737793,0.0,9.568202018737793,0,,,16.765762329101562,17.812463760375977,9.568202018737793,258986,0.3239503800868988,0.7166835272949117,10.241766929626465,12.861950874328613,9.568202018737793,259695,0.5747146606445312,0.8587458364620035,8.760231018066406,11.0615873336792,9.568202018737793,258166,0.676527738571167,0.9229178125702068,8.244440078735352,10.438128471374512,9.568202018737793,259885,0.6754329204559326,0.9165707909267561,8.244440078735352,10.438128471374512,9.568202018737793,259885,0.6754329204559326,0.9165707909267561,1023,1023,1.0,4,64.0,,3969,3969,1.0,4,32.0,,16129,14993,0.9295678591357183,4,16.0,24.306808471679688,8.20931625366211,4.113412857055664,1767.6185302734375,260100,0.9922027587890625,260100
photo-0319-25,000132,260678,8.826355934143066,0.0,8.826355934143066,0,,,15.980108261108398,16.79770278930664,8.826355934143066,259792,0.3028559386730194,0.712774065406171,9.624299049377441,11.97900104522705,8.826355934143066,259925,0.5460116267204285,0.8322593055689141,8.484060287475586,10.645605087280273,8.826355934143066,258643,0.6466252207756042,0.9022474994490475,8.081023216247559,10.038168907165527,8.826355934143066,260305,0.6467335224151611,0.8928795067324868,8.081023216247559,10.038168907165527,8.826355934143066,260305,0.6467335224151611,0.8928795067324868,1024,1024,1.0,4,64.0,,4040,4040,1.0,4,32.0,,16129,15125,0.937751875503751,4,16.0,24.125675201416016,8.023796081542969,4.30764627456665,1729.6761474609375,260678,0.9944076538085938,260678
photo-0319-25,000133,260072,9.686972618103027,0.0,9.686972618103027,0,,,17.411727905273438,17.495716094970703,9.686972618103027,258714,0.2452366054058075,0.6753635288387949,11.128808975219727,12.634706497192383,9.686972618103027,259561,0.5369038581848145,0.8351023458840119,9.934345245361328,11.29097843170166,9.686972618103027,258299,0.6305546164512634,0.8986716944316471,8.75477409362793,10.881949424743652,9.686972618103027,259106,0.7031698822975159,0.9276666692396163,8.75477409362793,10.881949424743652,9.686972618103027,259106,0.7031698822975159,0.9276666692396163,1022,1022,1.0,4,64.0,,4001,4001,1.0,4,32.0,,16131,14803,0.9176740437666605,4,16.0,25.222267150878906,8.734898567199707,3.691190719604492,1752.9573974609375,260072,0.992095947265625,260072
photo-0319-25,000134,260076,9.670795440673828,0.0,9.670795440673828,0,,,15.923897743225098,16.458328247070312,9.670795440673828,258933,0.27953627705574036,0.6871584541174744,9.934865951538086,12.122687339782715,9.670795440673828,259391,0.5853636860847473,0.8511436402959239,8.677186965942383,10.634589195251465,9.670795440673828,259075,0.6775648593902588,0.9148663514426324,7.890878200531006,10.630685806274414,9.670795440673828,259264,0.7214353680610657,0.9338897803011602,7.890878200531006,10.630685806274414,9.670795440673828,259264,0.7214353680610657,0.9338897803011602,1014,1014,1.0,4,64.0,,4016,4016,1.0,4,32.0,,16161,15191,0.9399789616979147,4,16.0,22.906415939331055,7.881857395172119,3.594669818878174,1744.7655029296875,260076,0.9921112060546875,260076
photo-0319-25,000135,259719,10.094270706176758,0.0,10.094270706176758,0,,,17.141799926757812,17.027881622314453,10.094270706176758,258877,0.24356558918952942,0.6838228193311882,11.722667694091797,13.893529891967773,10.094270706176758,259217,0.5758721828460693,0.8716172164634264,9.888766288757324,12.296247482299805,10.094270706176758,257792,0.6835635900497437,0.9310102718470705,8.615827560424805,11.925317764282227,10.094270706176758,259083,0.7221755981445312,0.9359819054125512,8.615827560424805,11.925317764282227,10.094270706176758,259083,0.7221755981445312,0.9359819054125512,1005,1005,1.0,4,64.0,,4012,4004,0.9980059820538385,4,32.0,37.273155212402344,16144,14901,0.9230054509415263,4,16.0,26.713237762451172,8.600494384765625,3.5872180461883545,1817.07470703125,259719,0.9907493591308594,259719
photo-0319-25,000136,258935,11.132264137268066,0.0,11.132264137268066,0,,,17.49602508544922,17.69902992248535,11.132264137268066,258039,0.30000564455986023,0.7230069873158709,11.278093338012695,14.45986557006836,11.132264137268066,258523,0.6466582417488098,0.9099847982577952,9.266560554504395,13.058553695678711,11.132264137268066,257838,0.7660567760467529,0.9614952024139188,8.276076316833496,12.88865852355957,11.132264137268066,258657,0.7814722657203674,0.9659046536532937,8.276076316833496,12.88865852355957,11.132264137268066,258657,0.7814722657203674,0.9659046536532937,996,994,0.9979919678714859,4,64.0,69.04109954833984,4001,4000,0.9997500624843789,4,32.0,37.495208740234375,16101,14890,0.9247872802931495,4,16.0,26.30398178100586,8.26330852508545,3.299913167953491,1824.2322998046875,258935,0.9877586364746094,258935
photo-0319-25,000137,259955,9.364535331726074,0.0,9.364535331726074,0,,,18.37956428527832,17.9796085357666,9.364535331726074,258970,0.23044712841510773,0.6779009151639186,12.485491752624512,14.719164848327637,9.364535331726074,259518,0.5935218334197998,0.8858229486972002,10.414848327636719,13.02734088897705,9.364535331726074,258020,0.7077779173851013,0.9449034958530347,8.800899505615234,12.444658279418945,9.364535331726074,259243,0.7255373597145081,0.9355546726430415,8.800899505615234,12.444658279418945,9.364535331726074,259243,0.7255373597145081,0.9355546726430415,1006,1000,0.9940357852882704,4,64.0,76.02796173095703,4028,4006,0.9945382323733863,4,32.0,39.406822204589844,16173,14819,0.916280220119953,4,16.0,28.286895751953125,8.793054580688477,3.071552038192749,1656.3084716796875,259955,0.9916496276855469,259955
photo-0319-25,000138,259107,10.48630142211914,0.0,10.48630142211914,0,,,16.792940139770508,17.699289321899414,10.48630142211914,257675,0.3716738820075989,0.7410032017075774,10.56649398803711,15.350846290588379,10.48630142211914,258967,0.7615794539451599,0.9606320496433909,8.781172752380371,14.117593765258789,10.48630142211914,258448,0.8100069165229797,0.9669836872407602,7.8596320152282715,13.473763465881348,10.48630142211914,258536,0.8032190799713135,0.9639353900423926,7.8596320152282715,13.473763465881348,10.48630142211914,258536,0.8032190799713135,0.9639353900423926,998,997,0.998997995991984,4,64.0,65.61878967285156,4016,3983,0.9917828685258964,4,32.0,36.95698547363281,16119,14745,0.9147589800856133,4,16.0,27.040842056274414,7.8507466316223145,3.005117654800415,1737.5611572265625,259107,0.9884147644042969,259107
photo-0319-25,000139,259788,9.128067016601562,0.0,9.128067016601562,0,,,17.425212860107422,17.394033432006836,9.128067016601562,259140,0.2936704158782959,0.7089874199274523,11.751795768737793,15.496878623962402,9.128067016601562,258686,0.7081114649772644,0.9460697525184973,10.001198768615723,14.230035781860352,9.128067016601562,259212,0.7599974274635315,0.9547127447803343,8.925414085388184,13.358233451843262,9.128067016601562,259016,0.7452168464660645,0.9423742162646322,8.925414085388184,13.358233451843262,9.128067016601562,259016,0.7452168464660645,0.9423742162646322,1004,997,0.9930278884462151,4,64.0,76.6708984375,4031,3970,0.9848672785909204,4,32.0,40.51011657714844,16176,14768,0.9129574678536103,4,16.0,29.257976531982422,8.914590835571289,3.216540575027466,1571.0743408203125,259788,0.9910125732421875,259788
photo-0319-25,000140,259372,9.538305282592773,0.0,9.538305282592773,0,,,17.21660041809082,17.995820999145508,9.538305282592773,256640,0.38821250200271606,0.7507793017456359,11.39000415802002,15.759440422058105,9.538305282592773,257418,0.7535015940666199,0.9615838830229432,9.655749320983887,14.543416023254395,9.538305282592773,257186,0.7895662188529968,0.9653674772343751,8.595620155334473,13.841456413269043,9.538305282592773,257071,0.7854344844818115,0.960186096448063,8.595620155334473,13.841456413269043,9.538305282592773,257071,0.7854344844818115,0.960186096448063,1001,998,0.997002997002997,4,64.0,70.59757995605469,4027,3973,0.9865905140302955,4,32.0,40.14362716674805,16145,14858,0.9202849179312481,4,16.0,28.361858367919922,8.585477828979492,3.167076587677002,1564.13427734375,259372,0.9894256591796875,259372
photo-0319-25,000141,259778,8.55088996887207,0.0,8.55088996887207,0,,,15.681120872497559,16.40433120727539,8.55088996887207,255169,0.4245961904525757,0.7670641809937727,11.050890922546387,15.17390251159668,8.55088996887207,256177,0.7735739350318909,0.9775506778516416,9.284566879272461,13.71757698059082,8.55088996887207,255753,0.788607120513916,0.9690248012731033,8.119010925292969,12.703277587890625,8.55088996887207,255468,0.782926082611084,0.960484287660294,8.119010925292969,12.703277587890625,8.55088996887207,255468,0.782926082611084,0.960484287660294,1003,1003,1.0,4,64.0,,4034,4027,0.9982647496281606,4,32.0,37.62968063354492,16177,15014,0.9281078073808493,4,16.0,25.97679901123047,8.111567497253418,2.9487690925598145,1514.29296875,259778,0.9909744262695312,259778
photo-0319-25,000142,259395,9.062699317932129,0.0,9.062699317932129,0,,,16.945947647094727,17.667631149291992,9.062699317932129,254204,0.4361318051815033,0.7787839687809791,11.673781394958496,15.870741844177246,9.062699317932129,255621,0.7555596828460693,0.9817933581356775,9.842362403869629,14.7136869430542,9.062699317932129,255436,0.7963342070579529,0.974968289512833,8.600408554077148,13.872806549072266,9.062699317932129,255369,0.809063196182251,0.9780709483140083,8.600408554077148,13.872806549072266,9.062699317932129,255369,0.809063196182251,0.9780709483140083,1001,999,0.998001998001998,4,64.0,74.02072143554688,4029,3985,0.9890791759741872,4,32.0,39.22103500366211,16151,14878,0.921181350999938,4,16.0,27.47919273376465,8.588811874389648,2.9410781860351562,1443.98046875,259395,0.9895133972167969,259395
photo-0319-25,000143,259001,9.425609588623047,0.0,9.425609588623047,0,,,16.128551483154297,16.91154670715332,9.425609588623047,254029,0.4643464982509613,0.7781670596664161,11.564464569091797,15.589997291564941,9.425609588623047,255459,0.7642057538032532,0.9775658716271496,9.772056579589844,14.66793155670166,9.425609588623047,255436,0.8056119084358215,0.9763698147481169,8.405583381652832,13.855963706970215,9.425609588623047,254863,0.8240164518356323,0.9808681526938002,8.405583381652832,13.855963706970215,9.425609588623047,254863,0.8240164518356323,0.9808681526938002,999,999,1.0,4,64.0,,4020,3976,0.9890547263681592,4,32.0,37.495338439941406,16120,14729,0.9137096774193548,4,16.0,27.2612361907959,8.399370193481445,2.739757776260376,1462.9732666015625,259001,0.9880104064941406,259001
photo-0319-25,000144,258950,9.188865661621094,0.0,9.188865661621094,0,,,18.276552200317383,18.153566360473633,9.188865661621094,254686,0.3712179362773895,0.7169023817563588,11.188350677490234,13.77371597290039,9.188865661621094,255366,0.6828460693359375,0.9055199204279348,9.70900821685791,13.009190559387207,9.188865661621094,255044,0.7867764830589294,0.9699894920092219,9.014477729797363,13.111119270324707,9.188865661621094,254973,0.835636556148529,0.9958426970698858,9.014477729797363,13.111119270324707,9.188865661621094,254973,0.835636556148529,0.9958426970698858,999,999,1.0,4,64.0,,4017,4017,1.0,4,32.0,,16115,14803,0.9185851690971145,4,16.0,23.845436096191406,9.005790710449219,3.040619134902954,1447.951416015625,258950,0.9878158569335938,258950
photo-0319-25,000145,259569,7.879576683044434,0.0,7.879576683044434,0,,,17.351482391357422,18.122758865356445,7.879576683044434,255202,0.4399655759334564,0.7490654461955627,10.498126029968262,13.661216735839844,7.879576683044434,256158,0.7638335824012756,0.9170511949656072,9.233460426330566,12.858057975769043,7.879576683044434,256003,0.8324303030967712,0.9719729846915857,8.456348419189453,12.499939918518066,7.879576683044434,255614,0.8609719276428223,0.9975822920497313,8.456348419189453,12.499939918518066,7.879576683044434,255614,0.8609719276428223,0.9975822920497313,1003,1003,1.0,4,64.0,,4032,4032,1.0,4,32.0,,16157,14920,0.9234387571950238,4,16.0,23.208824157714844,8.447328567504883,2.746427059173584,1336.6363525390625,259569,0.9901771545410156,259569
photo-0319-25,000146,259235,8.14997673034668,0.0,8.14997673034668,0,,,16.924009323120117,17.531293869018555,8.14997673034668,255951,0.38416826725006104,0.7143828310887631,9.544059753417969,12.559142112731934,8.14997673034668,255123,0.7067709565162659,0.8803479106156639,8.335697174072266,11.96834945678711,8.14997673034668,255406,0.8275955319404602,0.9542923815415456,7.898620128631592,11.97634506225586,8.14997673034668,254484,0.8625817894935608,0.9877988400056585,7.898620128631592,11.97634506225586,8.14997673034668,254484,0.8625817894935608,0.9877988400056585,1000,1000,1.0,4,64.0,,4020,4020,1.0,4,32.0,,16138,15241,0.9444169042012641,4,16.0,20.559768676757812,7.889127731323242,2.765723466873169,1304.653076171875,259235,0.9889030456542969,259235
photo-0319-25,000147,259304,7.715066432952881,0.0,7.715066432952881,0,,,17.231107711791992,18.279756546020508,7.715066432952881,255836,0.3621262013912201,0.6981621038477774,9.71558666229248,12.737750053405762,7.715066432952881,254470,0.6943795680999756,0.8837859079655755,8.551730155944824,12.124693870544434,7.715066432952881,253616,0.8023179769515991,0.9432173049018989,8.132525444030762,12.109142303466797,7.715066432952881,252532,0.8208993077278137,0.9724232968495082,8.132525444030762,12.109142303466797,7.715066432952881,252532,0.8208993077278137,0.9724232968495082,1001,1001,1.0,4,64.0,,4021,4021,1.0,4,32.0,,16137,15405,0.9546384086261387,4,16.0,21.119709014892578,8.122220993041992,2.711878776550293,1235.5194091796875,259304,0.989166259765625,259304
photo-0319-25,000148,258835,8.116531372070312,0.0,8.116531372070312,0,,,15.632028579711914,16.92208480834961,8.116531372070312,255414,0.3384432792663574,0.6836117049182895,8.680538177490234,12.296411514282227,8.116531372070312,253254,0.7258755564689636,0.8991802696107465,7.808358192443848,12.139894485473633,8.116531372070312,254365,0.8230906128883362,0.9486368014467399,7.727362155914307,12.40395736694336,8.116531372070312,255096,0.8354128003120422,0.9714225232853514,7.727362155914307,12.40395736694336,8.116531372070312,255096,0.8354128003120422,0.9714225232853514,997,997,1.0,4,64.0,,4013,4013,1.0,4,32.0,,16104,15579,0.9673994038748137,4,16.0,19.899438858032227,7.714437484741211,2.7628579139709473,1233.1258544921875,258835,0.9873771667480469,258835
photo-0319-25,000149,258694,7.973762512207031,0.0,7.973762512207031,0,,,15.944581985473633,17.943859100341797,7.973762512207031,255289,0.38206130266189575,0.6988863601643628,7.8690290451049805,12.03176498413086,7.973762512207031,254383,0.7554084062576294,0.9077925804790414,7.262038230895996,12.008543968200684,7.973762512207031,253675,0.8593635559082031,0.9645097073026511,7.609455108642578,12.389242172241211,7.973762512207031,253219,0.858022153377533,0.9750097741480694,7.609455108642578,12.389242172241211,7.973762512207031,253219,0.858022153377533,0.9750097741480694,996,996,1.0,4,64.0,,4010,4010,1.0,4,32.0,,16091,15686,0.97483065067429,4,16.0,19.655261993408203,7.592946529388428,2.8768506050109863,1209.7501220703125,258694,0.9868392944335938,258694
photo-0319-25,000150,258672,7.615964412689209,0.0,7.615964412689209,0,,,16.083894729614258,18.073976516723633,7.615964412689209,255396,0.34503990411758423,0.6838752368870303,8.37944507598877,11.904239654541016,7.615964412689209,252259,0.6895449757575989,0.8795325439330213,7.63183069229126,12.037976264953613,7.615964412689209,253878,0.8198132514953613,0.9404792853260228,7.431954860687256,12.54423999786377,7.615964412689209,251735,0.8551290035247803,0.9650346594633246,7.431954860687256,12.54423999786377,7.615964412689209,251735,0.8551290035247803,0.9650346594633246,997,997,1.0,4,64.0,,4009,4009,1.0,4,32.0,,16088,15523,0.9648806563898558,4,16.0,20.306367874145508,7.413622856140137,2.665842056274414,1137.1173095703125,258672,0.98675537109375,258672
photo-0319-25,000151,258478,7.526427268981934,0.0,7.526427268981934,0,,,16.12030601501465,18.617778778076172,7.526427268981934,255262,0.3567737936973572,0.6876620883641121,7.993627071380615,12.292685508728027,7.526427268981934,253385,0.6620824933052063,0.8550111490419717,7.1488447189331055,12.301836013793945,7.526427268981934,251747,0.8178954720497131,0.9432168009946494,7.089343070983887,12.90008544921875,7.526427268981934,251254,0.861187756061554,0.9568166078947997,7.089343070983887,12.90008544921875,7.526427268981934,251254,0.861187756061554,0.9568166078947997,996,996,1.0,4,64.0,,4005,4005,1.0,4,32.0,,16072,15490,0.9637879542060727,4,16.0,20.315279006958008,7.07016658782959,2.461381673812866,1046.15966796875,258478,0.9860153198242188,258478
photo-0319-25,000152,258502,7.066701889038086,0.0,7.066701889038086,0,,,15.299308776855469,17.65270233154297,7.066701889038086,255458,0.38227057456970215,0.7080146247132602,7.696934223175049,11.978242874145508,7.066701889038086,254309,0.6959667205810547,0.8786043749926271,6.844567775726318,12.087627410888672,7.066701889038086,254259,0.8659738898277283,0.9614094289680994,6.834988117218018,12.571465492248535,7.066701889038086,254701,0.897002637386322,0.9792658843114083,6.834988117218018,12.571465492248535,7.066701889038086,254701,0.897002637386322,0.9792658843114083,993,993,1.0,4,64.0,,4005,4005,1.0,4,32.0,,16072,15492,0.9639123942259831,4,16.0,20.78289794921875,6.816630840301514,2.39923095703125,1051.1436767578125,258502,0.9861068725585938,258502
photo-0319-25,000153,258105,7.271583557128906,0.0,7.271583557128906,0,,,15.232904434204102,18.00861167907715,7.271583557128906,255096,0.437190443277359,0.7624266942641201,8.076788902282715,12.806304931640625,7.271583557128906,252750,0.7276920080184937,0.8954737883283878,7.029665946960449,12.682365417480469,7.271583557128906,253254,0.8773626089096069,0.9655089356930197,6.948261737823486,13.0697660446167,7.271583557128906,254659,0.9008558392524719,0.974031940752143,6.948261737823486,13.0697660446167,7.271583557128906,254659,0.9008558392524719,0.974031940752143,990,990,1.0,4,64.0,,3996,3996,1.0,4,32.0,,16043,15370,0.9580502399800536,4,16.0,20.625202178955078,6.930030822753906,2.365003824234009,1067.1728515625,258105,0.9845924377441406,258105
photo-0319-25,000154,258043,6.969549179077148,0.0,6.969549179077148,0,,,14.774984359741211,17.371843338012695,6.969549179077148,254747,0.4157543182373047,0.7545368542122184,8.582316398620605,12.762938499450684,6.969549179077148,251232,0.664179801940918,0.8719072411157814,7.149775505065918,12.313475608825684,6.969549179077148,253225,0.8115708231925964,0.9281469049264488,6.640642166137695,12.507838249206543,6.969549179077148,252535,0.8874116539955139,0.9571584136852318,6.640642166137695,12.507838249206543,6.969549179077148,252535,0.8874116539955139,0.9571584136852318,990,990,1.0,4,64.0,,3993,3993,1.0,4,32.0,,16039,15212,0.9484381819315418,4,16.0,20.98800277709961,6.623332500457764,2.2938296794891357,1038.807373046875,258043,0.9843559265136719,258043
photo-0319-25,000155,257662,7.161035537719727,0.0,7.161035537719727,0,,,14.713043212890625,17.297632217407227,7.161035537719727,254218,0.35404863953590393,0.6875948988663273,7.445221900939941,11.537574768066406,7.161035537719727,251632,0.6321901082992554,0.8707954473198957,6.282201766967773,11.740461349487305,7.161035537719727,251134,0.8056604266166687,0.9231446160217255,6.232161521911621,12.325509071350098,7.161035537719727,250582,0.8599065542221069,0.9364639120128341,6.232161521911621,12.325509071350098,7.161035537719727,250582,0.8599065542221069,0.9364639120128341,989,989,1.0,4,64.0,,3986,3986,1.0,4,32.0,,16012,15186,0.9484136897327005,4,16.0,21.19685935974121,6.215853691101074,2.216428279876709,1015.5125122070312,257662,0.9829025268554688,257662
photo-0319-25,000156,257270,7.342494487762451,0.0,7.342494487762451,0,,,14.480517387390137,17.681047439575195,7.342494487762451,253920,0.42417097091674805,0.755856175173283,7.801364421844482,12.53178596496582,7.342494487762451,253836,0.6919216513633728,0.906829606517594,6.465090751647949,12.352855682373047,7.342494487762451,252781,0.8349548578262329,0.9490665833270697,6.3243408203125,12.721636772155762,7.342494487762451,250813,0.878706693649292,0.9581839856785733,6.3243408203125,12.721636772155762,7.342494487762451,250813,0.878706693649292,0.9581839856785733,987,987,1.0,4,64.0,,3979,3979,1.0,4,32.0,,15984,15059,0.9421296296296297,4,16.0,21.068429946899414,6.3077921867370605,2.222167491912842,1044.91162109375,257270,0.9814071655273438,257270
photo-0319-25,000157,256952,7.420334339141846,0.0,7.420334339141846,0,,,15.205022811889648,18.225257873535156,7.420334339141846,252890,0.4778982698917389,0.795543516944126,7.736340045928955,12.61910629272461,7.420334339141846,252859,0.7580136656761169,0.9423314970003045,6.3418288230896,12.399038314819336,7.420334339141846,252008,0.84413081407547,0.9496603282435478,6.206495761871338,12.767789840698242,7.420334339141846,251750,0.9039254188537598,0.9744826216484608,6.206495761871338,12.767789840698242,7.420334339141846,251750,0.9039254188537598,0.9744826216484608,986,986,1.0,4,64.0,,3971,3971,1.0,4,32.0,,15960,14930,0.9354636591478697,4,16.0,21.651960372924805,6.199123382568359,2.490140914916992,1089.60546875,256952,0.980194091796875,256952
photo-0319-25,000158,256574,7.539739608764648,0.0,7.539739608764648,0,,,14.83541488647461,17.899799346923828,7.539739608764648,252243,0.5005960464477539,0.7657695159033154,7.893717288970947,12.640290260314941,7.539739608764648,253071,0.7701312303543091,0.9680840554626963,6.4369964599609375,12.617061614990234,7.539739608764648,252239,0.8912338018417358,0.9941721938320403,6.327433109283447,13.048761367797852,7.539739608764648,253087,0.9412667751312256,0.9996680983219209,6.327433109283447,13.048761367797852,7.539739608764648,253087,0.9412667751312256,0.9996680983219209,982,982,1.0,4,64.0,,3964,3964,1.0,4,32.0,,15936,14859,0.9324171686746988,4,16.0,21.401182174682617,6.309983253479004,2.2938995361328125,1077.6031494140625,256574,0.9787521362304688,256574
photo-0319-25,000159,255748,8.339491844177246,0.0,8.339491844177246,0,,,15.462972640991211,18.080257415771484,8.339491844177246,253272,0.4690781533718109,0.7487839161060046,7.1858296394348145,12.105175018310547,8.339491844177246,253626,0.8241242170333862,0.9878916199443275,5.812489986419678,12.752364158630371,8.339491844177246,253648,0.9298932552337646,0.999448053996089,5.843478679656982,13.379902839660645,8.339491844177246,253870,0.9571028351783752,1.0,5.843478679656982,13.379902839660645,8.339491844177246,253870,0.9571028351783752,1.0,978,978,1.0,4,64.0,,3950,3950,1.0,4,32.0,,15881,14654,0.9227378628549839,4,16.0,21.4165096282959,5.831045150756836,3.1967849731445312,1277.60791015625,255748,0.9756011962890625,255748
photo-0319-25,000160,255375,8.409449577331543,0.0,8.409449577331543,0,,,15.551791191101074,18.416973114013672,8.409449577331543,251385,0.5252000689506531,0.7819122063766732,7.557422161102295,12.890634536743164,8.409449577331543,251390,0.853019654750824,0.9991407772783325,6.1101975440979,13.110608100891113,8.409449577331543,251161,0.9301204085350037,1.0,6.0997796058654785,13.56357479095459,8.409449577331543,251430,0.951693058013916,0.9999204549974148,6.0997796058654785,13.56357479095459,8.409449577331543,251430,0.951693058013916,0.9999204549974148,977,977,1.0,4,64.0,,3942,3942,1.0,4,32.0,,15853,14620,0.9222229231060367,4,16.0,21.2890567779541,6.0848612785339355,3.0070993900299072,1275.81396484375,255375,0.9741783142089844,255375
photo-0319-25,000161,254220,9.589540481567383,0.0,9.589540481567383,0,,,16.188718795776367,19.882015228271484,9.589540481567383,254047,0.5738358497619629,0.8189468877806075,8.241384506225586,14.47575855255127,9.589540481567383,254220,0.8506818413734436,1.0,6.656221866607666,14.300442695617676,9.589540481567383,254220,0.9150469899177551,1.0,6.5853190422058105,14.644048690795898,9.589540481567383,254220,0.9148728847503662,0.996919990559358,6.5853190422058105,14.644048690795898,9.589540481567383,254220,0.9148728847503662,0.996919990559358,967,967,1.0,4,64.0,,3929,3929,1.0,4,32.0,,15786,14375,0.9106170024071962,4,16.0,21.40321159362793,6.567195415496826,3.7761571407318115,1528.285888671875,254220,0.9697723388671875,254220
photo-0319-25,000162,254226,9.134856224060059,0.0,9.134856224060059,0,,,15.559968948364258,18.77194595336914,9.134856224060059,254141,0.5662057995796204,0.8209025698332815,8.485285758972168,14.162192344665527,9.134856224060059,254226,0.8304483890533447,0.998875016717409,6.888045310974121,13.948587417602539,9.134856224060059,254226,0.8966568112373352,1.0,6.778132438659668,14.245893478393555,9.134856224060059,254226,0.8982591032981873,0.995287657438657,6.778132438659668,14.245893478393555,9.134856224060059,254226,0.8982591032981873,0.995287657438657,965,965,1.0,4,64.0,,3929,3929,1.0,4,32.0,,15789,14505,0.9186775603268098,4,16.0,20.568954467773438,6.757976055145264,3.5827689170837402,1477.2042236328125,254226,0.9697952270507812,254226
photo-0319-25,000163,253885,9.23179817199707,0.0,9.23179817199707,0,,,15.268013954162598,19.583322525024414,9.23179817199707,253797,0.6670134663581848,0.8955149194040907,9.616767883300781,15.697942733764648,9.23179817199707,253885,0.8186429142951965,0.9954861453020069,7.825929641723633,14.892034530639648,9.23179817199707,253885,0.8695412874221802,0.9921302952123993,7.204493045806885,14.474454879760742,9.23179817199707,253749,0.8528066277503967,0.9647722749646304,7.204493045806885,14.474454879760742,9.23179817199707,253749,0.8528066277503967,0.9647722749646304,962,962,1.0,4,64.0,,3925,3925,1.0,4,32.0,,15782,14306,0.9064757318464073,4,16.0,21.027822494506836,7.188457489013672,3.6380631923675537,1460.1458740234375,253885,0.9684944152832031,253885
photo-0319-25,000164,252867,10.206063270568848,0.0,10.206063270568848,0,,,14.629425048828125,18.15557098388672,10.206063270568848,252695,0.5801328420639038,0.818168147371337,8.414669036865234,14.754246711730957,10.206063270568848,252867,0.8300516605377197,0.996974694206836,7.0495452880859375,14.846817970275879,10.206063270568848,252867,0.8860135078430176,0.9970972882978009,7.107601642608643,15.223865509033203,10.206063270568848,252867,0.8778528571128845,0.9788228594478521,7.107601642608643,15.223865509033203,10.206063270568848,252867,0.8778528571128845,0.9788228594478521,961,961,1.0,4,64.0,,3912,3912,1.0,4,32.0,,15710,14152,0.900827498408657,4,16.0,20.638378143310547,7.09112548828125,4.1388702392578125,1666.63525390625,252867,0.9646110534667969,252867
photo-0319-25,000165,253155,9.554048538208008,0.0,9.554048538208008,0,,,14.697614669799805,19.041269302368164,9.554048538208008,253046,0.6530840396881104,0.8719126166783905,9.418872833251953,15.222474098205566,9.554048538208008,253155,0.8010134696960449,0.9958483932768462,7.840437412261963,14.828262329101562,9.554048538208008,253155,0.8654927611351013,0.9965949714601726,7.438590049743652,14.843253135681152,9.554048538208008,253155,0.8673140406608582,0.9788311508759455,7.438590049743652,14.843253135681152,9.554048538208008,253155,0.8673140406608582,0.9788311508759455,961,961,1.0,4,64.0,,3917,3917,1.0,4,32.0,,15728,14105,0.8968082400813835,4,16.0,21.263357162475586,7.428123474121094,3.7235119342803955,1634.873779296875,253155,0.9657096862792969,253155
photo-0319-25,000166,252312,10.275925636291504,0.0,10.275925636291504,0,,,15.644987106323242,19.64620590209961,10.275925636291504,252189,0.5989549160003662,0.856532204021587,9.856474876403809,15.939952850341797,10.275925636291504,252249,0.774501621723175,0.9938988856249182,8.376459121704102,15.464881896972656,10.275925636291504,252293,0.8420150279998779,0.9929328201733698,7.9770002365112305,15.277436256408691,10.275925636291504,252199,0.8322375416755676,0.9699959159235366,7.9770002365112305,15.277436256408691,10.275925636291504,252199,0.8322375416755676,0.9699959159235366,961,961,1.0,4,64.0,,3902,3902,1.0,4,32.0,,15687,13894,0.885701536303946,4,16.0,21.363784790039062,7.964544773101807,3.5533626079559326,1675.102294921875,252312,0.962493896484375,252312
photo-0319-25,000167,252547,9.661847114562988,0.0,9.661847114562988,0,,,15.015979766845703,18.521587371826172,9.661847114562988,252425,0.5921674966812134,0.847693374269585,8.973345756530762,14.854585647583008,9.661847114562988,252477,0.8086406588554382,0.9959045774466585,7.556812286376953,14.555255889892578,9.661847114562988,252505,0.876211404800415,0.9980594443674383,7.471836566925049,14.480203628540039,9.661847114562988,250500,0.8486614227294922,0.9713493013972055,7.471836566925049,14.480203628540039,9.661847114562988,250500,0.8486614227294922,0.9713493013972055,961,961,1.0,4,64.0,,3907,3907,1.0,4,32.0,,15709,14167,0.9018397097205424,4,16.0,21.19228744506836,7.465236663818359,3.7893381118774414,1644.79833984375,252547,0.9633903503417969,252547
photo-0319-25,000168,252761,9.138084411621094,0.0,9.138084411621094,0,,,14.709885597229004,18.756385803222656,9.138084411621094,252561,0.6280330419540405,0.8696116977680639,9.060392379760742,14.65712833404541,9.138084411621094,252761,0.7923835515975952,0.9928034783847192,7.876229763031006,14.410404205322266,9.138084411621094,252761,0.8504077792167664,0.9890489434683357,7.521591663360596,14.373083114624023,9.138084411621094,252761,0.8559892773628235,0.9757161903932964,7.521591663360596,14.373083114624023,9.138084411621094,252761,0.8559892773628235,0.9757161903932964,961,961,1.0,4,64.0,,3912,3912,1.0,4,32.0,,15714,14248,0.9067073946799032,4,16.0,20.72672462463379,7.51439905166626,4.203680038452148,1667.2835693359375,252761,0.9642066955566406,252761
photo-0319-25,000169,251853,10.129768371582031,0.0,10.129768371582031,0,,,15.160472869873047,18.847576141357422,10.129768371582031,251732,0.5967645049095154,0.8673112675384933,8.95466136932373,14.463091850280762,10.129768371582031,251853,0.7472000122070312,0.9836333099069695,7.652491092681885,14.313345909118652,10.129768371582031,251853,0.8240493535995483,0.9955569320198687,7.16978645324707,14.342931747436523,10.129768371582031,251398,0.8624585866928101,0.996960994120876,7.16978645324707,14.342931747436523,10.129768371582031,251398,0.8624585866928101,0.996960994120876,961,961,1.0,4,64.0,,3889,3889,1.0,4,32.0,,15650,14077,0.8994888178913738,4,16.0,20.6240291595459,7.161466121673584,4.3847150802612305,1724.070556640625,251853,0.9607429504394531,251853
photo-0319-25,000170,251911,9.849418640136719,0.0,9.849418640136719,0,,,14.991544723510742,18.401578903198242,9.849418640136719,251782,0.5899544954299927,0.8536829479470336,9.588540077209473,14.66585922241211,9.849418640136719,251911,0.7297301888465881,0.9907903981961883,7.935098171234131,14.244356155395508,9.849418640136719,251911,0.8139747977256775,0.9999206068810016,7.4441914558410645,13.959773063659668,9.849418640136719,251728,0.8374137878417969,0.9960910188775186,7.4441914558410645,13.959773063659668,9.849418640136719,251728,0.8374137878417969,0.9960910188775186,961,961,1.0,4,64.0,,3881,3881,1.0,4,32.0,,15646,14184,0.9065575866036047,4,16.0,20.46282196044922,7.424033164978027,4.1964898109436035,1724.774169921875,251911,0.9609642028808594,251911
photo-0319-25,000171,251622,10.079217910766602,0.0,10.079217910766602,0,,,15.106618881225586,18.754091262817383,10.079217910766602,251431,0.5981042385101318,0.85414288611985,9.538400650024414,14.765042304992676,10.079217910766602,251622,0.7450171709060669,0.9921986153833926,7.700394630432129,14.30766773223877,10.079217910766602,251622,0.8350881934165955,1.0,7.25315523147583,13.961553573608398,10.079217910766602,251083,0.8490929007530212,0.991962817076425,7.25315523147583,13.961553573608398,10.079217910766602,251083,0.8490929007530212,0.991962817076425,961,961,1.0,4,64.0,,3869,3869,1.0,4,32.0,,15625,14129,0.904256,4,16.0,20.181251525878906,7.229958534240723,4.5606689453125,1806.762939453125,251622,0.9598617553710938,251622
photo-0319-25,000172,251901,9.670929908752441,0.0,9.670929908752441,0,,,15.170910835266113,18.270750045776367,9.670929908752441,251459,0.5570488572120667,0.8519201937492792,10.029533386230469,14.911842346191406,9.670929908752441,251670,0.7054826617240906,0.9631263162077324,8.200163841247559,14.422451972961426,9.670929908752441,251901,0.7997620701789856,0.9994601053588513,7.554610252380371,13.936477661132812,9.670929908752441,251615,0.8324921727180481,0.9972895097669058,7.554610252380371,13.936477661132812,9.670929908752441,251615,0.8324921727180481,0.9972895097669058,961,961,1.0,4,64.0,,3885,3885,1.0,4,32.0,,15651,14380,0.918791131557089,4,16.0,20.574167251586914,7.535007953643799,4.561103820800781,1699.149658203125,251901,0.9609260559082031,251901
photo-0319-25,000173,251989,9.413323402404785,0.0,9.413323402404785,0,,,14.902942657470703,17.564332962036133,9.413323402404785,250866,0.5201846361160278,0.8353104844817552,9.752150535583496,14.561867713928223,9.413323402404785,251989,0.7009890079498291,0.9673438126267416,8.054187774658203,14.120426177978516,9.413323402404785,251947,0.8046544790267944,1.0,7.446992874145508,13.896801948547363,9.413323402404785,251839,0.8437132239341736,0.9965176164136611,7.446992874145508,13.896801948547363,9.413323402404785,251839,0.8437132239341736,0.9965176164136611,961,961,1.0,4,64.0,,3880,3880,1.0,4,32.0,,15640,14424,0.9222506393861892,4,16.0,20.276521682739258,7.424854278564453,4.34168815612793,1717.4117431640625,251989,0.9612617492675781,251989
photo-0319-25,000174,252090,9.22870922088623,0.0,9.22870922088623,0,,,14.68753433227539,17.290239334106445,9.22870922088623,251270,0.5125696063041687,0.8269272097743463,9.379846572875977,13.896503448486328,9.22870922088623,252090,0.6985205411911011,0.9585425839977786,7.756979465484619,13.577871322631836,9.22870922088623,252090,0.803436279296875,0.9964655480185648,7.2754926681518555,13.341609954833984,9.22870922088623,251486,0.8361841440200806,0.9960832809778676,7.2754926681518555,13.341609954833984,9.22870922088623,251486,0.8361841440200806,0.9960832809778676,961,961,1.0,4,64.0,,3864,3864,1.0,4,32.0,,15625,14529,0.929856,4,16.0,19.903573989868164,7.250162124633789,4.748561859130859,1757.0452880859375,252090,0.9616470336914062,252090
photo-0319-25,000175,251905,9.565900802612305,0.0,9.565900802612305,0,,,16.312347412109375,19.31671714782715,9.565900802612305,251459,0.5284941792488098,0.8414413482913715,10.957859992980957,15.349602699279785,9.565900802612305,251592,0.6689566969871521,0.9526177302934911,9.19257926940918,14.81754207611084,9.565900802612305,251905,0.7602627873420715,0.9871141898731665,8.362750053405762,14.035538673400879,9.565900802612305,251778,0.786535918712616,0.9966319535463781,8.362750053405762,14.035538673400879,9.565900802612305,251778,0.786535918712616,0.9966319535463781,961,961,1.0,4,64.0,,3892,3851,0.9894655704008222,4,32.0,36.03361511230469,15642,13934,0.8908068021992073,4,16.0,22.23182487487793,8.323562622070312,4.513154983520508,1708.1456298828125,251905,0.9609413146972656,251905
photo-0319-25,000176,251387,10.456206321716309,0.0,10.456206321716309,0,,,16.00086212158203,19.181976318359375,10.456206321716309,250849,0.5115319490432739,0.8230409529238706,9.841785430908203,15.216325759887695,10.456206321716309,251352,0.722343921661377,0.9512516311785862,8.29053020477295,15.046262741088867,10.456206321716309,251387,0.8030849099159241,0.9814708000015911,7.68925142288208,14.340855598449707,10.456206321716309,251043,0.8415436148643494,0.9992829913600458,7.68925142288208,14.340855598449707,10.456206321716309,251043,0.8415436148643494,0.9992829913600458,961,961,1.0,4,64.0,,3878,3878,1.0,4,32.0,,15625,13965,0.89376,4,16.0,20.69200897216797,7.654099941253662,4.296908855438232,1816.5484619140625,251387,0.9589653015136719,251387
photo-0319-25,000177,252763,8.787553787231445,0.0,8.787553787231445,0,,,15.822341918945312,17.30965805053711,8.787553787231445,252352,0.37465184926986694,0.7575331283286837,8.996886253356934,12.85389232635498,8.787553787231445,251527,0.6727943420410156,0.9294310352367738,7.497104167938232,13.166280746459961,8.787553787231445,252743,0.790275514125824,0.9836751166204405,7.093448162078857,13.004626274108887,8.787553787231445,252436,0.8261913061141968,0.9994216355828804,7.093448162078857,13.004626274108887,8.787553787231445,252436,0.8261913061141968,0.9994216355828804,961,960,0.9989594172736732,4,64.0,66.46360778808594,3906,3906,1.0,4,32.0,,15742,14889,0.9458137466649726,4,16.0,20.80864143371582,7.0969438552856445,3.9051601886749268,1555.8438720703125,252763,0.9642143249511719,252763
photo-0319-25,000178,253342,8.030999183654785,0.0,8.030999183654785,0,,,16.30222511291504,18.13412094116211,8.030999183654785,253052,0.43434473872184753,0.7851864438929548,9.68222713470459,13.126450538635254,8.030999183654785,252871,0.6617507338523865,0.9556888690280815,7.679900646209717,12.867563247680664,8.030999183654785,253342,0.7860329747200012,0.9950659582698487,6.959777355194092,12.35994815826416,8.030999183654785,253224,0.8212245106697083,0.99749233879885,6.959777355194092,12.35994815826416,8.030999183654785,253224,0.8212245106697083,0.99749233879885,961,961,1.0,4,64.0,,3926,3926,1.0,4,32.0,,15750,14958,0.9497142857142857,4,16.0,20.78472137451172,6.9645915031433105,4.099974155426025,1500.09423828125,253342,0.9664230346679688,253342
photo-0319-25,000179,252737,8.987074851989746,0.0,8.987074851989746,0,,,15.505816459655762,17.382251739501953,8.987074851989746,252057,0.4455724060535431,0.7789944337987043,9.168468475341797,13.099478721618652,8.987074851989746,252737,0.7043260931968689,0.972643498973241,7.461999416351318,13.231863021850586,8.987074851989746,252737,0.8107984662055969,0.9989079557009856,6.888164043426514,13.402655601501465,8.987074851989746,252737,0.8582466840744019,1.0,6.888164043426514,13.402655601501465,8.987074851989746,252737,0.8582466840744019,1.0,961,961,1.0,4,64.0,,3917,3917,1.0,4,32.0,,15693,14758,0.9404192952271714,4,16.0,20.439132690429688,6.893782615661621,4.132100582122803,1648.546142578125,252737,0.9641151428222656,252737
photo-0319-25,000180,253668,8.324597358703613,0.0,8.324597358703613,0,,,14.462089538574219,17.763578414916992,8.324597358703613,253417,0.5940119028091431,0.8692550223544593,9.41348934173584,13.767648696899414,8.324597358703613,253668,0.6985477805137634,0.9499700395792926,7.555026054382324,12.875709533691406,8.324597358703613,253668,0.7769811749458313,0.9767373101849661,6.87138032913208,12.30706787109375,8.324597358703613,253646,0.805736243724823,0.9996530597762235,6.87138032913208,12.30706787109375,8.324597358703613,253646,0.805736243724823,0.9996530597762235,961,961,1.0,4,64.0,,3919,3919,1.0,4,32.0,,15750,14928,0.9478095238095238,4,16.0,20.17720603942871,6.865149974822998,3.4737255573272705,1410.1851806640625,253668,0.9676666259765625,253668
photo-0319-25,000181,254216,7.609692096710205,0.0,7.609692096710205,0,,,14.496313095092773,17.15534782409668,7.609692096710205,253774,0.5487592816352844,0.825951437105456,8.88431167602539,12.677026748657227,7.609692096710205,254216,0.6893796920776367,0.9731488183277213,7.197371959686279,12.134099006652832,7.609692096710205,254041,0.7979050874710083,0.9997244539267284,6.8608293533325195,12.110862731933594,7.609692096710205,254216,0.8250182867050171,0.9995397614626932,6.8608293533325195,12.110862731933594,7.609692096710205,254216,0.8250182867050171,0.9995397614626932,961,961,1.0,4,64.0,,3957,3957,1.0,4,32.0,,15797,15104,0.9561309109324555,4,16.0,19.748680114746094,6.848452091217041,3.769268274307251,1397.2254638671875,254216,0.969757080078125,254216
photo-0319-25,000182,253752,8.659719467163086,0.0,8.659719467163086,0,,,13.990716934204102,16.996023178100586,8.659719467163086,253046,0.5681444406509399,0.837345779028319,8.961935043334961,13.493828773498535,8.659719467163086,253752,0.7383334040641785,0.9945182698067404,7.406992435455322,13.236483573913574,8.659719467163086,253752,0.8339595794677734,1.0,6.9932427406311035,13.141032218933105,8.659719467163086,253609,0.8622333407402039,0.9996963830147984,6.9932427406311035,13.141032218933105,8.659719467163086,253609,0.8622333407402039,0.9996963830147984,961,961,1.0,4,64.0,,3945,3945,1.0,4,32.0,,15771,14802,0.9385581129922008,4,16.0,20.549760818481445,6.9916300773620605,4.268871307373047,1553.7481689453125,253752,0.967987060546875,253752
photo-0319-25,000183,254381,8.412894248962402,0.0,8.412894248962402,0,,,13.823847770690918,16.587997436523438,8.412894248962402,253663,0.5456510186195374,0.849544474361653,8.99902629852295,13.3087158203125,8.412894248962402,254381,0.6915243864059448,0.9476218742752014,7.633899688720703,12.95133113861084,8.412894248962402,254381,0.7898662090301514,0.9935254598417335,7.2454657554626465,12.8462553024292,8.412894248962402,254381,0.811072051525116,0.9898577330854113,7.2454657554626465,12.8462553024292,8.412894248962402,254381,0.811072051525116,0.9898577330854113,961,961,1.0,4,64.0,,3944,3944,1.0,4,32.0,,15779,14801,0.9380188858609544,4,16.0,20.28539276123047,7.2387003898620605,3.529313564300537,1401.3060302734375,254381,0.9703865051269531,254381
photo-0319-25,000184,255631,7.453214168548584,0.0,7.453214168548584,0,,,14.01871395111084,15.673481941223145,7.453214168548584,255161,0.43843141198158264,0.7754711731024726,8.67700481414795,12.048930168151855,7.453214168548584,254900,0.6400010585784912,0.902695174578266,7.487336158752441,11.810357093811035,7.453214168548584,255284,0.7465097904205322,0.967314833675436,7.290545463562012,11.75935173034668,7.453214168548584,255210,0.7595183849334717,0.9855099721797735,7.290545463562012,11.75935173034668,7.453214168548584,255210,0.7595183849334717,0.9855099721797735,964,964,1.0,4,64.0,,3968,3968,1.0,4,32.0,,15890,15159,0.953996224040277,4,16.0,20.578224182128906,7.289486408233643,3.305375099182129,1155.17626953125,255631,0.9751548767089844,255631
photo-0319-25,000185,255986,7.5985822677612305,0.0,7.5985822677612305,0,,,13.99766731262207,15.719722747802734,7.5985822677612305,255593,0.4451311230659485,0.7797866138744018,8.590028762817383,12.604779243469238,7.5985822677612305,255262,0.7010089159011841,0.9330766036464495,7.4511847496032715,12.237627983093262,7.5985822677612305,255880,0.7803832292556763,0.9876973581366265,7.300591468811035,12.04797077178955,7.5985822677612305,255680,0.7763406038284302,0.9901282853566958,7.300591468811035,12.04797077178955,7.5985822677612305,255680,0.7763406038284302,0.9901282853566958,974,974,1.0,4,64.0,,3969,3969,1.0,4,32.0,,15932,15209,0.9546196334421291,4,16.0,20.61256980895996,7.296700477600098,3.099457263946533,1118.9537353515625,255986,0.9765090942382812,255986
photo-0319-25,000186,255577,8.986929893493652,0.0,8.986929893493652,0,,,13.940797805786133,15.542170524597168,8.986929893493652,255295,0.43259453773498535,0.7572651246597074,7.920423984527588,12.707708358764648,8.986929893493652,253084,0.7621878385543823,0.9500482053389389,7.045538425445557,12.842296600341797,8.986929893493652,255577,0.8227307796478271,0.9869002296763794,7.066340446472168,12.878832817077637,8.986929893493652,255247,0.8296787738800049,0.9926149964544148,7.066340446472168,12.878832817077637,8.986929893493652,255247,0.8296787738800049,0.9926149964544148,977,977,1.0,4,64.0,,3938,3938,1.0,4,32.0,,15881,15097,0.9506328316856621,4,16.0,20.53356170654297,7.072598934173584,2.913308620452881,1210.5341796875,255577,0.9749488830566406,255577
photo-0319-25,000187,256937,8.055896759033203,0.0,8.055896759033203,0,,,15.230329513549805,16.532533645629883,8.055896759033203,256526,0.3850609064102173,0.7308187084350124,8.41922664642334,12.44520092010498,8.055896759033203,254633,0.7246170043945312,0.9216951455624369,7.36225700378418,12.281425476074219,8.055896759033203,256884,0.7863275408744812,0.9693402469597172,7.097928047180176,12.013318061828613,8.055896759033203,256912,0.8048137426376343,0.99582347262876,7.097928047180176,12.013318061828613,8.055896759033203,256912,0.8048137426376343,0.99582347262876,992,992,1.0,4,64.0,,3988,3988,1.0,4,32.0,,15942,15311,0.9604190189436708,4,16.0,20.85247802734375,7.0773468017578125,2.1239123344421387,1009.9837036132812,256937,0.9801368713378906,256937
photo-0319-25,000188,256940,8.478838920593262,0.0,8.478838920593262,0,,,15.064888954162598,16.62497329711914,8.478838920593262,255768,0.44260314106941223,0.7814660160770699,8.403299331665039,13.140963554382324,8.478838920593262,256659,0.7773181200027466,0.9899555441266428,7.1589035987854,12.808100700378418,8.478838920593262,256940,0.8269469141960144,0.9971705456526816,6.7534966468811035,12.534473419189453,8.478838920593262,256940,0.8408355116844177,1.0,6.7534966468811035,12.534473419189453,8.478838920593262,256940,0.8408355116844177,1.0,992,992,1.0,4,64.0,,3983,3983,1.0,4,32.0,,15956,15180,0.9513662572073202,4,16.0,21.88092041015625,6.738015651702881,2.791330099105835,1081.115234375,256940,0.9801483154296875,256940
photo-0319-25,000189,257274,8.53023624420166,0.0,8.53023624420166,0,,,15.201522827148438,16.35546875,8.53023624420166,256172,0.39132189750671387,0.7389254094904986,8.074065208435059,12.539077758789062,8.53023624420166,257268,0.7762952446937561,0.9951878974454654,6.875532627105713,12.355504035949707,8.53023624420166,257242,0.8315330743789673,1.0,6.666347980499268,12.395804405212402,8.53023624420166,257225,0.8439719676971436,0.9990475264845952,6.666347980499268,12.395804405212402,8.53023624420166,257225,0.8439719676971436,0.9990475264845952,992,990,0.9979838709677419,4,64.0,74.880126953125,4001,4001,1.0,4,32.0,,15974,15200,0.9515462626768498,4,16.0,22.0229549407959,6.64674186706543,2.7333879470825195,1059.852294921875,257274,0.9814224243164062,257274
photo-0319-25,000190,257690,8.491227149963379,0.0,8.491227149963379,0,,,15.20789909362793,16.8380126953125,8.491227149963379,256788,0.4430592358112335,0.7989937224480895,8.730114936828613,13.249622344970703,8.491227149963379,257690,0.7658413052558899,0.9867515231479684,7.2803544998168945,12.633780479431152,8.491227149963379,257690,0.8169629573822021,0.9913966393728899,6.782913684844971,12.44001579284668,8.491227149963379,257690,0.8394260406494141,1.0,6.782913684844971,12.44001579284668,8.491227149963379,257690,0.8394260406494141,1.0,992,992,1.0,4,64.0,,4009,4009,1.0,4,32.0,,16014,15108,0.9434245035593856,4,16.0,21.99187660217285,6.770346164703369,2.861973762512207,1056.791015625,257690,0.9830093383789062,257690
photo-0319-25,000191,257616,9.645182609558105,0.0,9.645182609558105,0,,,15.566488265991211,17.162242889404297,9.645182609558105,256941,0.4341736435890198,0.7699549702071682,9.290818214416504,13.984458923339844,9.645182609558105,257280,0.7563287615776062,0.9591417910447761,7.649999141693115,13.336442947387695,9.645182609558105,257616,0.8090193867683411,0.9843953791689957,6.884429454803467,12.85720443725586,9.645182609558105,257598,0.8312264680862427,0.9995225118207439,6.884429454803467,12.85720443725586,9.645182609558105,257598,0.8312264680862427,0.9995225118207439,992,990,0.9979838709677419,4,64.0,65.27325439453125,4015,4015,1.0,4,32.0,,16026,14896,0.9294895794334207,4,16.0,21.82996368408203,6.88631010055542,2.3851144313812256,1136.920654296875,257616,0.98272705078125,257616
photo-0319-25,000192,258057,9.131440162658691,0.0,9.131440162658691,0,,,14.660883903503418,17.310531616210938,9.131440162658691,257350,0.5250956416130066,0.8459257820089372,8.17933177947998,13.539960861206055,9.131440162658691,258057,0.807091236114502,0.9961713884916898,6.884732246398926,12.608489990234375,9.131440162658691,258057,0.830790102481842,1.0,6.462123870849609,12.296278953552246,9.131440162658691,258057,0.8350514769554138,0.9997907439054162,6.462123870849609,12.296278953552246,9.131440162658691,258057,0.8350514769554138,0.9997907439054162,992,992,1.0,4,64.0,,4023,4023,1.0,4,32.0,,16052,15081,0.9395090954398205,4,16.0,21.621679306030273,6.467419147491455,2.628523826599121,1133.0421142578125,258057,0.9844093322753906,258057
photo-0319-25,000193,257397,10.757558822631836,0.0,10.757558822631836,0,,,14.821784019470215,18.407039642333984,10.757558822631836,256579,0.5587310791015625,0.8447261856971927,8.862401962280273,15.094695091247559,10.757558822631836,257397,0.8103506565093994,0.9907108474457744,7.598278522491455,14.319143295288086,10.757558822631836,257397,0.841404914855957,0.9995260240018338,6.779171943664551,13.60853099822998,10.757558822631836,257397,0.8500698208808899,0.9980030847290372,6.779171943664551,13.60853099822998,10.757558822631836,257397,0.8500698208808899,0.9980030847290372,992,992,1.0,4,64.0,,3999,3999,1.0,4,32.0,,16018,14588,0.9107254338868772,4,16.0,22.471397399902344,6.788244247436523,2.356919527053833,1279.3663330078125,257397,0.9818916320800781,257397
photo-0319-25,000194,258258,9.305171012878418,0.0,9.305171012878418,0,,,13.969639778137207,17.17445945739746,9.305171012878418,258056,0.5735645294189453,0.8765229252565334,7.774823188781738,13.729744911193848,9.305171012878418,258258,0.8413471579551697,1.0,6.559286594390869,12.79456615447998,9.305171012878418,258258,0.8606792092323303,1.0,6.312099933624268,12.39410400390625,9.305171012878418,257946,0.8497980237007141,0.9964604994843882,6.312099933624268,12.39410400390625,9.305171012878418,257946,0.8497980237007141,0.9964604994843882,992,992,1.0,4,64.0,,4014,4014,1.0,4,32.0,,16059,14931,0.9297590136372128,4,16.0,22.776948928833008,6.323884010314941,2.601574182510376,1163.0589599609375,258258,0.9851760864257812,258258
photo-0319-25,000195,258167,10.06291675567627,0.0,10.06291675567627,0,,,13.828969955444336,15.796212196350098,10.06291675567627,257393,0.5004270076751709,0.7797997614542742,6.542862415313721,12.291842460632324,10.06291675567627,258167,0.8584027886390686,0.9989386714800885,5.7663116455078125,12.23785400390625,10.06291675567627,258167,0.8767181634902954,1.0,5.575564384460449,12.184492111206055,10.06291675567627,258167,0.8797860741615295,1.0,5.575564384460449,12.184492111206055,10.06291675567627,258167,0.8797860741615295,1.0,992,992,1.0,4,64.0,,4028,4028,1.0,4,32.0,,16077,15164,0.9432107980344592,4,16.0,21.791484832763672,5.581552028656006,2.5415008068084717,1182.087890625,258167,0.9848289489746094,258167
photo-0319-25,000196,258230,10.2326021194458,0.0,10.2326021194458,0,,,14.36453914642334,16.803104400634766,10.2326021194458,257336,0.5485374331474304,0.8376791432213138,7.4028825759887695,13.421058654785156,10.2326021194458,258230,0.854856014251709,0.9947527398055996,6.22558069229126,12.762459754943848,10.2326021194458,258230,0.8711038827896118,1.0,5.808791637420654,12.338375091552734,10.2326021194458,258230,0.8721756339073181,1.0,5.808791637420654,12.338375091552734,10.2326021194458,258230,0.8721756339073181,1.0,992,992,1.0,4,64.0,,4025,4025,1.0,4,32.0,,16083,15138,0.9412423055400112,4,16.0,22.107738494873047,5.816622257232666,2.9357807636260986,1234.1820068359375,258230,0.9850692749023438,258230
photo-0319-25,000197,258232,10.375144958496094,0.0,10.375144958496094,0,,,14.477043151855469,17.974105834960938,10.375144958496094,257771,0.6138389110565186,0.8687439626645356,8.047101974487305,14.490009307861328,10.375144958496094,258232,0.8620319366455078,0.9976300381052697,6.534343242645264,13.466655731201172,10.375144958496094,258232,0.8782424926757812,1.0,6.014857769012451,12.716617584228516,10.375144958496094,258232,0.8734962940216064,0.9997173084668051,6.014857769012451,12.716617584228516,10.375144958496094,258232,0.8734962940216064,0.9997173084668051,992,992,1.0,4,64.0,,4028,4028,1.0,4,32.0,,16080,15040,0.9353233830845771,4,16.0,22.0843448638916,6.018789768218994,2.610137462615967,1199.3021240234375,258232,0.985076904296875,258232
photo-0319-25,000198,258111,10.726038932800293,0.0,10.726038932800293,0,,,15.285663604736328,19.254777908325195,10.726038932800293,257844,0.6303111910820007,0.8842284482089946,9.263504981994629,15.439684867858887,10.726038932800293,258111,0.825901448726654,0.9927550549957189,7.582833290100098,14.220314979553223,10.726038932800293,258111,0.8496686220169067,1.0,6.729413986206055,13.215147018432617,10.726038932800293,258111,0.8435827493667603,0.9968889353805146,6.729413986206055,13.215147018432617,10.726038932800293,258111,0.8435827493667603,0.9968889353805146,992,992,1.0,4,64.0,,4025,4025,1.0,4,32.0,,16084,14719,0.9151330514797315,4,16.0,22.763301849365234,6.729341983795166,2.5990729331970215,1238.91748046875,258111,0.9846153259277344,258111
photo-0319-25,000199,257855,11.261902809143066,0.0,11.261902809143066,0,,,15.591850280761719,20.6080322265625,11.261902809143066,257556,0.6554945707321167,0.8944074298405007,9.740429878234863,16.589017868041992,11.261902809143066,257855,0.8374115228652954,0.9994454247542224,8.192863464355469,15.454742431640625,11.261902809143066,257855,0.8619974255561829,1.0,7.214310646057129,14.248187065124512,11.261902809143066,257855,0.8546535968780518,0.9994376684570786,7.214310646057129,14.248187065124512,11.261902809143066,257855,0.8546535968780518,0.9994376684570786,992,992,1.0,4,64.0,,4022,4022,1.0,4,32.0,,16055,14444,0.8996574275926502,4,16.0,23.537107467651367,7.216273307800293,2.261639356613159,1224.1888427734375,257855,0.9836387634277344,257855
wurenji-0302-02,000000,245657,15.646035194396973,0.0,15.646035194396973,0,,,12.919486045837402,20.6761474609375,15.646035194396973,245653,0.791051983833313,0.9920660443796737,5.700284481048584,17.06574249267578,15.646035194396973,245657,0.9263976812362671,1.0,3.889920234680176,16.191041946411133,15.646035194396973,245657,0.9594588875770569,1.0,2.5366222858428955,15.362863540649414,15.646035194396973,245657,0.9790731072425842,1.0,2.5366222858428955,15.362863540649414,15.646035194396973,245657,0.9790731072425842,1.0,961,961,1.0,4,64.0,,3819,3819,1.0,4,32.0,,15264,14812,0.9703878406708596,4,16.0,20.996871948242188,2.533780574798584,5.020550452172756e-05,271.6268310546875,245657,0.9371070861816406,245657
wurenji-0302-02,000001,245474,15.915399551391602,0.0,15.915399551391602,0,,,14.32156753540039,22.753942489624023,15.915399551391602,245474,0.8115730881690979,0.9966432290181445,6.751036643981934,17.953981399536133,15.915399551391602,245474,0.9178181290626526,1.0,4.827954292297363,17.23743438720703,15.915399551391602,245474,0.9489151835441589,1.0,3.378967523574829,16.64204978942871,15.915399551391602,245474,0.9730728268623352,1.0,3.378967523574829,16.64204978942871,15.915399551391602,245474,0.9730728268623352,1.0,961,955,0.9937565036420395,4,64.0,76.85599517822266,3819,3819,1.0,4,32.0,,15249,14489,0.9501606662731983,4,16.0,21.078855514526367,3.380276918411255,5.8390432968735695e-05,271.75640869140625,245474,0.9364089965820312,245474
wurenji-0302-02,000002,245706,15.748257637023926,0.0,15.748257637023926,0,,,15.47201919555664,22.716888427734375,15.748257637023926,245674,0.7515181303024292,0.9803275885930135,7.060751914978027,17.841049194335938,15.748257637023926,245706,0.9238214492797852,1.0,5.019570827484131,17.292789459228516,15.748257637023926,245706,0.9565941095352173,1.0,3.63987398147583,16.6556453704834,15.748257637023926,245706,0.969561755657196,1.0,3.63987398147583,16.6556453704834,15.748257637023926,245706,0.969561755657196,1.0,961,959,0.9979188345473465,4,64.0,69.35810089111328,3823,3823,1.0,4,32.0,,15265,14303,0.9369800196528005,4,16.0,20.954998016357422,3.635692834854126,2.9845967219443992e-05,271.5827941894531,245706,0.9372940063476562,245706
wurenji-0302-02,000003,246219,15.192444801330566,0.0,15.192444801330566,0,,,16.066164016723633,23.397113800048828,15.192444801330566,246142,0.735397219657898,0.9831398136035296,7.534607887268066,18.11887550354004,15.192444801330566,246219,0.89237380027771,1.0,5.487152099609375,17.164173126220703,15.192444801330566,246219,0.9299580454826355,1.0,3.70904803276062,16.161787033081055,15.192444801330566,246219,0.9594461917877197,1.0,3.70904803276062,16.161787033081055,15.192444801330566,246219,0.9594461917877197,1.0,961,961,1.0,4,64.0,,3842,3842,1.0,4,32.0,,15317,14425,0.9417640530129922,4,16.0,20.305335998535156,3.7092719078063965,3.9260441553778946e-05,268.7005615234375,246219,0.9392509460449219,246219
wurenji-0302-02,000004,245819,16.0638484954834,0.0,16.0638484954834,0,,,14.0010404586792,23.776592254638672,16.0638484954834,245718,0.8061698079109192,0.997399457915171,6.411202430725098,19.263484954833984,16.0638484954834,245819,0.94028639793396,1.0,4.863424777984619,18.200275421142578,16.0638484954834,245819,0.959583580493927,1.0,3.9874160289764404,17.041419982910156,16.0638484954834,245819,0.9595434665679932,1.0,3.9874160289764404,17.041419982910156,16.0638484954834,245819,0.9595434665679932,1.0,961,961,1.0,4,64.0,,3816,3816,1.0,4,32.0,,15269,14383,0.9419739341148733,4,16.0,20.308351516723633,3.978816509246826,2.983224840136245e-05,270.81854248046875,245819,0.9377250671386719,245819
wurenji-0302-02,000005,246827,14.864967346191406,0.0,14.864967346191406,0,,,13.205448150634766,22.47922134399414,14.864967346191406,246447,0.811034083366394,0.9924040463061023,6.03632116317749,17.6040096282959,14.864967346191406,246827,0.9286312460899353,1.0,4.431613445281982,16.392715454101562,14.864967346191406,246827,0.9560272693634033,1.0,3.312556505203247,15.254388809204102,14.864967346191406,246827,0.9650938510894775,1.0,3.312556505203247,15.254388809204102,14.864967346191406,246827,0.9650938510894775,1.0,961,961,1.0,4,64.0,,3835,3835,1.0,4,32.0,,15329,14722,0.9604018526975014,4,16.0,20.60285758972168,3.3078083992004395,4.4565626012627035e-05,264.3436279296875,246827,0.9415702819824219,246827
wurenji-0302-02,000006,246795,15.19935131072998,0.0,15.19935131072998,0,,,17.37470054626465,24.77327537536621,15.19935131072998,246793,0.7069239616394043,0.9660646776853477,6.80325984954834,17.637958526611328,15.19935131072998,246795,0.8983437418937683,1.0,4.449857234954834,16.27994728088379,15.19935131072998,246795,0.9372872710227966,1.0,2.801766872406006,14.860605239868164,15.19935131072998,246795,0.9628199934959412,1.0,2.801766872406006,14.860605239868164,15.19935131072998,246795,0.9628199934959412,1.0,961,959,0.9979188345473465,4,64.0,72.17926025390625,3839,3839,1.0,4,32.0,,15329,14916,0.973057603235697,4,16.0,18.615217208862305,2.788494348526001,0.00011750643170671538,270.56732177734375,246795,0.9414482116699219,246795
wurenji-0302-02,000007,247349,14.88870620727539,0.0,14.88870620727539,0,,,15.396743774414062,19.179901123046875,14.88870620727539,247261,0.5331261157989502,0.8000291190280715,6.402588367462158,14.58521556854248,14.88870620727539,247349,0.8666630983352661,0.9978411070996851,4.3781418800354,13.754467010498047,14.88870620727539,247349,0.9390623569488525,1.0,2.86920428276062,13.69313907623291,14.88870620727539,247349,0.9752987027168274,1.0,2.86920428276062,13.69313907623291,14.88870620727539,247349,0.9752987027168274,1.0,961,961,1.0,4,64.0,,3843,3843,1.0,4,32.0,,15364,15022,0.9777401718302525,4,16.0,18.826274871826172,2.863433361053467,7.950978761073202e-05,262.4210205078125,247349,0.9435615539550781,247349
wurenji-0302-02,000008,247956,14.38100814819336,0.0,14.38100814819336,0,,,14.318674087524414,19.472644805908203,14.38100814819336,247624,0.5809573531150818,0.8070623202920557,5.791466236114502,15.0769624710083,14.38100814819336,247956,0.8841822147369385,0.9928979335043314,3.7862884998321533,14.062082290649414,14.38100814819336,247956,0.9459109306335449,1.0,2.896122455596924,13.464347839355469,14.38100814819336,247956,0.9683364033699036,1.0,2.896122455596924,13.464347839355469,14.38100814819336,247956,0.9683364033699036,1.0,961,961,1.0,4,64.0,,3844,3844,1.0,4,32.0,,15405,15265,0.9909120415449529,4,16.0,17.2111873626709,2.8848750591278076,5.3772982937516645e-05,260.3575439453125,247956,0.9458770751953125,247956
wurenji-0302-02,000009,248012,14.744279861450195,0.0,14.744279861450195,0,,,12.865303039550781,20.165544509887695,14.744279861450195,247721,0.6813046336174011,0.8706165403821234,4.925475597381592,16.12095069885254,14.744279861450195,248012,0.9248875379562378,1.0,3.2512149810791016,14.881529808044434,14.744279861450195,248012,0.9620919227600098,1.0,2.675938367843628,14.298140525817871,14.744279861450195,248012,0.9740201234817505,1.0,2.675938367843628,14.298140525817871,14.744279861450195,248012,0.9740201234817505,1.0,961,961,1.0,4,64.0,,3844,3844,1.0,4,32.0,,15414,15378,0.9976644608797197,4,16.0,16.34291648864746,2.668490409851074,2.6880419682129286e-05,261.2815856933594,248012,0.9460906982421875,248012
wurenji-0302-02,000010,249382,13.276755332946777,0.0,13.276755332946777,0,,,13.04723072052002,19.746519088745117,13.276755332946777,249382,0.6820954084396362,0.8852002149313102,5.943963050842285,15.593317985534668,13.276755332946777,249382,0.8756957650184631,1.0,4.1845383644104,14.362465858459473,13.276755332946777,249382,0.9202138185501099,1.0,3.231736421585083,13.589715003967285,13.276755332946777,249382,0.9427127838134766,1.0,3.231736421585083,13.589715003967285,13.276755332946777,249382,0.9427127838134766,1.0,961,961,1.0,4,64.0,,3844,3844,1.0,4,32.0,,15494,15396,0.9936749709564993,4,16.0,18.62449836730957,3.226430892944336,8.955471275839955e-05,254.81509399414062,249382,0.9513168334960938,249382
wurenji-0302-02,000011,250614,11.959444999694824,0.0,11.959444999694824,0,,,12.259839057922363,16.890180587768555,11.959444999694824,250366,0.6697048544883728,0.9012445779378989,6.347927570343018,13.75236988067627,11.959444999694824,250614,0.8521520495414734,1.0,4.724789619445801,12.73509693145752,11.959444999694824,250614,0.8984749913215637,1.0,3.2508366107940674,12.008111000061035,11.959444999694824,250614,0.9346104860305786,1.0,3.2508366107940674,12.008111000061035,11.959444999694824,250614,0.9346104860305786,1.0,961,961,1.0,4,64.0,,3844,3844,1.0,4,32.0,,15588,15425,0.989543238388504,4,16.0,18.439668655395508,3.2456326484680176,1.9950999558204785e-05,244.55184936523438,250614,0.9560165405273438,250614
wurenji-0302-02,000012,251376,11.646631240844727,0.0,11.646631240844727,0,,,13.712187767028809,17.651758193969727,11.646631240844727,249719,0.5843020677566528,0.8331204273603531,6.657085418701172,13.852435111999512,11.646631240844727,251376,0.8375229239463806,1.0,4.875802993774414,12.74644660949707,11.646631240844727,251376,0.8928334712982178,1.0,3.696531295776367,11.970037460327148,11.646631240844727,251376,0.9234732389450073,1.0,3.696531295776367,11.970037460327148,11.646631240844727,251376,0.9234732389450073,1.0,961,961,1.0,4,64.0,,3892,3892,1.0,4,32.0,,15610,15455,0.990070467648943,4,16.0,19.568561553955078,3.692333221435547,8.486623119097203e-05,241.00221252441406,251376,0.95892333984375,251376
wurenji-0302-02,000013,251426,11.920843124389648,0.0,11.920843124389648,0,,,14.431056022644043,19.637861251831055,11.920843124389648,251309,0.6571460962295532,0.8743101122522472,6.705850601196289,15.151211738586426,11.920843124389648,251426,0.8713233470916748,1.0,5.1526594161987305,13.970702171325684,11.920843124389648,251426,0.9120679497718811,1.0,3.5897631645202637,12.796257019042969,11.920843124389648,251426,0.940115213394165,1.0,3.5897631645202637,12.796257019042969,11.920843124389648,251426,0.940115213394165,1.0,961,961,1.0,4,64.0,,3869,3869,1.0,4,32.0,,15625,15293,0.978752,4,16.0,19.691326141357422,3.5770184993743896,5.170507574803196e-05,242.37022399902344,251426,0.9591140747070312,251426
wurenji-0302-02,000014,253174,9.947545051574707,0.0,9.947545051574707,0,,,11.484833717346191,14.882189750671387,9.947545051574707,252962,0.5225332975387573,0.7731477455111835,5.783924579620361,12.703091621398926,9.947545051574707,253174,0.8387764692306519,1.0,4.320579528808594,11.417901992797852,9.947545051574707,253174,0.8909173011779785,1.0,3.023784637451172,10.595178604125977,9.947545051574707,253174,0.9231640100479126,0.9947545956535822,3.023784637451172,10.595178604125977,9.947545051574707,253174,0.9231640100479126,0.9947545956535822,961,961,1.0,4,64.0,,3932,3932,1.0,4,32.0,,15722,15703,0.9987915023533902,4,16.0,18.471406936645508,3.0214736461639404,6.319764361251146e-05,231.7711181640625,253174,0.9657821655273438,253174
wurenji-0302-02,000015,253700,9.748713493347168,0.0,9.748713493347168,0,,,11.320993423461914,13.793204307556152,9.748713493347168,253147,0.4019659757614136,0.712526713727597,5.004139423370361,11.434881210327148,9.748713493347168,253679,0.8183521628379822,0.938662640581207,3.5211057662963867,10.210999488830566,9.748713493347168,253547,0.8980591893196106,0.978307769368204,2.610788106918335,9.54825210571289,9.748713493347168,253200,0.9548755884170532,0.9934439178515008,2.610788106918335,9.54825210571289,9.748713493347168,253200,0.9548755884170532,0.9934439178515008,961,961,1.0,4,64.0,,3936,3936,1.0,4,32.0,,15766,15766,1.0,4,16.0,,2.6022307872772217,8.671659452375025e-05,230.1024169921875,253700,0.9677886962890625,253700
wurenji-0302-02,000016,254016,9.682072639465332,0.0,9.682072639465332,0,,,10.465632438659668,13.164093971252441,9.682072639465332,252324,0.47985389828681946,0.7447171097477846,4.62748908996582,10.983380317687988,9.682072639465332,254016,0.8389626145362854,0.9380550831443688,3.5298683643341064,9.790185928344727,9.682072639465332,253869,0.9046289324760437,0.9764012147997589,2.922114372253418,9.070914268493652,9.682072639465332,253553,0.9590613842010498,0.9962650806734686,2.922114372253418,9.070914268493652,9.682072639465332,253553,0.9590613842010498,0.9962650806734686,961,961,1.0,4,64.0,,3953,3953,1.0,4,32.0,,15793,15793,1.0,4,16.0,,2.914978265762329,1.8371545593254268e-05,229.94851684570312,254016,0.968994140625,254016
wurenji-0302-02,000017,254628,9.278212547302246,0.0,9.278212547302246,0,,,10.402924537658691,12.70148754119873,9.278212547302246,253362,0.4685608446598053,0.7476575019142571,4.299689769744873,9.391870498657227,9.278212547302246,254438,0.8120362162590027,0.9318851743843294,3.2513434886932373,8.294157981872559,9.278212547302246,254177,0.9014581441879272,0.9717480338504271,2.8482930660247803,7.628414630889893,9.278212547302246,254370,0.9560146927833557,0.9961041003262964,2.8482930660247803,7.628414630889893,9.278212547302246,254370,0.9560146927833557,0.9961041003262964,961,961,1.0,4,64.0,,3967,3967,1.0,4,32.0,,15826,15826,1.0,4,16.0,,2.8376598358154297,5.760036947322078e-05,226.81661987304688,254628,0.9713287353515625,254628
wurenji-0302-02,000018,255117,8.96384334564209,0.0,8.96384334564209,0,,,12.693717002868652,15.030167579650879,8.96384334564209,254873,0.41969195008277893,0.7081723054227007,5.187437534332275,9.82597541809082,8.96384334564209,255039,0.796066403388977,0.9660012782358777,3.9148786067962646,8.79786205291748,8.96384334564209,254653,0.8774225115776062,0.9871354352785948,3.024477005004883,7.950839996337891,8.96384334564209,254254,0.9301692843437195,0.9970462608257884,3.024477005004883,7.950839996337891,8.96384334564209,254254,0.9301692843437195,0.9970462608257884,961,961,1.0,4,64.0,,3969,3969,1.0,4,32.0,,15870,15855,0.999054820415879,4,16.0,18.688180923461914,3.0117764472961426,8.231517131207511e-05,230.68798828125,255117,0.9731941223144531,255117
wurenji-0302-02,000019,256673,7.201286792755127,0.0,7.201286792755127,0,,,12.208569526672363,14.236348152160645,7.201286792755127,255832,0.4099007248878479,0.7196011445010788,5.826936721801758,8.988956451416016,7.201286792755127,256469,0.6945765018463135,0.9072402512584367,3.888979196548462,7.244909286499023,7.201286792755127,256184,0.8084649443626404,0.9375331792773943,2.8691153526306152,6.3627495765686035,7.201286792755127,256058,0.8980850577354431,0.9793523342367745,2.8691153526306152,6.3627495765686035,7.201286792755127,256058,0.8980850577354431,0.9793523342367745,961,961,1.0,4,64.0,,3969,3969,1.0,4,32.0,,15927,15914,0.9991837759778992,4,16.0,18.266420364379883,2.850944995880127,3.376540189492516e-05,208.13999938964844,256673,0.9791297912597656,256673
wurenji-0302-02,000020,257570,6.324566841125488,0.0,6.324566841125488,0,,,12.655376434326172,14.894941329956055,6.324566841125488,257468,0.41121652722358704,0.7311355197539111,5.680783271789551,9.834304809570312,6.324566841125488,257570,0.7608119249343872,0.9283185153550492,4.121078014373779,8.345039367675781,6.324566841125488,257375,0.836916983127594,0.9529713453132589,3.2689032554626465,7.598936080932617,6.324566841125488,256522,0.8314668536186218,0.9512595410919921,3.2689032554626465,7.598936080932617,6.324566841125488,256522,0.8314668536186218,0.9512595410919921,974,974,1.0,4,64.0,,3969,3969,1.0,4,32.0,,16004,16004,1.0,4,16.0,,3.2625272274017334,8.541367424186319e-05,196.701171875,257570,0.9825515747070312,257570
wurenji-0302-02,000021,258008,5.975532531738281,0.0,5.975532531738281,0,,,13.401254653930664,14.844646453857422,5.975532531738281,257185,0.35158389806747437,0.6958220736046037,5.593405246734619,8.690452575683594,5.975532531738281,256684,0.6801098585128784,0.8623677362048278,4.145876407623291,7.370907306671143,5.975532531738281,254727,0.7927997708320618,0.9172368849788205,3.0343501567840576,6.724580764770508,5.975532531738281,253817,0.8691872358322144,0.9635288416457527,3.0343501567840576,6.724580764770508,5.975532531738281,253817,0.8691872358322144,0.9635288416457527,974,974,1.0,4,64.0,,3969,3969,1.0,4,32.0,,16062,16060,0.999875482505292,4,16.0,20.818687438964844,3.031928539276123,5.6845783547032624e-05,189.1551513671875,258008,0.984222412109375,258008
wurenji-0302-02,000022,258587,5.394601345062256,0.0,5.394601345062256,0,,,13.269489288330078,14.06985855102539,5.394601345062256,256882,0.2443302571773529,0.6148737552650634,5.796364784240723,7.816397190093994,5.394601345062256,255119,0.6011202335357666,0.8470635272167106,4.358190059661865,6.584052562713623,5.394601345062256,255757,0.7012726068496704,0.89504099594537,3.563246965408325,5.925723075866699,5.394601345062256,253816,0.7426942586898804,0.9176805244744224,3.563246965408325,5.925723075866699,5.394601345062256,253816,0.7426942586898804,0.9176805244744224,992,992,1.0,4,64.0,,3969,3969,1.0,4,32.0,,16127,16093,0.9978917343585292,4,16.0,18.55776596069336,3.561182737350464,4.253887527738698e-05,180.70608520507812,258587,0.9864311218261719,258587
wurenji-0302-02,000023,258725,5.635869979858398,0.0,5.635869979858398,0,,,13.502029418945312,13.834027290344238,5.635869979858398,257321,0.17096273601055145,0.576315186090525,6.606305122375488,7.40415620803833,5.635869979858398,256165,0.3352881371974945,0.6897195167177406,4.577420234680176,5.730884075164795,5.635869979858398,246832,0.5249180197715759,0.7904080508199909,2.9638473987579346,5.086596965789795,5.635869979858398,253795,0.7437540888786316,0.8947772808762978,2.9638473987579346,5.086596965789795,5.635869979858398,253795,0.7437540888786316,0.8947772808762978,992,992,1.0,4,64.0,,3969,3969,1.0,4,32.0,,16108,16108,1.0,4,16.0,,2.9620141983032227,5.024639904149808e-05,185.04637145996094,258725,0.9869575500488281,258725
wurenji-0302-02,000024,260047,4.154626369476318,0.0,4.154626369476318,0,,,14.623929023742676,14.770350456237793,4.154626369476318,258228,0.06609949469566345,0.5342488033830568,10.258237838745117,10.662965774536133,4.154626369476318,258536,0.1126289889216423,0.5730536559705418,8.368070602416992,8.821986198425293,4.154626369476318,254921,0.16673628985881805,0.5885470400633922,6.103906631469727,6.785562515258789,4.154626369476318,252193,0.2883915901184082,0.6413143901694337,6.103906631469727,6.785562515258789,4.154626369476318,252193,0.2883915901184082,0.6413143901694337,1020,1020,1.0,4,64.0,,4032,3921,0.9724702380952381,4,32.0,38.70530319213867,16129,15141,0.938743877487755,4,16.0,30.54088592529297,6.086684226989746,7.819099118933082e-05,166.24656677246094,260047,0.9920005798339844,260047
wurenji-0302-02,000025,259842,4.329105377197266,0.0,4.329105377197266,0,,,12.666021347045898,12.813660621643066,4.329105377197266,258079,0.07848678529262543,0.5299811298090895,7.633363723754883,8.557841300964355,4.329105377197266,256720,0.24773693084716797,0.6375,5.88828706741333,6.759308815002441,4.329105377197266,256096,0.290833443403244,0.6661408221916781,3.8277387619018555,5.0953450202941895,4.329105377197266,249832,0.5354142189025879,0.7762056101700343,3.8277387619018555,5.0953450202941895,4.329105377197266,249832,0.5354142189025879,0.7762056101700343,1023,1023,1.0,4,64.0,,3988,3988,1.0,4,32.0,,16129,15742,0.976005952011904,4,16.0,21.732318878173828,3.8133013248443604,3.72020949725993e-05,167.76193237304688,259842,0.9912185668945312,259842
wurenji-0302-02,000026,260652,3.582784652709961,0.0,3.582784652709961,0,,,11.752477645874023,12.13648509979248,3.582784652709961,257873,0.18175670504570007,0.6316946714080187,6.0077900886535645,7.069715976715088,3.582784652709961,257043,0.37466222047805786,0.7109899900016728,4.546313762664795,5.989165306091309,3.582784652709961,257454,0.495120644569397,0.7653561412912598,2.844031572341919,5.1127495765686035,3.582784652709961,258696,0.7729182839393616,0.9257081671150694,2.844031572341919,5.1127495765686035,3.582784652709961,258696,0.7729182839393616,0.9257081671150694,1024,1024,1.0,4,64.0,,4032,4032,1.0,4,32.0,,16256,16232,0.9985236220472441,4,16.0,19.51874351501465,2.841738224029541,2.4298042262671515e-05,155.13182067871094,260652,0.9943084716796875,260652
wurenji-0302-02,000027,260513,4.272767543792725,0.0,4.272767543792725,0,,,12.388843536376953,12.511564254760742,4.272767543792725,257298,0.10095548629760742,0.5517376738256807,6.572189807891846,7.419084072113037,4.272767543792725,255803,0.31947892904281616,0.6972044893922276,4.890190601348877,6.243203163146973,4.272767543792725,256511,0.46543970704078674,0.7568759234496766,3.3673715591430664,5.769948959350586,4.272767543792725,257153,0.7426866888999939,0.9005961431521312,3.3673715591430664,5.769948959350586,4.272767543792725,257153,0.7426866888999939,0.9005961431521312,1018,1018,1.0,4,64.0,,4032,4032,1.0,4,32.0,,16256,16211,0.9972317913385826,4,16.0,20.035083770751953,3.3665177822113037,2.9429113055812195e-05,164.28707885742188,260513,0.9937782287597656,260513
wurenji-0302-02,000028,260608,3.636687755584717,0.0,3.636687755584717,0,,,14.234630584716797,15.0662260055542,3.636687755584717,259401,0.29463186860084534,0.6972024009159564,8.989988327026367,10.118600845336914,3.636687755584717,258485,0.36049684882164,0.6927171789465539,7.5500006675720215,8.762365341186523,3.636687755584717,257897,0.42947307229042053,0.7367514938134216,5.777290344238281,7.3160624504089355,3.636687755584717,259611,0.5036078691482544,0.7687424646875518,5.777290344238281,7.3160624504089355,3.636687755584717,259611,0.5036078691482544,0.7687424646875518,1024,1024,1.0,4,64.0,,4032,3966,0.9836309523809523,4,32.0,40.00382614135742,16256,15494,0.953125,4,16.0,29.45656967163086,5.746067523956299,4.604617060977034e-05,153.8695068359375,260608,0.994140625,260608
wurenji-0302-02,000029,260610,3.7002036571502686,0.0,3.7002036571502686,0,,,13.364602088928223,13.994421005249023,3.7002036571502686,258604,0.3340970575809479,0.7148187963063216,9.020865440368652,10.215435981750488,3.7002036571502686,259747,0.43191349506378174,0.7675314825580276,7.3723978996276855,8.718904495239258,3.7002036571502686,258734,0.531366765499115,0.8059822056629589,5.254497528076172,7.045228004455566,3.7002036571502686,260552,0.670253336429596,0.9066520310724923,5.254497528076172,7.045228004455566,3.7002036571502686,260552,0.670253336429596,0.9066520310724923,1024,1024,1.0,4,64.0,,4032,3979,0.9868551587301587,4,32.0,38.34098434448242,16129,15398,0.9546779093558188,4,16.0,27.956262588500977,5.149860858917236,3.837151234620251e-05,156.9561004638672,260610,0.9941482543945312,260610
wurenji-0302-02,000030,259406,5.010869979858398,0.0,5.010869979858398,0,,,12.074058532714844,12.593184471130371,5.010869979858398,256729,0.30687233805656433,0.6873239875510753,6.703470706939697,7.923699378967285,5.010869979858398,257278,0.4881500005722046,0.7853489221775667,5.2163872718811035,7.038245677947998,5.010869979858398,258694,0.6218777894973755,0.8592970845864226,3.269944429397583,6.282487392425537,5.010869979858398,259404,0.8342442512512207,0.9578456770134617,3.269944429397583,6.282487392425537,5.010869979858398,259404,0.8342442512512207,0.9578456770134617,995,995,1.0,4,64.0,,4002,4002,1.0,4,32.0,,16129,15962,0.9896459792919586,4,16.0,18.979658126831055,3.257742166519165,0.00011436384374974295,174.1377410888672,259406,0.9895553588867188,259406
wurenji-0302-02,000031,259365,4.889826774597168,0.0,4.889826774597168,0,,,12.458003044128418,13.356122970581055,4.889826774597168,258014,0.32611921429634094,0.7395373894439836,6.5337653160095215,7.770092487335205,4.889826774597168,257360,0.5192895531654358,0.8214912962387317,4.864077091217041,6.857690811157227,4.889826774597168,258835,0.6599594950675964,0.8878551973264821,3.051203489303589,6.403764247894287,4.889826774597168,259365,0.8648145794868469,0.9799664565380833,3.051203489303589,6.403764247894287,4.889826774597168,259365,0.8648145794868469,0.9799664565380833,1006,1006,1.0,4,64.0,,3981,3981,1.0,4,32.0,,16129,16089,0.9975199950399901,4,16.0,17.851343154907227,3.0375120639801025,5.269279427011497e-05,166.0523223876953,259365,0.9893989562988281,259365
wurenji-0302-02,000032,259022,5.097873210906982,0.0,5.097873210906982,0,,,14.47530460357666,15.03229808807373,5.097873210906982,258236,0.2813984751701355,0.6590444399696401,8.51455020904541,9.045693397521973,5.097873210906982,254757,0.3719930946826935,0.7478695384228893,6.7149224281311035,8.056231498718262,5.097873210906982,257557,0.5580133199691772,0.8473386473673788,4.453815937042236,7.329781532287598,5.097873210906982,259022,0.7710333466529846,0.9551312243747635,4.453815937042236,7.329781532287598,5.097873210906982,259022,0.7710333466529846,0.9551312243747635,1004,1004,1.0,4,64.0,,3969,3969,1.0,4,32.0,,16129,15564,0.9649699299398599,4,16.0,22.652997970581055,4.4297404289245605,5.533635339816101e-05,163.42913818359375,259022,0.9880905151367188,259022
wurenji-0302-02,000033,258385,5.8173508644104,0.0,5.8173508644104,0,,,11.330135345458984,12.781706809997559,5.8173508644104,257391,0.49267101287841797,0.9004394093033556,5.808797359466553,7.507401466369629,5.8173508644104,257353,0.6558777093887329,0.9372496143429453,4.491156578063965,7.010248184204102,5.8173508644104,258219,0.7692802548408508,0.961559761287899,3.0115561485290527,6.989844799041748,5.8173508644104,258385,0.9070206880569458,0.999582019080055,3.0115561485290527,6.989844799041748,5.8173508644104,258385,0.9070206880569458,0.999582019080055,984,984,1.0,4,64.0,,3969,3969,1.0,4,32.0,,16114,16094,0.9987588432419015,4,16.0,17.151592254638672,3.003317356109619,4.773238833877258e-05,169.9899444580078,258385,0.9856605529785156,258385
wurenji-0302-02,000034,258083,6.046236038208008,0.0,6.046236038208008,0,,,12.907177925109863,14.421293258666992,6.046236038208008,257067,0.44072839617729187,0.7939486592989377,8.682760238647461,10.282325744628906,6.046236038208008,258083,0.5616614818572998,0.877194545940647,7.332027912139893,9.665332794189453,6.046236038208008,258079,0.6569042205810547,0.882318979847256,5.372719764709473,9.037946701049805,6.046236038208008,258083,0.791071355342865,0.9552663290491819,5.372719764709473,9.037946701049805,6.046236038208008,258083,0.791071355342865,0.9552663290491819,981,981,1.0,4,64.0,,3969,3951,0.9954648526077098,4,32.0,39.01386260986328,16051,15134,0.9428696031399912,4,16.0,25.052690505981445,5.298837661743164,2.5831483071669936e-05,171.72813415527344,258083,0.9845085144042969,258083
wurenji-0302-02,000035,257230,7.086850643157959,0.0,7.086850643157959,0,,,11.541254997253418,13.540952682495117,7.086850643157959,255378,0.5293272733688354,0.8806083531079419,6.785281658172607,9.393702507019043,7.086850643157959,257230,0.6925086975097656,0.9525521906465031,5.160571575164795,8.474518775939941,7.086850643157959,257230,0.7776099443435669,0.9602612448003732,3.3749680519104004,8.000090599060059,7.086850643157959,257230,0.8919089436531067,0.9934027912762897,3.3749680519104004,8.000090599060059,7.086850643157959,257230,0.8919089436531067,0.9934027912762897,968,968,1.0,4,64.0,,3969,3969,1.0,4,32.0,,15980,15681,0.9812891113892366,4,16.0,18.946184158325195,3.3515777587890625,3.4988141123903915e-05,177.65011596679688,257230,0.9812545776367188,257230
wurenji-0302-02,000036,257125,7.123103141784668,0.0,7.123103141784668,0,,,10.820998191833496,13.403831481933594,7.123103141784668,256220,0.5954053401947021,0.8601436265709156,6.08690071105957,9.252922058105469,7.123103141784668,257125,0.7732529640197754,0.9892892561983471,4.348958492279053,8.174127578735352,7.123103141784668,257125,0.8558353781700134,0.9972231404958678,2.9011452198028564,7.944640636444092,7.123103141784668,257125,0.9360799193382263,1.0,2.9011452198028564,7.944640636444092,7.123103141784668,257125,0.9360799193382263,1.0,971,971,1.0,4,64.0,,3969,3969,1.0,4,32.0,,15972,15926,0.9971199599298772,4,16.0,17.133342742919922,2.8938205242156982,4.148436346440576e-05,167.6919403076172,257125,0.9808540344238281,257125
wurenji-0302-02,000037,256720,7.463150978088379,0.0,7.463150978088379,0,,,12.52461051940918,14.849830627441406,7.463150978088379,256395,0.5316928625106812,0.8666198638819009,8.084176063537598,11.070115089416504,7.463150978088379,256720,0.6712914109230042,0.9472538173885946,6.1768364906311035,9.47561264038086,7.463150978088379,256700,0.7447680830955505,0.934838332684067,3.917013168334961,8.348196983337402,7.463150978088379,256720,0.8614993095397949,0.9920847616079775,3.917013168334961,8.348196983337402,7.463150978088379,256720,0.8614993095397949,0.9920847616079775,968,968,1.0,4,64.0,,3969,3969,1.0,4,32.0,,15959,15407,0.9654113666269817,4,16.0,20.343952178955078,3.908036231994629,3.8952945033088326e-05,168.05636596679688,256720,0.97930908203125,256720
wurenji-0302-02,000038,256532,7.566059589385986,0.0,7.566059589385986,0,,,11.703259468078613,14.205971717834473,7.566059589385986,255971,0.5950969457626343,0.8879677775998063,6.548375129699707,9.900470733642578,7.566059589385986,256532,0.7454555034637451,0.9672633433645705,4.927574634552002,8.663866996765137,7.566059589385986,256483,0.8133014440536499,0.9595021892289157,3.267244338989258,8.184749603271484,7.566059589385986,256532,0.9102779626846313,0.9958445729967411,3.267244338989258,8.184749603271484,7.566059589385986,256532,0.9102779626846313,0.9958445729967411,967,967,1.0,4,64.0,,3969,3969,1.0,4,32.0,,15945,15628,0.9801191596111634,4,16.0,18.531147003173828,3.253931999206543,5.457408769871108e-05,169.7707977294922,256532,0.9785919189453125,256532
wurenji-0302-02,000039,256172,8.078124046325684,0.0,8.078124046325684,0,,,10.759596824645996,13.054925918579102,8.078124046325684,255347,0.6492793560028076,0.9520573964056754,6.032138824462891,9.643233299255371,8.078124046325684,256172,0.8092972040176392,0.9799002232874787,4.306952476501465,8.597092628479004,8.078124046325684,255922,0.8999813199043274,0.9955767772993334,2.8890514373779297,8.451883316040039,8.078124046325684,256172,0.9573895335197449,1.0,2.8890514373779297,8.451883316040039,8.078124046325684,256172,0.9573895335197449,1.0,970,970,1.0,4,64.0,,3964,3964,1.0,4,32.0,,15915,15713,0.9873075714734527,4,16.0,17.0491886138916,2.876634120941162,2.8626600396819413e-05,159.42230224609375,256172,0.9772186279296875,256172
wurenji-0302-02,000040,256040,8.39867877960205,0.0,8.39867877960205,0,,,10.386356353759766,13.709339141845703,8.39867877960205,255181,0.7075380682945251,0.9542403235350594,5.236514091491699,9.365912437438965,8.39867877960205,256040,0.9031013250350952,1.0,3.9156205654144287,8.875467300415039,8.39867877960205,256040,0.9394749402999878,0.9998242462115294,3.002511978149414,8.964542388916016,8.39867877960205,256040,0.9633178114891052,1.0,3.002511978149414,8.964542388916016,8.39867877960205,256040,0.9633178114891052,1.0,973,973,1.0,4,64.0,,3961,3961,1.0,4,32.0,,15900,15561,0.9786792452830189,4,16.0,17.600130081176758,2.9856374263763428,3.5150758776580915e-05,152.7517852783203,256040,0.976715087890625,256040
wurenji-0302-02,000041,255407,8.857146263122559,0.0,8.857146263122559,0,,,12.114814758300781,15.656582832336426,8.857146263122559,254933,0.6476033926010132,0.9251803415014925,5.745571136474609,10.355062484741211,8.857146263122559,255318,0.8321579098701477,0.9897539538927925,4.24383020401001,9.563427925109863,8.857146263122559,255407,0.8865196108818054,0.995998543501157,3.035949468612671,9.251884460449219,8.857146263122559,255407,0.9386029839515686,1.0,3.035949468612671,9.251884460449219,8.857146263122559,255407,0.9386029839515686,1.0,968,968,1.0,4,64.0,,3953,3953,1.0,4,32.0,,15870,15504,0.9769376181474481,4,16.0,18.501108169555664,3.0196573734283447,5.3509367717197165e-05,167.75547790527344,255407,0.9743003845214844,255407
wurenji-0302-02,000042,255806,8.663579940795898,0.0,8.663579940795898,0,,,9.9653959274292,14.338706970214844,8.663579940795898,255701,0.7596614360809326,0.9598632778127578,4.553637504577637,10.459949493408203,8.663579940795898,255232,0.9195699691772461,0.9989499749247743,3.575651168823242,9.904573440551758,8.663579940795898,255806,0.9445809125900269,1.0,2.9623868465423584,9.824630737304688,8.663579940795898,255806,0.9640281200408936,1.0,2.9623868465423584,9.824630737304688,8.663579940795898,255806,0.9640281200408936,1.0,975,975,1.0,4,64.0,,3958,3958,1.0,4,32.0,,15882,15303,0.9635436343029845,4,16.0,20.982738494873047,2.945164442062378,3.518291123327799e-05,157.9626922607422,255806,0.9758224487304688,255806
wurenji-0302-02,000043,254195,10.672618865966797,0.0,10.672618865966797,0,,,10.600741386413574,15.370537757873535,10.672618865966797,254137,0.7326399087905884,0.9436366998902167,5.344818592071533,11.730445861816406,10.672618865966797,254195,0.8879238963127136,0.9995987332559649,4.04516077041626,11.14210319519043,10.672618865966797,254195,0.9278401136398315,1.0,2.901480197906494,11.104738235473633,10.672618865966797,254195,0.965284526348114,1.0,2.901480197906494,11.104738235473633,10.672618865966797,254195,0.965284526348114,1.0,969,969,1.0,4,64.0,,3932,3932,1.0,4,32.0,,15796,15432,0.9769561914408711,4,16.0,19.565088272094727,2.8831844329833984,4.065120447194204e-05,172.2022705078125,254195,0.9696769714355469,254195
wurenji-0302-02,000044,254516,10.57341480255127,0.0,10.57341480255127,0,,,9.823009490966797,14.429041862487793,10.57341480255127,254484,0.7143214344978333,0.9126860627780136,4.692007541656494,11.540250778198242,10.57341480255127,254516,0.9319524168968201,1.0,3.5657525062561035,11.30224609375,10.57341480255127,254516,0.9580138921737671,1.0,2.7690508365631104,11.381261825561523,10.57341480255127,254516,0.9736603498458862,1.0,2.7690508365631104,11.381261825561523,10.57341480255127,254516,0.9736603498458862,1.0,974,974,1.0,4,64.0,,3938,3938,1.0,4,32.0,,15802,15447,0.9775344893051513,4,16.0,19.19276237487793,2.7545218467712402,4.583863847074099e-05,165.13804626464844,254516,0.9709014892578125,254516
wurenji-0302-02,000045,253658,11.428365707397461,0.0,11.428365707397461,0,,,11.872724533081055,17.854843139648438,11.428365707397461,253630,0.7413399815559387,0.9521113432953515,5.598997116088867,13.812438011169434,11.428365707397461,253658,0.9228745102882385,1.0,4.512617588043213,13.158285140991211,11.428365707397461,253658,0.9419357776641846,1.0,3.5466620922088623,12.983687400817871,11.428365707397461,253658,0.9696576595306396,1.0,3.5466620922088623,12.983687400817871,11.428365707397461,253658,0.9696576595306396,1.0,968,968,1.0,4,64.0,,3923,3923,1.0,4,32.0,,15762,14759,0.9363659434081969,4,16.0,22.55116844177246,3.5272445678710938,3.0224422516766936e-05,172.107666015625,253658,0.9676284790039062,253658
wurenji-0302-02,000046,254442,10.625700950622559,0.0,10.625700950622559,0,,,12.109743118286133,17.205259323120117,10.625700950622559,254422,0.6822267770767212,0.9276123920101249,5.890027046203613,12.440674781799316,10.625700950622559,254442,0.883816123008728,1.0,4.4309306144714355,11.632410049438477,10.625700950622559,254442,0.9267088770866394,1.0,3.293724775314331,11.703286170959473,10.625700950622559,254442,0.9641319513320923,1.0,3.293724775314331,11.703286170959473,10.625700950622559,254442,0.9641319513320923,1.0,974,974,1.0,4,64.0,,3935,3935,1.0,4,32.0,,15797,15079,0.9545483319617649,4,16.0,21.166900634765625,3.27529239654541,6.812292849645019e-05,166.6728973388672,254442,0.9706192016601562,254442
wurenji-0302-02,000047,254594,10.551020622253418,0.0,10.551020622253418,0,,,10.114509582519531,15.189482688903809,10.551020622253418,254387,0.7095114588737488,0.9178849548129425,4.298384666442871,11.615405082702637,10.551020622253418,254594,0.9403055906295776,1.0,3.3554482460021973,11.145400047302246,10.551020622253418,254594,0.9587687849998474,1.0,2.676283359527588,11.265515327453613,10.551020622253418,254594,0.9763185977935791,1.0,2.676283359527588,11.265515327453613,10.551020622253418,254594,0.9763185977935791,1.0,978,978,1.0,4,64.0,,3935,3935,1.0,4,32.0,,15808,15167,0.9594509109311741,4,16.0,20.021928787231445,2.6605262756347656,4.975241608917713e-05,172.0861358642578,254594,0.9711990356445312,254594
wurenji-0302-02,000048,254334,10.818584442138672,0.0,10.818584442138672,0,,,10.84589672088623,14.948420524597168,10.818584442138672,254030,0.6578994393348694,0.9104987599889777,4.495226860046387,11.145840644836426,10.818584442138672,254334,0.9169256091117859,1.0,3.5438077449798584,11.120121955871582,10.818584442138672,254334,0.949053168296814,1.0,2.780806541442871,11.325570106506348,10.818584442138672,254334,0.9727917313575745,1.0,2.780806541442871,11.325570106506348,10.818584442138672,254334,0.9727917313575745,1.0,975,975,1.0,4,64.0,,3935,3935,1.0,4,32.0,,15794,15230,0.9642902367987843,4,16.0,19.67336082458496,2.7678000926971436,2.228041375929024e-05,170.66549682617188,254334,0.9702072143554688,254334
wurenji-0302-02,000049,254720,10.352835655212402,0.0,10.352835655212402,0,,,11.483358383178711,15.513886451721191,10.352835655212402,254517,0.6737492084503174,0.9159073853612921,5.259606838226318,11.395956039428711,10.352835655212402,254720,0.8933139443397522,1.0,4.268636703491211,10.881287574768066,10.352835655212402,254720,0.9244424104690552,1.0,3.3015565872192383,10.794472694396973,10.352835655212402,254720,0.9571869373321533,1.0,3.3015565872192383,10.794472694396973,10.352835655212402,254720,0.9571869373321533,1.0,977,977,1.0,4,64.0,,3938,3938,1.0,4,32.0,,15815,15259,0.9648435030034778,4,16.0,20.46227264404297,3.2838494777679443,6.019681677571498e-05,172.42977905273438,254720,0.9716796875,254720
wurenji-0302-02,000050,254462,10.958505630493164,0.0,10.958505630493164,0,,,10.124256134033203,13.804040908813477,10.958505630493164,254362,0.6870893239974976,0.9128446859200666,5.844847202301025,11.956989288330078,10.958505630493164,254462,0.8950665593147278,1.0,4.659360885620117,11.474997520446777,10.958505630493164,254462,0.9266586303710938,1.0,3.581578493118286,11.570985794067383,10.958505630493164,254462,0.9569098353385925,1.0,3.581578493118286,11.570985794067383,10.958505630493164,254462,0.9569098353385925,1.0,978,978,1.0,4,64.0,,3933,3933,1.0,4,32.0,,15801,15235,0.9641794823112462,4,16.0,21.04944610595703,3.5625760555267334,2.8818973078159615e-05,178.9680633544922,254462,0.9706954956054688,254462
wurenji-0302-02,000051,253846,11.822348594665527,0.0,11.822348594665527,0,,,11.467307090759277,14.233046531677246,11.822348594665527,253758,0.6124143600463867,0.8632200758202697,6.770040988922119,11.782402992248535,11.822348594665527,253518,0.8338519334793091,0.9806364834055176,5.225461006164551,11.82976245880127,11.822348594665527,253846,0.8829148411750793,0.9805708973156954,3.552520275115967,12.47185230255127,11.822348594665527,253846,0.9549304842948914,1.0,3.552520275115967,12.47185230255127,11.822348594665527,253846,0.9549304842948914,1.0,975,975,1.0,4,64.0,,3933,3933,1.0,4,32.0,,15765,15100,0.9578179511576277,4,16.0,20.99723243713379,3.537745237350464,5.909094397793524e-05,182.08885192871094,253846,0.9683456420898438,253846
wurenji-0302-02,000052,254263,11.497652053833008,0.0,11.497652053833008,0,,,9.309388160705566,12.17357349395752,11.497652053833008,254204,0.6423106789588928,0.8450614467120895,4.457701206207275,10.61442756652832,11.497652053833008,254263,0.9246007204055786,0.9998780789969441,3.718621015548706,11.223588943481445,11.497652053833008,254263,0.9519054293632507,1.0,2.9941680431365967,12.252480506896973,11.497652053833008,254263,0.9762377142906189,1.0,2.9941680431365967,12.252480506896973,11.497652053833008,254263,0.9762377142906189,1.0,978,978,1.0,4,64.0,,3933,3933,1.0,4,32.0,,15794,15392,0.9745472964416867,4,16.0,19.66582679748535,2.981051445007324,7.341479795286432e-05,181.8927764892578,254263,0.9699363708496094,254263
wurenji-0302-02,000053,254445,11.142617225646973,0.0,11.142617225646973,0,,,11.217801094055176,14.004745483398438,11.142617225646973,254336,0.6092481017112732,0.8519281580271767,6.786609172821045,11.755034446716309,11.142617225646973,254445,0.8345564603805542,0.9904773133683115,5.164212226867676,11.759724617004395,11.142617225646973,254445,0.875187337398529,0.9896362671697223,3.590789794921875,11.883318901062012,11.142617225646973,254445,0.9433937072753906,1.0,3.590789794921875,11.883318901062012,11.142617225646973,254445,0.9433937072753906,1.0,977,977,1.0,4,64.0,,3939,3939,1.0,4,32.0,,15807,15341,0.9705193901436072,4,16.0,20.150789260864258,3.579660177230835,4.192130654701032e-05,181.6476593017578,254445,0.9706306457519531,254445
wurenji-0302-02,000054,254077,11.884528160095215,0.0,11.884528160095215,0,,,8.84522819519043,12.743672370910645,11.884528160095215,254036,0.7059639096260071,0.9056669133508637,4.349815368652344,10.39796257019043,11.884528160095215,254077,0.9399876594543457,0.9999094762611335,3.310478925704956,11.096726417541504,11.884528160095215,254077,0.9687923192977905,1.0,2.6460204124450684,11.907977104187012,11.884528160095215,254077,0.980474591255188,1.0,2.6460204124450684,11.907977104187012,11.884528160095215,254077,0.980474591255188,1.0,976,976,1.0,4,64.0,,3937,3937,1.0,4,32.0,,15780,15334,0.9717363751584284,4,16.0,18.020660400390625,2.6328272819519043,3.148651740048081e-05,188.24459838867188,254077,0.9692268371582031,254077
wurenji-0302-02,000055,254185,12.110991477966309,0.0,12.110991477966309,0,,,9.556395530700684,15.68931770324707,12.110991477966309,254127,0.7446607947349548,0.9245219909730175,4.260130405426025,12.050740242004395,12.110991477966309,254185,0.9447139501571655,1.0,3.234133720397949,11.971479415893555,12.110991477966309,254185,0.9686694145202637,1.0,2.3571484088897705,12.43271255493164,12.110991477966309,254185,0.9873228669166565,1.0,2.3571484088897705,12.43271255493164,12.110991477966309,254185,0.9873228669166565,1.0,978,978,1.0,4,64.0,,3935,3935,1.0,4,32.0,,15789,15091,0.9557920070935462,4,16.0,20.4925479888916,2.3434834480285645,4.9832469812827185e-05,186.2730255126953,254185,0.9696388244628906,254185
wurenji-0302-02,000056,254201,11.918902397155762,0.0,11.918902397155762,0,,,9.541980743408203,14.657118797302246,11.918902397155762,253952,0.7445940971374512,0.9245014805947581,4.720093250274658,11.338329315185547,11.918902397155762,254201,0.9249461889266968,0.9976317953115842,3.5198631286621094,11.537431716918945,11.918902397155762,254201,0.9645605683326721,0.9999488593671937,2.7666077613830566,11.94925308227539,11.918902397155762,254201,0.9793272614479065,1.0,2.7666077613830566,11.94925308227539,11.918902397155762,254201,0.9793272614479065,1.0,975,975,1.0,4,64.0,,3940,3940,1.0,4,32.0,,15793,15213,0.9632748686126765,4,16.0,19.487728118896484,2.754038095474243,5.114063242217526e-05,184.8583984375,254201,0.9696998596191406,254201
wurenji-0302-02,000057,255150,10.776644706726074,0.0,10.776644706726074,0,,,8.50492000579834,13.286931037902832,10.776644706726074,255109,0.7479926347732544,0.9270625497336432,4.256669044494629,10.62105941772461,10.776644706726074,255150,0.9571343660354614,1.0,3.1762709617614746,10.529207229614258,10.776644706726074,255150,0.9792149662971497,1.0,2.506528615951538,11.00232982635498,10.776644706726074,255150,0.9872713088989258,1.0,2.506528615951538,11.00232982635498,10.776644706726074,255150,0.9872713088989258,1.0,979,979,1.0,4,64.0,,3947,3947,1.0,4,32.0,,15846,15466,0.9760191846522782,4,16.0,18.449657440185547,2.4935967922210693,4.703115700976923e-05,182.73590087890625,255150,0.9733200073242188,255150
wurenji-0302-02,000058,254596,11.448240280151367,0.0,11.448240280151367,0,,,10.31532096862793,16.178586959838867,11.448240280151367,254562,0.7401997447013855,0.9248552415521563,4.666297912597656,11.639263153076172,11.448240280151367,254596,0.9254541993141174,1.0,3.570966958999634,11.417980194091797,11.448240280151367,254596,0.9579647183418274,1.0,2.7247517108917236,11.93488597869873,11.448240280151367,254596,0.9794804453849792,1.0,2.7247517108917236,11.93488597869873,11.448240280151367,254596,0.9794804453849792,1.0,974,974,1.0,4,64.0,,3943,3943,1.0,4,32.0,,15820,15142,0.9571428571428572,4,16.0,20.003705978393555,2.7058465480804443,3.142233254038729e-05,179.19570922851562,254596,0.9712066650390625,254596
wurenji-0302-02,000059,255273,10.73067569732666,0.0,10.73067569732666,0,,,11.069299697875977,16.218740463256836,10.73067569732666,255245,0.7328441143035889,0.9198691453309565,4.279346942901611,11.018606185913086,10.73067569732666,255273,0.9444699287414551,1.0,3.2371065616607666,10.670987129211426,10.73067569732666,255273,0.9686666131019592,1.0,2.4139184951782227,10.952500343322754,10.73067569732666,255273,0.9821483492851257,1.0,2.4139184951782227,10.952500343322754,10.73067569732666,255273,0.9821483492851257,1.0,977,977,1.0,4,64.0,,3953,3953,1.0,4,32.0,,15855,15303,0.9651844843897824,4,16.0,19.412410736083984,2.3981590270996094,5.745482849306427e-05,179.84515380859375,255273,0.9737892150878906,255273
wurenji-0302-02,000060,254580,11.256665229797363,0.0,11.256665229797363,0,,,10.418216705322266,17.279605865478516,11.256665229797363,254535,0.7666438221931458,0.9298131887559667,4.156202793121338,12.71778392791748,11.256665229797363,254580,0.9526169896125793,1.0,3.2114064693450928,11.983907699584961,11.256665229797363,254580,0.9670911431312561,1.0,2.6180126667022705,12.171385765075684,11.256665229797363,254580,0.9786617159843445,1.0,2.6180126667022705,12.171385765075684,11.256665229797363,254580,0.9786617159843445,1.0,971,971,1.0,4,64.0,,3939,3939,1.0,4,32.0,,15817,14833,0.9377884554593159,4,16.0,20.56541633605957,2.6002063751220703,2.356822915317025e-05,178.9776153564453,254580,0.9711456298828125,254580
wurenji-0302-02,000061,254274,11.537935256958008,0.0,11.537935256958008,0,,,10.847090721130371,16.671506881713867,11.537935256958008,254239,0.7124530673027039,0.920826466435126,4.384344100952148,12.29526424407959,11.537935256958008,254274,0.9349242448806763,1.0,3.3662219047546387,11.927453994750977,11.537935256958008,254274,0.9589199423789978,1.0,2.8069801330566406,12.388228416442871,11.537935256958008,254274,0.9752606153488159,1.0,2.8069801330566406,12.388228416442871,11.537935256958008,254274,0.9752606153488159,1.0,967,967,1.0,4,64.0,,3933,3933,1.0,4,32.0,,15798,14728,0.9322699075832384,4,16.0,21.094518661499023,2.789163827896118,3.2773044949863106e-05,193.12265014648438,254274,0.9699783325195312,254274
wurenji-0302-02,000062,253993,12.044523239135742,0.0,12.044523239135742,0,,,12.680401802062988,19.376476287841797,12.044523239135742,253956,0.7549774050712585,0.9376427412622659,5.079357624053955,13.510327339172363,12.044523239135742,253993,0.931816816329956,1.0,3.723411798477173,12.897221565246582,12.044523239135742,253993,0.9582826495170593,1.0,3.0652060508728027,13.16403579711914,12.044523239135742,253993,0.9736122488975525,1.0,3.0652060508728027,13.16403579711914,12.044523239135742,253993,0.9736122488975525,1.0,966,966,1.0,4,64.0,,3931,3931,1.0,4,32.0,,15785,14623,0.9263858093126386,4,16.0,21.871652603149414,3.0454437732696533,2.887218761316035e-05,198.6802215576172,253993,0.9689064025878906,253993
wurenji-0302-02,000063,254579,11.195025444030762,0.0,11.195025444030762,0,,,12.048049926757812,18.21958351135254,11.195025444030762,254515,0.7366291284561157,0.9248374359075103,5.561477184295654,13.985027313232422,11.195025444030762,254579,0.9355145692825317,1.0,4.469892978668213,13.460329055786133,11.195025444030762,254579,0.9555891156196594,1.0,3.734091281890869,13.236931800842285,11.195025444030762,254579,0.9666951894760132,1.0,3.734091281890869,13.236931800842285,11.195025444030762,254579,0.9666951894760132,1.0,966,966,1.0,4,64.0,,3941,3941,1.0,4,32.0,,15823,14524,0.9179043165012956,4,16.0,23.993244171142578,3.715272903442383,2.2258971512201242e-05,196.12612915039062,254579,0.9711418151855469,254579
wurenji-0302-02,000064,254246,11.670462608337402,0.0,11.670462608337402,0,,,11.312239646911621,18.617366790771484,11.670462608337402,254128,0.7818419337272644,0.9320185103569855,5.410563945770264,14.813763618469238,11.670462608337402,254246,0.9567173719406128,1.0,4.230959415435791,14.037546157836914,11.670462608337402,254246,0.9675376415252686,1.0,3.375241756439209,13.521860122680664,11.670462608337402,254246,0.9744947552680969,1.0,3.375241756439209,13.521860122680664,11.670462608337402,254246,0.9744947552680969,1.0,965,965,1.0,4,64.0,,3932,3932,1.0,4,32.0,,15796,14225,0.9005444416307926,4,16.0,22.411401748657227,3.3580172061920166,3.0154522391967475e-05,204.08419799804688,254246,0.9698715209960938,254246
wurenji-0302-02,000065,254550,11.246293067932129,0.0,11.246293067932129,0,,,11.601673126220703,18.146394729614258,11.246293067932129,254506,0.743935227394104,0.9253495006011646,5.082710266113281,13.702499389648438,11.246293067932129,254550,0.9414617419242859,1.0,3.6898131370544434,12.863861083984375,11.246293067932129,254550,0.9648945927619934,1.0,2.839536666870117,12.556051254272461,11.246293067932129,254550,0.975752055644989,1.0,2.839536666870117,12.556051254272461,11.246293067932129,254550,0.975752055644989,1.0,965,965,1.0,4,64.0,,3938,3938,1.0,4,32.0,,15817,14435,0.9126256559398116,4,16.0,21.748775482177734,2.8299176692962646,3.9285012462642044e-05,204.00930786132812,254550,0.9710311889648438,254550
wurenji-0302-02,000066,253852,12.092995643615723,0.0,12.092995643615723,0,,,12.616049766540527,18.588254928588867,12.092995643615723,253478,0.6896869540214539,0.9309683680635006,5.842514514923096,13.964302062988281,12.092995643615723,253852,0.9060299396514893,1.0,4.225282192230225,13.450797080993652,12.092995643615723,253852,0.9487596154212952,1.0,3.1404247283935547,13.294811248779297,12.092995643615723,253852,0.9725443720817566,1.0,3.1404247283935547,13.294811248779297,12.092995643615723,253852,0.9725443720817566,1.0,961,961,1.0,4,64.0,,3928,3928,1.0,4,32.0,,15768,14095,0.8938990360223237,4,16.0,21.582021713256836,3.123257875442505,2.757512265816331e-05,219.7476348876953,253852,0.9683685302734375,253852
wurenji-0302-02,000067,253878,12.039575576782227,0.0,12.039575576782227,0,,,13.33897876739502,18.884235382080078,12.039575576782227,253313,0.6483209133148193,0.9045765515390051,5.904892444610596,13.457663536071777,12.039575576782227,253729,0.878827691078186,0.9865486404786209,4.150721073150635,12.931442260742188,12.039575576782227,253878,0.9437251091003418,1.0,3.1919288635253906,13.116805076599121,12.039575576782227,253878,0.9718329310417175,1.0,3.1919288635253906,13.116805076599121,12.039575576782227,253878,0.9718329310417175,1.0,961,961,1.0,4,64.0,,3933,3933,1.0,4,32.0,,15765,14091,0.8938154138915319,4,16.0,20.254871368408203,3.172034978866577,4.46408630523365e-05,218.13282775878906,253878,0.9684677124023438,253878
wurenji-0302-02,000068,254512,11.168294906616211,0.0,11.168294906616211,0,,,12.361200332641602,17.166841506958008,11.168294906616211,254108,0.6451897025108337,0.9008256331953343,5.773226261138916,13.019526481628418,11.168294906616211,254512,0.8902351260185242,0.9868768466712768,4.198004245758057,12.605499267578125,11.168294906616211,254512,0.9429197311401367,1.0,3.364551067352295,12.480253219604492,11.168294906616211,254512,0.9643221497535706,1.0,3.364551067352295,12.480253219604492,11.168294906616211,254512,0.9643221497535706,1.0,961,961,1.0,4,64.0,,3944,3944,1.0,4,32.0,,15803,14570,0.9219768398405366,4,16.0,21.685016632080078,3.342268943786621,8.643993351142853e-05,213.193359375,254512,0.97088623046875,254512
wurenji-0302-02,000069,254396,11.337194442749023,0.0,11.337194442749023,0,,,13.286953926086426,17.586442947387695,11.337194442749023,253347,0.6313178539276123,0.9083470496986347,5.682709693908691,12.940485954284668,11.337194442749023,254176,0.8906456232070923,0.9833776595744681,4.166191101074219,12.603811264038086,11.337194442749023,254396,0.9486470818519592,1.0,3.3485307693481445,12.643951416015625,11.337194442749023,254396,0.9672757387161255,1.0,3.3485307693481445,12.643951416015625,11.337194442749023,254396,0.9672757387161255,1.0,961,961,1.0,4,64.0,,3943,3943,1.0,4,32.0,,15797,14603,0.9244160283598152,4,16.0,21.37221908569336,3.3265182971954346,7.206611917354167e-05,214.97813415527344,254396,0.9704437255859375,254396
wurenji-0302-02,000070,253555,12.596400260925293,0.0,12.596400260925293,0,,,13.169906616210938,18.385717391967773,12.596400260925293,252765,0.6558151841163635,0.9068621051174015,5.627981662750244,13.868236541748047,12.596400260925293,253448,0.8886023163795471,0.9789542628073609,4.0676422119140625,13.773353576660156,12.596400260925293,253451,0.9538034200668335,0.9992503481935364,3.2667059898376465,13.842097282409668,12.596400260925293,253555,0.9721383452415466,1.0,3.2667059898376465,13.842097282409668,12.596400260925293,253555,0.9721383452415466,1.0,961,961,1.0,4,64.0,,3926,3926,1.0,4,32.0,,15754,13874,0.880665227878634,4,16.0,20.198972702026367,3.2458651065826416,6.441731966333464e-05,226.48719787597656,253555,0.9672355651855469,253555
wurenji-0302-02,000071,254398,11.424872398376465,0.0,11.424872398376465,0,,,11.485908508300781,16.484556198120117,11.424872398376465,253925,0.6559119820594788,0.9005926946933149,5.062645435333252,12.687163352966309,11.424872398376465,254398,0.8844140768051147,0.9767765469854323,3.6263720989227295,12.30411434173584,11.424872398376465,253909,0.9496812224388123,0.9990941636570583,2.7551188468933105,12.214577674865723,11.424872398376465,254398,0.9722867608070374,1.0,2.7551188468933105,12.214577674865723,11.424872398376465,254398,0.9722867608070374,1.0,962,962,1.0,4,64.0,,3942,3942,1.0,4,32.0,,15818,14626,0.9246428119863447,4,16.0,19.56256866455078,2.7440638542175293,0.0001362694165436551,220.03005981445312,254398,0.9704513549804688,254398
wurenji-0302-02,000072,252987,13.303794860839844,0.0,13.303794860839844,0,,,11.132589340209961,17.148700714111328,13.303794860839844,252183,0.6989538669586182,0.9124484997006143,4.963111400604248,13.784135818481445,13.303794860839844,252923,0.9222427010536194,0.9857782803461923,3.541602849960327,13.848698616027832,13.303794860839844,252987,0.965934157371521,1.0,2.8901941776275635,13.965075492858887,13.303794860839844,252987,0.9782038331031799,1.0,2.8901941776275635,13.965075492858887,13.303794860839844,252987,0.9782038331031799,1.0,961,961,1.0,4,64.0,,3917,3917,1.0,4,32.0,,15713,13608,0.8660344937313053,4,16.0,19.528228759765625,2.8680765628814697,6.456194387283176e-05,232.36512756347656,252987,0.9650688171386719,252987
wurenji-0302-02,000073,253389,12.944106101989746,0.0,12.944106101989746,0,,,11.558465957641602,16.189302444458008,12.944106101989746,252784,0.6866432428359985,0.904843660991202,4.857469081878662,12.9612398147583,12.944106101989746,252203,0.9117935299873352,0.9849525977089884,3.6127824783325195,13.07616901397705,12.944106101989746,253207,0.9603626132011414,1.0,2.7746262550354004,13.145853996276855,12.944106101989746,253389,0.9758667945861816,1.0,2.7746262550354004,13.145853996276855,12.944106101989746,253389,0.9758667945861816,1.0,961,961,1.0,4,64.0,,3924,3924,1.0,4,32.0,,15741,13758,0.874023251381742,4,16.0,18.80940818786621,2.7570199966430664,3.420301072765142e-05,229.84213256835938,253389,0.9666023254394531,253389
wurenji-0302-02,000074,253046,13.238645553588867,0.0,13.238645553588867,0,,,13.475305557250977,18.36611557006836,13.238645553588867,252906,0.6470653414726257,0.8811297478114398,5.35533332824707,13.589278221130371,13.238645553588867,252416,0.893341600894928,0.9817048047667343,4.021519660949707,13.669118881225586,13.238645553588867,252874,0.9511176943778992,0.9999446364592643,3.0949769020080566,13.703619003295898,13.238645553588867,253046,0.971969485282898,1.0,3.0949769020080566,13.703619003295898,13.238645553588867,253046,0.971969485282898,1.0,961,961,1.0,4,64.0,,3921,3921,1.0,4,32.0,,15715,13713,0.8726057906458797,4,16.0,18.850181579589844,3.075640916824341,0.00016334316751454026,232.69223022460938,253046,0.9652938842773438,253046
wurenji-0302-02,000075,253221,13.006141662597656,0.0,13.006141662597656,0,,,13.842508316040039,18.349241256713867,13.006141662597656,253066,0.6574297547340393,0.8902499743150009,5.108620643615723,13.237983703613281,13.006141662597656,252169,0.897407591342926,0.9822381022250951,3.938809871673584,13.303986549377441,13.006141662597656,253159,0.950627326965332,0.999940748699434,3.078188180923462,13.275586128234863,13.006141662597656,253221,0.9707092642784119,1.0,3.078188180923462,13.275586128234863,13.006141662597656,253221,0.9707092642784119,1.0,961,961,1.0,4,64.0,,3921,3921,1.0,4,32.0,,15730,13763,0.8749523204068659,4,16.0,18.75194549560547,3.0569279193878174,3.817482138401829e-05,231.5501708984375,253221,0.9659614562988281,253221
wurenji-0302-02,000076,252897,13.756929397583008,0.0,13.756929397583008,0,,,14.363473892211914,19.354841232299805,13.756929397583008,252726,0.633286714553833,0.8660209080189613,5.34033727645874,14.147865295410156,13.756929397583008,252533,0.8904385566711426,0.9822557843925348,4.027599334716797,14.212485313415527,13.756929397583008,252757,0.9510058164596558,0.9998417452335643,3.1649720668792725,14.279169082641602,13.756929397583008,252897,0.9731440544128418,1.0,3.1649720668792725,14.279169082641602,13.756929397583008,252897,0.9731440544128418,1.0,961,961,1.0,4,64.0,,3906,3906,1.0,4,32.0,,15712,13318,0.847632382892057,4,16.0,19.527835845947266,3.150803327560425,4.3495969293871894e-05,234.5918426513672,252897,0.9647254943847656,252897
wurenji-0302-02,000077,252636,14.182052612304688,0.0,14.182052612304688,0,,,13.734941482543945,19.6258487701416,14.182052612304688,252537,0.6611706614494324,0.8849515120556591,5.283167362213135,14.62979507446289,14.182052612304688,251146,0.9138360619544983,0.9920882673823195,3.9829981327056885,14.718220710754395,14.182052612304688,252600,0.9564898014068604,1.0,2.946490526199341,14.878979682922363,14.182052612304688,252636,0.9775096774101257,1.0,2.946490526199341,14.878979682922363,14.182052612304688,252636,0.9775096774101257,1.0,961,961,1.0,4,64.0,,3908,3908,1.0,4,32.0,,15692,12887,0.8212464950293143,4,16.0,20.08974266052246,2.9296224117279053,3.430495416978374e-05,235.032958984375,252636,0.9637298583984375,252636
wurenji-0302-02,000078,253177,13.385435104370117,0.0,13.385435104370117,0,,,10.565377235412598,17.346675872802734,13.385435104370117,253060,0.7695595622062683,0.9533905002766142,4.9994611740112305,14.181654930114746,13.385435104370117,253177,0.9292070865631104,1.0,3.568153142929077,14.080240249633789,13.385435104370117,253177,0.9591159224510193,1.0,2.839728832244873,14.083176612854004,13.385435104370117,253177,0.9733082056045532,1.0,2.839728832244873,14.083176612854004,13.385435104370117,253177,0.9733082056045532,1.0,961,961,1.0,4,64.0,,3907,3907,1.0,4,32.0,,15729,13319,0.8467798334286986,4,16.0,19.25782585144043,2.8312273025512695,3.028184437425807e-05,234.85269165039062,253177,0.9657936096191406,253177
wurenji-0302-02,000079,252384,14.548545837402344,0.0,14.548545837402344,0,,,10.044195175170898,18.906475067138672,14.548545837402344,252372,0.8456991910934448,0.9718193777439652,4.356945037841797,15.636598587036133,14.548545837402344,252384,0.9632633924484253,1.0,3.1484556198120117,15.154547691345215,14.548545837402344,252384,0.9790188074111938,1.0,2.694854497909546,15.208752632141113,14.548545837402344,252384,0.9833741188049316,1.0,2.694854497909546,15.208752632141113,14.548545837402344,252384,0.9833741188049316,1.0,961,961,1.0,4,64.0,,3906,3906,1.0,4,32.0,,15676,12478,0.7959938759887727,4,16.0,20.050594329833984,2.6759262084960938,7.660284609301016e-05,236.45762634277344,252384,0.9627685546875,252384
wurenji-0302-02,000080,252921,13.539042472839355,0.0,13.539042472839355,0,,,10.07789134979248,17.731346130371094,13.539042472839355,252871,0.8289633989334106,0.9626212574791099,4.315155982971191,14.425993919372559,13.539042472839355,252921,0.9600014686584473,1.0,3.235823631286621,14.227859497070312,13.539042472839355,252921,0.973598301410675,1.0,2.878361940383911,14.442438125610352,13.539042472839355,252921,0.9787457585334778,1.0,2.878361940383911,14.442438125610352,13.539042472839355,252921,0.9787457585334778,1.0,961,961,1.0,4,64.0,,3910,3910,1.0,4,32.0,,15731,13158,0.8364376072722649,4,16.0,19.4385986328125,2.86692476272583,4.480977440834977e-05,234.4963836669922,252921,0.9648170471191406,252921
wurenji-0302-02,000081,252271,14.714738845825195,0.0,14.714738845825195,0,,,10.229222297668457,18.5705623626709,14.714738845825195,252253,0.8224926590919495,0.9591759067285622,4.519870758056641,15.430705070495605,14.714738845825195,252271,0.9591886401176453,1.0,3.390503168106079,15.31053638458252,14.714738845825195,252271,0.9736498594284058,1.0,3.0148956775665283,15.532724380493164,14.714738845825195,252271,0.9781057834625244,1.0,3.0148956775665283,15.532724380493164,14.714738845825195,252271,0.9781057834625244,1.0,961,961,1.0,4,64.0,,3902,3902,1.0,4,32.0,,15661,11998,0.7661068897260711,4,16.0,19.737367630004883,2.992786169052124,3.567591920727864e-05,238.66152954101562,252271,0.9623374938964844,252271
wurenji-0302-02,000082,252583,14.000594139099121,0.0,14.000594139099121,0,,,9.494660377502441,19.080801010131836,14.000594139099121,252568,0.8804964423179626,0.974688004814545,4.790622711181641,15.683877944946289,14.000594139099121,252583,0.9614063501358032,1.0,3.4763975143432617,15.080333709716797,14.000594139099121,252583,0.9752127528190613,1.0,3.021486520767212,15.106230735778809,14.000594139099121,252583,0.9791061878204346,1.0,3.021486520767212,15.106230735778809,14.000594139099121,252583,0.9791061878204346,1.0,961,961,1.0,4,64.0,,3909,3909,1.0,4,32.0,,15687,12619,0.8044240453879008,4,16.0,19.68524932861328,3.00483775138855,2.5074266886804253e-05,236.4563446044922,252583,0.9635276794433594,252583
wurenji-0302-02,000083,252607,14.185844421386719,0.0,14.185844421386719,0,,,11.386495590209961,20.56195831298828,14.185844421386719,252469,0.8682777881622314,0.9657106417025456,4.426760673522949,15.601222038269043,14.185844421386719,252607,0.9700376391410828,1.0,3.6281962394714355,15.423661231994629,14.185844421386719,252607,0.9758632183074951,1.0,3.003199815750122,15.42772388458252,14.185844421386719,252607,0.9814819693565369,1.0,3.003199815750122,15.42772388458252,14.185844421386719,252607,0.9814819693565369,1.0,961,961,1.0,4,64.0,,3909,3909,1.0,4,32.0,,15678,12626,0.8053323127949994,4,16.0,21.033193588256836,2.983232259750366,0.00011084412108175457,235.45152282714844,252607,0.9636192321777344,252607
wurenji-0302-02,000084,252942,13.811450958251953,0.0,13.811450958251953,0,,,10.980552673339844,19.560903549194336,13.811450958251953,252913,0.8529778122901917,0.9656166349693373,4.027987957000732,14.925986289978027,13.811450958251953,252942,0.9705989956855774,1.0,3.0564088821411133,14.546085357666016,13.811450958251953,252942,0.9810430407524109,1.0,2.4522876739501953,14.624835014343262,13.811450958251953,252942,0.9863316416740417,1.0,2.4522876739501953,14.624835014343262,13.811450958251953,252942,0.9863316416740417,1.0,961,961,1.0,4,64.0,,3915,3915,1.0,4,32.0,,15705,12811,0.8157274753263292,4,16.0,20.120145797729492,2.438955068588257,5.1395181799307466e-05,233.91839599609375,252942,0.9648971557617188,252942
wurenji-0302-02,000085,253187,13.500500679016113,0.0,13.500500679016113,0,,,9.457749366760254,17.819650650024414,13.500500679016113,252983,0.8356170058250427,0.9618274745733904,4.047276973724365,14.669282913208008,13.500500679016113,253187,0.9642422199249268,1.0,3.2221951484680176,14.147181510925293,13.500500679016113,253187,0.9736154675483704,1.0,2.495634078979492,14.103935241699219,13.500500679016113,253187,0.9829605221748352,1.0,2.495634078979492,14.103935241699219,13.500500679016113,253187,0.9829605221748352,1.0,961,961,1.0,4,64.0,,3920,3920,1.0,4,32.0,,15722,13083,0.832146037399822,4,16.0,19.790393829345703,2.4804742336273193,5.7928198657464236e-05,234.7417449951172,253187,0.9658317565917969,253187
wurenji-0302-02,000086,252914,13.67029094696045,0.0,13.67029094696045,0,,,11.108330726623535,19.642709732055664,13.67029094696045,252729,0.8210822939872742,0.9471291383260331,4.606810569763184,15.318950653076172,13.67029094696045,251894,0.9616554975509644,1.0,3.671868085861206,14.757135391235352,13.67029094696045,252914,0.9700893759727478,1.0,2.912405252456665,14.617432594299316,13.67029094696045,252914,0.97911137342453,1.0,2.912405252456665,14.617432594299316,13.67029094696045,252914,0.97911137342453,1.0,961,961,1.0,4,64.0,,3915,3915,1.0,4,32.0,,15708,13117,0.8350522026992615,4,16.0,20.963321685791016,2.8928675651550293,8.039623207878321e-05,234.48776245117188,252914,0.9647903442382812,252914
wurenji-0302-02,000087,252325,14.399102210998535,0.0,14.399102210998535,0,,,10.883190155029297,18.76984977722168,14.399102210998535,252224,0.7914102673530579,0.9490373636132962,4.898854732513428,15.117314338684082,14.399102210998535,252199,0.951184868812561,1.0,3.602395534515381,14.8928804397583,14.399102210998535,252325,0.9672105312347412,1.0,2.980325937271118,15.009196281433105,14.399102210998535,252325,0.9756981134414673,1.0,2.980325937271118,15.009196281433105,14.399102210998535,252325,0.9756981134414673,1.0,961,961,1.0,4,64.0,,3903,3903,1.0,4,32.0,,15680,12989,0.8283801020408164,4,16.0,20.28583526611328,2.9650683403015137,4.35945694334805e-05,236.42422485351562,252325,0.9625434875488281,252325
wurenji-0302-02,000088,252152,14.611668586730957,0.0,14.611668586730957,0,,,10.645370483398438,19.12303352355957,14.611668586730957,252007,0.7632015943527222,0.9308709678699402,4.8038201332092285,15.581375122070312,14.611668586730957,252152,0.9409123659133911,0.9936189282654907,3.4380064010620117,15.241659164428711,14.611668586730957,252152,0.9727208614349365,1.0,2.884000301361084,15.356369018554688,14.611668586730957,252152,0.9790678024291992,1.0,2.884000301361084,15.356369018554688,14.611668586730957,252152,0.9790678024291992,1.0,961,961,1.0,4,64.0,,3901,3901,1.0,4,32.0,,15666,12560,0.8017362440954934,4,16.0,20.192480087280273,2.8642890453338623,5.816597331431694e-05,228.14381408691406,252152,0.961883544921875,252152
wurenji-0302-02,000089,251813,15.005386352539062,0.0,15.005386352539062,0,,,10.526541709899902,19.83146858215332,15.005386352539062,251728,0.8271603584289551,0.95234936121528,4.330694675445557,16.030731201171875,15.005386352539062,251813,0.9662036895751953,1.0,3.2344658374786377,15.572038650512695,15.005386352539062,251813,0.9770328998565674,1.0,2.5550734996795654,15.611892700195312,15.005386352539062,251813,0.983856737613678,1.0,2.5550734996795654,15.611892700195312,15.005386352539062,251813,0.983856737613678,1.0,961,961,1.0,4,64.0,,3895,3895,1.0,4,32.0,,15646,12624,0.8068515914610763,4,16.0,21.015247344970703,2.535358428955078,0.0001072224258678034,225.84829711914062,251813,0.9605903625488281,251813
wurenji-0302-02,000090,252831,13.578048706054688,0.0,13.578048706054688,0,,,9.226652145385742,16.117101669311523,13.578048706054688,252150,0.7624523043632507,0.9266032123735871,3.4501793384552,13.485641479492188,13.578048706054688,252831,0.9789024591445923,1.0,2.593684434890747,13.683817863464355,13.578048706054688,252831,0.9860951900482178,1.0,2.3769948482513428,13.751100540161133,13.578048706054688,252831,0.9865667819976807,1.0,2.3769948482513428,13.751100540161133,13.578048706054688,252831,0.9865667819976807,1.0,961,961,1.0,4,64.0,,3911,3911,1.0,4,32.0,,15712,13998,0.8909114052953157,4,16.0,18.3636531829834,2.368105173110962,7.77858222136274e-05,220.47715759277344,252831,0.9644737243652344,252831
wurenji-0302-02,000091,252869,13.321855545043945,0.0,13.321855545043945,0,,,10.219308853149414,18.449193954467773,13.321855545043945,252846,0.8067965507507324,0.9383537805620813,4.003951549530029,14.664665222167969,13.321855545043945,252869,0.9545172452926636,1.0,2.8112852573394775,14.097672462463379,13.321855545043945,252869,0.9707730412483215,1.0,2.133767604827881,13.877839088439941,13.321855545043945,252869,0.9811888933181763,1.0,2.133767604827881,13.877839088439941,13.321855545043945,252869,0.9811888933181763,1.0,961,961,1.0,4,64.0,,3912,3912,1.0,4,32.0,,15711,13556,0.8628349563999745,4,16.0,19.51388931274414,2.118985891342163,4.481898940866813e-05,220.42257690429688,252869,0.9646186828613281,252869
wurenji-0302-02,000092,252505,13.732709884643555,0.0,13.732709884643555,0,,,9.213227272033691,16.303890228271484,13.732709884643555,252425,0.7927309274673462,0.9466811924333961,3.476396322250366,13.914912223815918,13.732709884643555,252505,0.9636805057525635,1.0,2.827360153198242,14.066652297973633,13.732709884643555,252505,0.9754789471626282,1.0,2.1805174350738525,14.340991973876953,13.732709884643555,252505,0.9835819005966187,1.0,2.1805174350738525,14.340991973876953,13.732709884643555,252505,0.9835819005966187,1.0,961,961,1.0,4,64.0,,3906,3906,1.0,4,32.0,,15690,13251,0.8445506692160611,4,16.0,19.724687576293945,2.1682498455047607,6.732539623044431e-05,219.96856689453125,252505,0.9632301330566406,252505
wurenji-0302-02,000093,251745,14.709214210510254,0.0,14.709214210510254,0,,,11.298920631408691,20.553693771362305,14.709214210510254,251721,0.8556396961212158,0.9670547947926474,5.110409259796143,16.46909523010254,14.709214210510254,251745,0.9602819085121155,1.0,3.8583436012268066,16.111608505249023,14.709214210510254,251745,0.9737190008163452,1.0,2.992962598800659,16.16592788696289,14.709214210510254,251745,0.9849754571914673,1.0,2.992962598800659,16.16592788696289,14.709214210510254,251745,0.9849754571914673,1.0,961,961,1.0,4,64.0,,3896,3896,1.0,4,32.0,,15647,12925,0.8260369399884961,4,16.0,21.755338668823242,2.9797728061676025,3.7074554711580276e-05,216.6663818359375,251745,0.9603309631347656,251745
wurenji-0302-02,000094,253014,12.763171195983887,0.0,12.763171195983887,0,,,11.146956443786621,17.56265640258789,12.763171195983887,252680,0.7438737154006958,0.9407392749722969,6.152851581573486,14.406553268432617,12.763171195983887,253014,0.9120519757270813,1.0,4.252538204193115,13.636931419372559,12.763171195983887,253014,0.9557390213012695,1.0,3.1828694343566895,13.694785118103027,12.763171195983887,253014,0.9777487516403198,1.0,3.1828694343566895,13.694785118103027,12.763171195983887,253014,0.9777487516403198,1.0,965,965,1.0,4,64.0,,3912,3912,1.0,4,32.0,,15728,13307,0.8460707019328586,4,16.0,21.152402877807617,3.1747143268585205,2.503155337763019e-05,198.7532958984375,253014,0.9651718139648438,253014
wurenji-0302-02,000095,251962,14.201577186584473,0.0,14.201577186584473,0,,,11.563946723937988,17.881288528442383,14.201577186584473,251117,0.7109976410865784,0.9122162179382519,6.00469970703125,14.806368827819824,14.201577186584473,251962,0.926410973072052,1.0,4.443090438842773,14.658889770507812,14.201577186584473,251962,0.9547016024589539,1.0,3.1339194774627686,14.89597225189209,14.201577186584473,251962,0.9748929738998413,1.0,3.1339194774627686,14.89597225189209,14.201577186584473,251962,0.9748929738998413,1.0,965,965,1.0,4,64.0,,3896,3896,1.0,4,32.0,,15657,13179,0.8417321325924506,4,16.0,23.232017517089844,3.1184473037719727,6.614754238398746e-05,198.3592071533203,251962,0.9611587524414062,251962
wurenji-0302-02,000096,252168,13.52182674407959,0.0,13.52182674407959,0,,,10.06389331817627,17.38052749633789,13.52182674407959,251780,0.7642769813537598,0.9203987608229407,4.889108657836914,14.25213623046875,13.52182674407959,252168,0.9428529143333435,1.0,3.4065699577331543,13.87539005279541,13.52182674407959,252168,0.9652935266494751,1.0,2.5148942470550537,14.087264060974121,13.52182674407959,252168,0.9790961146354675,1.0,2.5148942470550537,14.087264060974121,13.52182674407959,252168,0.9790961146354675,1.0,965,965,1.0,4,64.0,,3902,3902,1.0,4,32.0,,15671,13747,0.8772254482802629,4,16.0,21.827789306640625,2.503150463104248,2.775927168841008e-05,198.7510986328125,252168,0.961944580078125,252168
wurenji-0302-02,000097,251549,14.446269035339355,0.0,14.446269035339355,0,,,10.705092430114746,16.890527725219727,14.446269035339355,251455,0.7487930059432983,0.9322582569445825,5.728668212890625,14.400291442871094,14.446269035339355,251549,0.9203000664710999,1.0,4.52493953704834,14.720711708068848,14.446269035339355,251549,0.9409607648849487,1.0,3.258739948272705,15.266016960144043,14.446269035339355,251549,0.9762327075004578,1.0,3.258739948272705,15.266016960144043,14.446269035339355,251549,0.9762327075004578,1.0,965,965,1.0,4,64.0,,3888,3888,1.0,4,32.0,,15624,13772,0.8814644137224782,4,16.0,24.016836166381836,3.24029278755188,6.493102409876883e-05,194.2649688720703,251549,0.9595832824707031,251549
wurenji-0302-02,000098,251665,13.832316398620605,0.0,13.832316398620605,0,,,11.127012252807617,18.039648056030273,13.832316398620605,251559,0.736223042011261,0.9294598881375741,6.097452163696289,14.346761703491211,13.832316398620605,251665,0.9283179640769958,1.0,4.745319366455078,14.631357192993164,13.832316398620605,251665,0.9487856030464172,1.0,3.6846368312835693,14.587223052978516,13.832316398620605,251665,0.9660938382148743,1.0,3.6846368312835693,14.587223052978516,13.832316398620605,251665,0.9660938382148743,1.0,966,966,1.0,4,64.0,,3892,3892,1.0,4,32.0,,15628,13543,0.8665856155618121,4,16.0,23.553564071655273,3.6650688648223877,7.814621494617313e-05,192.77357482910156,251665,0.9600257873535156,251665
wurenji-0302-02,000099,251576,13.68816089630127,0.0,13.68816089630127,0,,,11.256196975708008,17.086820602416992,13.68816089630127,251465,0.7472276091575623,0.934798083232259,6.1702141761779785,14.08655834197998,13.68816089630127,251576,0.930506706237793,1.0,4.682914733886719,14.25723648071289,13.68816089630127,251576,0.9534687995910645,1.0,3.5056588649749756,14.399382591247559,13.68816089630127,251576,0.9718919992446899,1.0,3.5056588649749756,14.399382591247559,13.68816089630127,251576,0.9718919992446899,1.0,966,966,1.0,4,64.0,,3887,3887,1.0,4,32.0,,15621,13597,0.8704308302925549,4,16.0,23.10527801513672,3.485898494720459,4.769930455950089e-05,187.6345672607422,251576,0.959686279296875,251576
wurenji-0302-02,000100,252002,12.573503494262695,0.0,12.573503494262695,0,,,19.468788146972656,24.669994354248047,12.573503494262695,251850,0.6136137843132019,0.9118880285884455,10.993684768676758,17.479494094848633,12.573503494262695,252002,0.7936228513717651,0.997468274061317,9.16397762298584,16.964813232421875,12.573503494262695,252002,0.8456254601478577,0.9958373346243283,7.921326637268066,16.318605422973633,12.573503494262695,252002,0.8807387351989746,1.0,7.921326637268066,16.318605422973633,12.573503494262695,252002,0.8807387351989746,1.0,966,964,0.9979296066252588,4,64.0,65.47401428222656,3893,3832,0.9843308502440278,4,32.0,37.68028259277344,15643,12948,0.8277184683244901,4,16.0,31.115772247314453,7.881455898284912,4.497318877838552e-05,183.2355194091797,252002,0.9613113403320312,252002
wurenji-0302-02,000101,252109,12.052815437316895,0.0,12.052815437316895,0,,,19.242164611816406,23.394052505493164,12.052815437316895,251978,0.5697970390319824,0.8934033923596505,12.375286102294922,17.534589767456055,12.052815437316895,251955,0.7178893685340881,0.952471671528646,10.094551086425781,16.89214515686035,12.052815437316895,252109,0.7929979562759399,0.9679226049050212,8.588077545166016,16.295801162719727,12.052815437316895,252109,0.8345916271209717,0.979826186292437,8.588077545166016,16.295801162719727,12.052815437316895,252109,0.8345916271209717,0.979826186292437,966,966,1.0,4,64.0,,3894,3729,0.9576271186440678,4,32.0,43.61165237426758,15649,13118,0.8382644258419069,4,16.0,33.008697509765625,8.535178184509277,3.041012678295374e-05,179.72027587890625,252109,0.9617195129394531,252109
wurenji-0302-02,000102,251952,11.955756187438965,0.0,11.955756187438965,0,,,12.135391235351562,16.6265869140625,11.955756187438965,251952,0.7031681537628174,0.9477043246332635,6.33730936050415,11.885255813598633,11.955756187438965,251939,0.8648597002029419,0.9714216536542576,4.887637138366699,12.168097496032715,11.955756187438965,251952,0.8955038189888,0.9758684193814695,3.402637004852295,12.57589340209961,11.955756187438965,251952,0.9353920817375183,0.9947966279291294,3.402637004852295,12.57589340209961,11.955756187438965,251952,0.9353920817375183,0.9947966279291294,963,963,1.0,4,64.0,,3889,3889,1.0,4,32.0,,15639,14507,0.9276168552976533,4,16.0,21.556074142456055,3.386941909790039,5.2920131565770134e-05,185.5221710205078,251952,0.96112060546875,251952
wurenji-0302-02,000103,251975,11.464694023132324,0.0,11.464694023132324,0,,,13.293606758117676,16.9964599609375,11.464694023132324,250541,0.6579242944717407,0.9194662749809412,6.595351696014404,11.7075777053833,11.464694023132324,250695,0.8423508405685425,0.96826422545324,5.21087646484375,11.991863250732422,11.464694023132324,250736,0.8922556042671204,0.9801943079573735,3.7383041381835938,12.056062698364258,11.464694023132324,250736,0.9260991215705872,0.9902965669070257,3.7383041381835938,12.056062698364258,11.464694023132324,250736,0.9260991215705872,0.9902965669070257,962,962,1.0,4,64.0,,3890,3890,1.0,4,32.0,,15638,14485,0.9262693439058703,4,16.0,24.446979522705078,3.7189927101135254,4.630089097190648e-05,184.94505310058594,251975,0.9612083435058594,251975
wurenji-0302-02,000104,252231,10.515506744384766,0.0,10.515506744384766,0,,,15.14134693145752,17.370426177978516,10.515506744384766,248992,0.5428138375282288,0.8157049222464979,8.864011764526367,11.190768241882324,10.515506744384766,249368,0.6164804100990295,0.855001443649546,7.21359920501709,11.274999618530273,10.515506744384766,249448,0.6813498735427856,0.8667417658189281,4.8671159744262695,10.814355850219727,10.515506744384766,249468,0.7893401980400085,0.9294739205028301,4.8671159744262695,10.814355850219727,10.515506744384766,249468,0.7893401980400085,0.9294739205028301,963,958,0.9948078920041536,4,64.0,68.902587890625,3891,3887,0.9989719866358263,4,32.0,32.76718521118164,15646,14170,0.9056627892113001,4,16.0,22.49607276916504,4.832356929779053,2.6430798243382014e-05,179.1376953125,252231,0.9621849060058594,252231
wurenji-0302-02,000105,252005,10.42751693725586,0.0,10.42751693725586,0,,,11.178725242614746,13.64162826538086,10.42751693725586,248112,0.5893356204032898,0.8849350293415876,5.567443370819092,10.154833793640137,10.42751693725586,249391,0.8309213519096375,0.9620515575942997,4.444955348968506,10.579849243164062,10.42751693725586,249391,0.8725557923316956,0.9717191077464704,3.398651599884033,10.730244636535645,10.42751693725586,249391,0.9106484651565552,0.9821084161016236,3.398651599884033,10.730244636535645,10.42751693725586,249391,0.9106484651565552,0.9821084161016236,961,961,1.0,4,64.0,,3886,3886,1.0,4,32.0,,15630,14436,0.9236084452975047,4,16.0,22.754138946533203,3.3833260536193848,7.274987729033455e-05,178.4307098388672,252005,0.9613227844238281,252005
wurenji-0302-02,000106,251604,10.643112182617188,0.0,10.643112182617188,0,,,12.815765380859375,15.184074401855469,10.643112182617188,246749,0.5690451264381409,0.8951160896295426,6.29664421081543,11.775274276733398,10.643112182617188,249257,0.8435580134391785,0.9795552381678349,5.227104187011719,11.831338882446289,10.643112182617188,249257,0.8570543527603149,0.9773807756652773,4.105998992919922,11.682027816772461,10.643112182617188,249257,0.8913992643356323,0.9814649137235865,4.105998992919922,11.682027816772461,10.643112182617188,249257,0.8913992643356323,0.9814649137235865,961,961,1.0,4,64.0,,3880,3880,1.0,4,32.0,,15610,14074,0.9016015374759769,4,16.0,25.05242347717285,4.0875468254089355,8.08148251962848e-05,179.22044372558594,251604,0.9597930908203125,251604
wurenji-0302-02,000107,251509,10.423035621643066,0.0,10.423035621643066,0,,,10.314706802368164,12.619872093200684,10.423035621643066,246823,0.5562408566474915,0.8504758470644956,4.792403697967529,10.05814266204834,10.423035621643066,247161,0.8382086157798767,0.9489280266708745,3.652031660079956,10.295995712280273,10.423035621643066,249039,0.8688910603523254,0.9548143061930059,2.520270824432373,10.463973045349121,10.423035621643066,249039,0.9046748280525208,0.9669047819819385,2.520270824432373,10.463973045349121,10.423035621643066,249039,0.9046748280525208,0.9669047819819385,960,960,1.0,4,64.0,,3877,3877,1.0,4,32.0,,15599,14460,0.9269824988781332,4,16.0,21.552581787109375,2.5036685466766357,2.7832005798700266e-05,176.27203369140625,251509,0.9594306945800781,251509
wurenji-0302-02,000108,251584,9.952577590942383,0.0,9.952577590942383,0,,,13.210212707519531,14.058675765991211,9.952577590942383,247990,0.3915036916732788,0.7356546634944957,7.076871871948242,9.370828628540039,9.952577590942383,247555,0.6160686016082764,0.8487770394457798,5.264457702636719,9.27126693725586,9.952577590942383,248293,0.7348191142082214,0.8989298933115312,3.5531816482543945,9.520878791809082,9.952577590942383,249234,0.7993488311767578,0.9243441905999984,3.5531816482543945,9.520878791809082,9.952577590942383,249234,0.7993488311767578,0.9243441905999984,960,960,1.0,4,64.0,,3876,3876,1.0,4,32.0,,15602,14805,0.9489168055377516,4,16.0,23.11701774597168,3.5257489681243896,2.6498770239413716e-05,174.4051513671875,251584,0.959716796875,251584
wurenji-0302-02,000109,251264,10.23181438446045,0.0,10.23181438446045,0,,,12.75536060333252,15.43851089477539,10.23181438446045,246444,0.4725334048271179,0.7901145899271234,5.9416422843933105,11.21562671661377,10.23181438446045,249042,0.7358987927436829,0.9021650966503642,4.605625152587891,10.78413200378418,10.23181438446045,248345,0.7746927738189697,0.9019509150576819,3.0883309841156006,10.495665550231934,10.23181438446045,246207,0.8643457889556885,0.9423412006969745,3.0883309841156006,10.495665550231934,10.23181438446045,246207,0.8643457889556885,0.9423412006969745,959,959,1.0,4,64.0,,3873,3873,1.0,4,32.0,,15574,14297,0.9180043662514448,4,16.0,23.88869857788086,3.066161632537842,4.112540409551002e-05,172.46095275878906,251264,0.95849609375,251264
wurenji-0302-02,000110,251566,9.460633277893066,0.0,9.460633277893066,0,,,10.787554740905762,13.373991966247559,9.460633277893066,247387,0.46665939688682556,0.8047189221745686,5.343418121337891,9.80829906463623,9.460633277893066,249031,0.741378664970398,0.9058350165240472,4.142425537109375,9.45264720916748,9.460633277893066,247202,0.7634342908859253,0.8889733901829273,2.971120595932007,9.413796424865723,9.460633277893066,245452,0.8417292833328247,0.9310374329807865,2.971120595932007,9.413796424865723,9.460633277893066,245452,0.8417292833328247,0.9310374329807865,956,956,1.0,4,64.0,,3878,3878,1.0,4,32.0,,15589,14453,0.9271281031496568,4,16.0,21.94803810119629,2.9539875984191895,2.9150733098504134e-05,167.32598876953125,251566,0.9596481323242188,251566
wurenji-0302-02,000111,251143,9.936996459960938,0.0,9.936996459960938,0,,,13.790019035339355,17.040729522705078,9.936996459960938,246619,0.46956565976142883,0.7755404084843422,6.227869510650635,11.350754737854004,9.936996459960938,248461,0.7159684896469116,0.9051843146409295,5.011404037475586,10.927156448364258,9.936996459960938,247540,0.7462326884269714,0.8991839702674316,3.596656560897827,10.659514427185059,9.936996459960938,247862,0.8082714676856995,0.9177324478943929,3.596656560897827,10.659514427185059,9.936996459960938,247862,0.8082714676856995,0.9177324478943929,956,956,1.0,4,64.0,,3867,3867,1.0,4,32.0,,15566,14237,0.914621611203906,4,16.0,24.88452911376953,3.5762569904327393,8.627222996437922e-05,168.61297607421875,251143,0.9580345153808594,251143
wurenji-0302-02,000112,251893,8.556349754333496,0.0,8.556349754333496,0,,,14.071430206298828,17.1625919342041,8.556349754333496,247149,0.47766247391700745,0.7983079033295705,7.2227582931518555,11.702649116516113,8.556349754333496,246325,0.6922030448913574,0.9097411955749518,5.922379016876221,10.768852233886719,8.556349754333496,242162,0.7620110511779785,0.9240012883937199,4.660000324249268,10.30091667175293,8.556349754333496,246307,0.8305320739746094,0.9506266569768622,4.660000324249268,10.30091667175293,8.556349754333496,246307,0.8305320739746094,0.9506266569768622,956,956,1.0,4,64.0,,3880,3880,1.0,4,32.0,,15606,14195,0.9095860566448801,4,16.0,25.36260223388672,4.640355587005615,2.514295010769274e-05,160.40501403808594,251893,0.9608955383300781,251893
wurenji-0302-02,000113,251631,9.009770393371582,0.0,9.009770393371582,0,,,13.231778144836426,16.62057876586914,9.009770393371582,248974,0.5360098481178284,0.8254315711680738,6.626227378845215,12.116963386535645,9.009770393371582,248691,0.8158150315284729,0.9774901383644764,5.441844940185547,11.013794898986816,9.009770393371582,243941,0.8758962154388428,0.9953308381944814,4.148261070251465,10.528615951538086,9.009770393371582,246331,0.9397308826446533,0.9997686040327851,4.148261070251465,10.528615951538086,9.009770393371582,246331,0.9397308826446533,0.9997686040327851,957,957,1.0,4,64.0,,3881,3881,1.0,4,32.0,,15594,14273,0.9152879312556111,4,16.0,25.955612182617188,4.128149032592773,3.576665767468512e-05,162.1634979248047,251631,0.9598960876464844,251631
wurenji-0302-02,000114,252140,8.032242774963379,0.0,8.032242774963379,0,,,13.548201560974121,16.334257125854492,8.032242774963379,248065,0.6068610548973083,0.8479712978453228,6.082980155944824,11.405373573303223,8.032242774963379,249174,0.8791767358779907,0.9997311115927023,4.9710235595703125,10.159642219543457,8.032242774963379,247343,0.8951823711395264,0.997513574267313,3.681520700454712,9.357978820800781,8.032242774963379,247922,0.9312161207199097,0.9981042424633554,3.681520700454712,9.357978820800781,8.032242774963379,247922,0.9312161207199097,0.9981042424633554,955,955,1.0,4,64.0,,3882,3882,1.0,4,32.0,,15622,14484,0.9271540135706056,4,16.0,23.18268394470215,3.6728928089141846,4.6270590246422216e-05,158.20001220703125,252140,0.9618377685546875,252140
wurenji-0302-02,000115,251595,8.860227584838867,0.0,8.860227584838867,0,,,13.440326690673828,18.084842681884766,8.860227584838867,248728,0.6910896897315979,0.8781118330063362,5.935311317443848,12.90898323059082,8.860227584838867,249028,0.9230073690414429,0.9949684372841608,4.798111438751221,11.373795509338379,8.860227584838867,248852,0.9183026552200317,0.9926502499477601,3.471892833709717,10.354147911071777,8.860227584838867,245911,0.9349045753479004,0.9931113288954134,3.471892833709717,10.354147911071777,8.860227584838867,245911,0.9349045753479004,0.9931113288954134,955,955,1.0,4,64.0,,3873,3873,1.0,4,32.0,,15587,14220,0.912298710463848,4,16.0,23.987472534179688,3.462444305419922,8.479235839331523e-05,160.21194458007812,251595,0.9597587585449219,251595
wurenji-0302-02,000116,251299,9.419710159301758,0.0,9.419710159301758,0,,,11.947249412536621,17.022668838500977,9.419710159301758,248010,0.7392271161079407,0.9224345792508366,4.838476657867432,12.556814193725586,9.419710159301758,248702,0.9442691206932068,0.9962404805751461,3.6992275714874268,11.165509223937988,9.419710159301758,248479,0.9464976191520691,0.9969172445156331,3.0071966648101807,10.606927871704102,9.419710159301758,246952,0.9504653811454773,0.9983438077035214,3.0071966648101807,10.606927871704102,9.419710159301758,246952,0.9504653811454773,0.9983438077035214,955,955,1.0,4,64.0,,3867,3867,1.0,4,32.0,,15575,14273,0.9164044943820224,4,16.0,20.907711029052734,3.0036935806274414,3.183458829880692e-05,161.43153381347656,251299,0.9586296081542969,251299
wurenji-0302-02,000117,251404,9.22718620300293,0.0,9.22718620300293,0,,,12.301634788513184,16.162506103515625,9.22718620300293,247634,0.5956376791000366,0.831909188560537,4.907617092132568,10.925594329833984,9.22718620300293,248012,0.8907421231269836,0.983117752366821,3.5535218715667725,9.994165420532227,9.22718620300293,248459,0.9129592776298523,0.9916565711042868,2.816531181335449,9.700145721435547,9.22718620300293,246757,0.9254846572875977,0.9922555388499616,2.816531181335449,9.700145721435547,9.22718620300293,246757,0.9254846572875977,0.9922555388499616,955,953,0.9979057591623036,4,64.0,68.26782989501953,3868,3868,1.0,4,32.0,,15578,14515,0.9317627423289254,4,16.0,20.769990921020508,2.8028314113616943,4.77319372294005e-05,160.20367431640625,251404,0.9590301513671875,251404
wurenji-0302-02,000118,251615,8.870884895324707,0.0,8.870884895324707,0,,,11.356207847595215,15.181255340576172,8.870884895324707,248510,0.6381984949111938,0.8663796225504004,4.251223564147949,10.724847793579102,8.870884895324707,247722,0.9251734018325806,0.9912886219229621,3.180274486541748,9.625598907470703,8.870884895324707,246944,0.925769031047821,0.9955131527795775,2.6441426277160645,9.358732223510742,8.870884895324707,245772,0.9309088587760925,0.9947308887912374,2.6441426277160645,9.358732223510742,8.870884895324707,245772,0.9309088587760925,0.9947308887912374,955,955,1.0,4,64.0,,3873,3873,1.0,4,32.0,,15596,14788,0.9481918440625802,4,16.0,19.412153244018555,2.6378376483917236,4.37175840488635e-05,155.65939331054688,251615,0.9598350524902344,251615
wurenji-0302-02,000119,251635,8.877107620239258,0.0,8.877107620239258,0,,,12.780072212219238,16.355012893676758,8.877107620239258,247892,0.5893908143043518,0.8337138753973504,4.900285243988037,10.557498931884766,8.877107620239258,247886,0.8746329545974731,0.9960102627820853,3.367912530899048,9.221808433532715,8.877107620239258,246400,0.9306201338768005,0.9985186688311688,2.3844668865203857,8.781246185302734,8.877107620239258,247442,0.9421277642250061,0.9988765043929486,2.3844668865203857,8.781246185302734,8.877107620239258,247442,0.9421277642250061,0.9988765043929486,955,952,0.9968586387434555,4,64.0,71.2807846069336,3873,3873,1.0,4,32.0,,15597,14861,0.9528114380970699,4,16.0,19.799291610717773,2.3712432384490967,7.683086005272344e-05,158.00242614746094,251635,0.9599113464355469,251635
wurenji-0302-02,000120,251860,8.49873161315918,0.0,8.49873161315918,0,,,12.046806335449219,15.046151161193848,8.49873161315918,248242,0.579115092754364,0.830173782035272,5.266241550445557,10.71745777130127,8.49873161315918,247566,0.8737315535545349,0.9959566337865459,3.903679847717285,9.499364852905273,8.49873161315918,248166,0.9286208152770996,0.9989885802245271,2.679081916809082,8.889242172241211,8.49873161315918,247645,0.9497863054275513,0.999983847846716,2.679081916809082,8.889242172241211,8.49873161315918,247645,0.9497863054275513,0.999983847846716,955,955,1.0,4,64.0,,3879,3879,1.0,4,32.0,,15608,14843,0.9509866735007688,4,16.0,22.044614791870117,2.6640238761901855,4.36750560766086e-05,156.85069274902344,251860,0.9607696533203125,251860
wurenji-0302-02,000121,251734,8.789803504943848,0.0,8.789803504943848,0,,,10.850156784057617,13.733262062072754,8.789803504943848,246345,0.5968719124794006,0.8021392762183117,4.007439613342285,9.36462688446045,8.789803504943848,245795,0.9186471700668335,0.9869972944933786,3.0080177783966064,8.666969299316406,8.789803504943848,247252,0.9316592812538147,0.9961496772523579,2.1306912899017334,8.538802146911621,8.789803504943848,247151,0.9498425722122192,0.9999878616716097,2.1306912899017334,8.538802146911621,8.789803504943848,247151,0.9498425722122192,0.9999878616716097,956,956,1.0,4,64.0,,3877,3877,1.0,4,32.0,,15601,15085,0.9669251971027498,4,16.0,18.641908645629883,2.1204140186309814,2.51588317041751e-05,165.8869171142578,251734,0.9602890014648438,251734
wurenji-0302-02,000122,251836,8.635099411010742,0.0,8.635099411010742,0,,,12.290421485900879,15.171032905578613,8.635099411010742,248195,0.5930860638618469,0.8144926368379701,4.655192852020264,10.179991722106934,8.635099411010742,248223,0.911234438419342,0.9964870298078744,3.482084274291992,9.122812271118164,8.635099411010742,247893,0.9363387823104858,0.9990399083475532,2.78315806388855,9.088979721069336,8.635099411010742,247105,0.9506863355636597,0.9994132049128913,2.78315806388855,9.088979721069336,8.635099411010742,247105,0.9506863355636597,0.9994132049128913,955,955,1.0,4,64.0,,3877,3877,1.0,4,32.0,,15606,14925,0.9563629373317954,4,16.0,19.50835609436035,2.775362730026245,7.544592517660931e-05,164.64505004882812,251836,0.9606781005859375,251836
wurenji-0302-02,000123,251763,8.806443214416504,0.0,8.806443214416504,0,,,12.411980628967285,14.775018692016602,8.806443214416504,247161,0.5236412286758423,0.7776752804851899,5.276645660400391,10.64262580871582,8.806443214416504,247287,0.8745741844177246,0.9781266301908309,3.618196487426758,9.588645935058594,8.806443214416504,247629,0.9388700127601624,0.9980373865742704,2.7580971717834473,9.600013732910156,8.806443214416504,246930,0.9629729390144348,0.9994856842020006,2.7580971717834473,9.600013732910156,8.806443214416504,246930,0.9629729390144348,0.9994856842020006,956,956,1.0,4,64.0,,3878,3878,1.0,4,32.0,,15604,14892,0.9543706741861061,4,16.0,19.402132034301758,2.7463462352752686,2.118394331773743e-05,174.25921630859375,251763,0.9603996276855469,251763
wurenji-0302-02,000124,251791,8.737360954284668,0.0,8.737360954284668,0,,,12.550576210021973,14.327754020690918,8.737360954284668,247872,0.49371376633644104,0.7564428414665634,5.368747711181641,9.809613227844238,8.737360954284668,247572,0.8514019250869751,0.9783012618551371,3.8851003646850586,8.754389762878418,8.737360954284668,247220,0.9093261361122131,0.9916754307903891,2.940579652786255,8.719356536865234,8.737360954284668,247181,0.9349005818367004,0.9861154376752258,2.940579652786255,8.719356536865234,8.737360954284668,247181,0.9349005818367004,0.9861154376752258,955,955,1.0,4,64.0,,3878,3878,1.0,4,32.0,,15604,15163,0.9717380158933607,4,16.0,18.523075103759766,2.925090789794922,5.4277821618597955e-05,175.79843139648438,251791,0.9605064392089844,251791
wurenji-0302-02,000125,252152,8.260551452636719,0.0,8.260551452636719,0,,,11.911775588989258,14.735692977905273,8.260551452636719,247375,0.5636699795722961,0.8007155128852956,5.133337497711182,10.007065773010254,8.260551452636719,247540,0.868825376033783,0.9837602003716571,3.685331106185913,8.81743335723877,8.260551452636719,247464,0.9187360405921936,0.9968843953059839,2.7243947982788086,8.810615539550781,8.260551452636719,245865,0.9556331038475037,0.9999105200008135,2.7243947982788086,8.810615539550781,8.260551452636719,245865,0.9556331038475037,0.9999105200008135,955,955,1.0,4,64.0,,3886,3886,1.0,4,32.0,,15628,14984,0.958791911952905,4,16.0,19.554738998413086,2.7152559757232666,7.270746573340148e-05,175.83096313476562,252152,0.961883544921875,252152
wurenji-0302-02,000126,251937,8.663165092468262,0.0,8.663165092468262,0,,,12.61876106262207,14.664085388183594,8.663165092468262,248070,0.49819710850715637,0.7522231628169468,5.121842384338379,10.149304389953613,8.663165092468262,245445,0.841228723526001,0.9529059463423578,3.614123821258545,8.85953426361084,8.663165092468262,245470,0.9084116220474243,0.9814682038538314,2.697340488433838,8.412354469299316,8.663165092468262,243318,0.9388236403465271,0.985019603975045,2.697340488433838,8.412354469299316,8.663165092468262,243318,0.9388236403465271,0.985019603975045,958,958,1.0,4,64.0,,3881,3881,1.0,4,32.0,,15610,15297,0.9799487508007687,4,16.0,17.600845336914062,2.685274839401245,4.1015544411493465e-05,191.41221618652344,251937,0.9610633850097656,251937
wurenji-0302-02,000127,251565,9.398092269897461,0.0,9.398092269897461,0,,,11.270548820495605,13.41228199005127,9.398092269897461,247766,0.5299831628799438,0.7696334444596918,4.54660701751709,10.172789573669434,9.398092269897461,245985,0.8431731462478638,0.9528101306990263,2.9661688804626465,9.14110279083252,9.398092269897461,244556,0.9128950238227844,0.9770972701548929,2.355358123779297,8.898795127868652,9.398092269897461,242331,0.9380849599838257,0.9820122064449038,2.355358123779297,8.898795127868652,9.398092269897461,242331,0.9380849599838257,0.9820122064449038,958,958,1.0,4,64.0,,3876,3876,1.0,4,32.0,,15585,15488,0.993776066730831,4,16.0,18.309072494506836,2.339879274368286,4.770138912135735e-05,197.75779724121094,251565,0.9596443176269531,251565
wurenji-0302-02,000128,252420,8.00087833404541,0.0,8.00087833404541,0,,,12.921248435974121,14.17957592010498,8.00087833404541,247673,0.412535160779953,0.703052008091314,5.161139011383057,8.398422241210938,8.00087833404541,245675,0.8056311011314392,0.9533326549302941,3.575350046157837,7.313507556915283,8.00087833404541,244448,0.8733710050582886,0.9694454444298992,2.674572467803955,7.207239151000977,8.00087833404541,244429,0.8995569348335266,0.966301052657418,2.674572467803955,7.207239151000977,8.00087833404541,244429,0.8995569348335266,0.966301052657418,958,956,0.9979123173277662,4,64.0,71.86714172363281,3884,3884,1.0,4,32.0,,15636,15548,0.9943719621386544,4,16.0,17.356725692749023,2.6584863662719727,5.414256520452909e-05,186.3892059326172,252420,0.9629058837890625,252420
wurenji-0302-02,000129,252331,8.328999519348145,0.0,8.328999519348145,0,,,11.634072303771973,13.387805938720703,8.328999519348145,247338,0.4797811806201935,0.7394051864250539,4.411006927490234,8.651527404785156,8.328999519348145,245325,0.8568874001502991,0.959677978192194,3.279787063598633,7.7057366371154785,8.328999519348145,242799,0.9018568396568298,0.9765855707807692,2.614992141723633,7.626790523529053,8.328999519348145,242540,0.9226858019828796,0.9768409334542756,2.614992141723633,7.626790523529053,8.328999519348145,242540,0.9226858019828796,0.9768409334542756,958,958,1.0,4,64.0,,3886,3886,1.0,4,32.0,,15633,15552,0.9948186528497409,4,16.0,17.218528747558594,2.6020870208740234,4.755658301291987e-05,190.11187744140625,252331,0.9625663757324219,252331
wurenji-0302-02,000130,252330,8.637682914733887,0.0,8.637682914733887,0,,,10.760579109191895,13.520185470581055,8.637682914733887,249813,0.6235455870628357,0.8107784622897928,3.939687728881836,9.38281536102295,8.637682914733887,249023,0.8553102612495422,0.9394513759773193,2.9546144008636475,8.41356086730957,8.637682914733887,249992,0.8990285396575928,0.9655068962206791,2.5252938270568848,8.230494499206543,8.637682914733887,248593,0.9083408713340759,0.9692589895934318,2.5252938270568848,8.230494499206543,8.637682914733887,248593,0.9083408713340759,0.9692589895934318,959,959,1.0,4,64.0,,3888,3888,1.0,4,32.0,,15646,15634,0.999233030806596,4,16.0,16.739564895629883,2.515451669692993,3.434655809542164e-05,204.73130798339844,252330,0.9625625610351562,252330
wurenji-0302-02,000131,252640,8.299662590026855,0.0,8.299662590026855,0,,,12.341068267822266,14.685672760009766,8.299662590026855,246499,0.5283797979354858,0.7579706205704688,4.797846794128418,9.555025100708008,8.299662590026855,246856,0.849237322807312,0.9511658618789902,3.5081470012664795,8.774459838867188,8.299662590026855,248239,0.9167032837867737,0.9838180140912588,2.6671197414398193,8.523534774780273,8.299662590026855,244528,0.9469231367111206,0.9838955048092652,2.6671197414398193,8.523534774780273,8.299662590026855,244528,0.9469231367111206,0.9838955048092652,960,960,1.0,4,64.0,,3895,3895,1.0,4,32.0,,15654,15184,0.9699757250542992,4,16.0,18.44075584411621,2.6496293544769287,4.6179015043890104e-05,199.16085815429688,252640,0.9637451171875,252640
wurenji-0302-02,000132,252873,8.088741302490234,0.0,8.088741302490234,0,,,11.57972240447998,14.205118179321289,8.088741302490234,251434,0.6101086735725403,0.8083035707183595,4.285312175750732,9.146644592285156,8.088741302490234,251485,0.8904557824134827,0.9645426168558761,3.160486936569214,8.156462669372559,8.088741302490234,252480,0.9186335206031799,0.9785844423320659,2.493042230606079,7.780611038208008,8.088741302490234,250899,0.9415629506111145,0.9893104396589862,2.493042230606079,7.780611038208008,8.088741302490234,250899,0.9415629506111145,0.9893104396589862,959,959,1.0,4,64.0,,3898,3898,1.0,4,32.0,,15683,15682,0.9999362366894089,4,16.0,18.431156158447266,2.4802401065826416,7.250015914905816e-05,198.47914123535156,252873,0.9646339416503906,252873
wurenji-0302-02,000133,253800,6.6430277824401855,0.0,6.6430277824401855,0,,,12.27373218536377,13.970879554748535,6.6430277824401855,249567,0.49346476793289185,0.7419170002444233,4.3918585777282715,8.494264602661133,6.6430277824401855,247414,0.8301711082458496,0.9285125336480555,3.1206440925598145,7.322340965270996,6.6430277824401855,244257,0.8967897295951843,0.9676979574792125,2.4229776859283447,6.943671703338623,6.6430277824401855,247198,0.9210352897644043,0.9747570773226321,2.4229776859283447,6.943671703338623,6.6430277824401855,247198,0.9210352897644043,0.9747570773226321,961,961,1.0,4,64.0,,3911,3911,1.0,4,32.0,,15732,15728,0.9997457411645054,4,16.0,16.25075912475586,2.408989191055298,5.5161544878501445e-05,180.5646514892578,253800,0.968170166015625,253800
wurenji-0302-02,000134,254135,6.391777992248535,0.0,6.391777992248535,0,,,12.819415092468262,14.18099308013916,6.391777992248535,252285,0.447264701128006,0.7172562776225301,4.891069412231445,7.789632320404053,6.391777992248535,248635,0.8027735352516174,0.9290566493052064,3.458893299102783,6.789843559265137,6.391777992248535,248757,0.8696331977844238,0.9601096652556511,2.7084732055664062,6.356420516967773,6.391777992248535,250698,0.8995597958564758,0.967857741186607,2.7084732055664062,6.356420516967773,6.391777992248535,250698,0.8995597958564758,0.967857741186607,962,962,1.0,4,64.0,,3917,3917,1.0,4,32.0,,15764,15753,0.9993022075615327,4,16.0,17.08911895751953,2.696476697921753,4.590735989040695e-05,179.26663208007812,254135,0.9694480895996094,254135
wurenji-0302-02,000135,254322,6.267599105834961,0.0,6.267599105834961,0,,,11.310654640197754,12.173330307006836,6.267599105834961,250245,0.40932029485702515,0.7070790625187316,4.352372646331787,7.189907550811768,6.267599105834961,248048,0.7957505583763123,0.9295660517319229,3.0956242084503174,6.135814666748047,6.267599105834961,246302,0.8824837803840637,0.9728098026000601,2.552780866622925,5.75584602355957,6.267599105834961,248334,0.9064774513244629,0.9805906561324668,2.552780866622925,5.75584602355957,6.267599105834961,248334,0.9064774513244629,0.9805906561324668,963,963,1.0,4,64.0,,3919,3919,1.0,4,32.0,,15761,15761,1.0,4,16.0,,2.5389039516448975,4.980562880518846e-05,172.84500122070312,254322,0.9701614379882812,254322
wurenji-0302-02,000136,254850,5.8532562255859375,0.0,5.8532562255859375,0,,,11.480796813964844,12.913763999938965,5.8532562255859375,252670,0.48852190375328064,0.7355285550322556,4.32489538192749,7.584255218505859,5.8532562255859375,251474,0.800944983959198,0.9286447107852104,3.1506271362304688,6.6195526123046875,5.8532562255859375,251718,0.8702102899551392,0.9635941807896138,2.3166115283966064,6.190508842468262,5.8532562255859375,250091,0.9054217338562012,0.9719582072125746,2.3166115283966064,6.190508842468262,5.8532562255859375,250091,0.9054217338562012,0.9719582072125746,968,968,1.0,4,64.0,,3922,3922,1.0,4,32.0,,15792,15780,0.9992401215805471,4,16.0,17.150131225585938,2.3022985458374023,3.269897206337191e-05,180.2001953125,254850,0.9721755981445312,254850
wurenji-0302-02,000137,255016,6.0065598487854,0.0,6.0065598487854,0,,,12.588361740112305,13.310102462768555,6.0065598487854,252724,0.3802209794521332,0.7006418068723193,5.141125679016113,7.390751838684082,6.0065598487854,249876,0.7771887183189392,0.9258752341161216,3.6451590061187744,6.448737621307373,6.0065598487854,251457,0.8654895424842834,0.9618543130634661,2.918713331222534,6.055697917938232,6.0065598487854,252697,0.9096937775611877,0.9871822775893659,2.918713331222534,6.055697917938232,6.0065598487854,252697,0.9096937775611877,0.9871822775893659,961,961,1.0,4,64.0,,3952,3952,1.0,4,32.0,,15816,15816,1.0,4,16.0,,2.9031364917755127,8.626909402664751e-05,182.23464965820312,255016,0.972808837890625,255016
wurenji-0302-02,000138,255473,5.641937732696533,0.0,5.641937732696533,0,,,10.26038932800293,10.734208106994629,5.641937732696533,252755,0.34939026832580566,0.6678483116061008,4.648603916168213,6.703423976898193,5.641937732696533,250423,0.7437608242034912,0.9186696110181573,3.4535391330718994,6.348763942718506,5.641937732696533,251859,0.8385370373725891,0.9636066211650169,2.3535211086273193,5.831744194030762,5.641937732696533,250835,0.9390017986297607,0.9956106603942831,2.3535211086273193,5.831744194030762,5.641937732696533,250835,0.9390017986297607,0.9956106603942831,968,968,1.0,4,64.0,,3948,3948,1.0,4,32.0,,15831,15831,1.0,4,16.0,,2.3275833129882812,8.350523421540856e-05,182.32131958007812,255473,0.9745521545410156,255473
wurenji-0302-02,000139,256270,4.727892875671387,0.0,4.727892875671387,0,,,10.50178050994873,10.87934398651123,4.727892875671387,253161,0.30754005908966064,0.6557092127144386,4.384339809417725,6.123047828674316,4.727892875671387,251766,0.7036435604095459,0.9086691610463684,3.325356960296631,5.169771194458008,4.727892875671387,250530,0.7923945784568787,0.9480421506406418,2.4591450691223145,4.563161373138428,4.727892875671387,252737,0.8734300136566162,0.9756030972908597,2.4591450691223145,4.563161373138428,4.727892875671387,252737,0.8734300136566162,0.9756030972908597,966,966,1.0,4,64.0,,3961,3961,1.0,4,32.0,,15881,15881,1.0,4,16.0,,2.439566135406494,4.942703526467085e-05,174.17996215820312,256270,0.9775924682617188,256270
wurenji-0302-02,000140,256540,4.931563377380371,0.0,4.931563377380371,0,,,8.571971893310547,9.127674102783203,4.931563377380371,253342,0.3639942407608032,0.7015457365932218,3.9415721893310547,6.2957234382629395,4.931563377380371,253394,0.7847593426704407,0.9571023781147147,3.2131755352020264,5.5511651039123535,4.931563377380371,253004,0.8292694687843323,0.9831741790643627,2.352524995803833,4.9078826904296875,4.931563377380371,255335,0.8959810137748718,0.9961188242896587,2.352524995803833,4.9078826904296875,4.931563377380371,255335,0.8959810137748718,0.9961188242896587,961,961,1.0,4,64.0,,3969,3969,1.0,4,32.0,,15973,15970,0.999812183058912,4,16.0,16.145883560180664,2.340648651123047,3.768093301914632e-05,183.15045166015625,256540,0.9786224365234375,256540
wurenji-0302-02,000141,257048,4.19851541519165,0.0,4.19851541519165,0,,,7.571285247802734,8.651480674743652,4.19851541519165,255235,0.49638158082962036,0.7934844359120027,3.8537347316741943,6.634876728057861,4.19851541519165,255036,0.8022674918174744,0.9553474803557145,2.9520766735076904,5.436868667602539,4.19851541519165,252830,0.8457127213478088,0.9857414072697069,2.0622739791870117,4.791415214538574,4.19851541519165,255801,0.913597047328949,0.9984128287223272,2.0622739791870117,4.791415214538574,4.19851541519165,255801,0.913597047328949,0.9984128287223272,992,992,1.0,4,64.0,,3969,3969,1.0,4,32.0,,15876,15876,1.0,4,16.0,,2.0428507328033447,5.1870985771529377e-05,177.62692260742188,257048,0.980560302734375,257048
wurenji-0302-02,000142,257183,4.309980869293213,0.0,4.309980869293213,0,,,7.577758312225342,8.315608978271484,4.309980869293213,251614,0.41451698541641235,0.7199241695613122,3.5654759407043457,5.854074954986572,4.309980869293213,252642,0.7474014163017273,0.9386166987278441,2.8690905570983887,5.03631067276001,4.309980869293213,253103,0.8180466890335083,0.968218472321545,2.0405571460723877,4.545947551727295,4.309980869293213,255640,0.9124084115028381,0.9997261774370209,2.0405571460723877,4.545947551727295,4.309980869293213,255640,0.9124084115028381,0.9997261774370209,992,992,1.0,4,64.0,,3969,3969,1.0,4,32.0,,15876,15876,1.0,4,16.0,,2.0193405151367188,4.795547647518106e-05,174.30186462402344,257183,0.9810752868652344,257183
wurenji-0302-02,000143,257506,4.516603946685791,0.0,4.516603946685791,0,,,8.324751853942871,9.307817459106445,4.516603946685791,255799,0.45574119687080383,0.7625753032654545,3.7845747470855713,6.221772193908691,4.516603946685791,252492,0.7455271482467651,0.9306116629437764,2.975114107131958,5.620266437530518,4.516603946685791,255105,0.8230041861534119,0.9641559357911448,2.055192708969116,5.47111177444458,4.516603946685791,257496,0.9288769364356995,0.9989863920216236,2.055192708969116,5.47111177444458,4.516603946685791,257496,0.9288769364356995,0.9989863920216236,992,992,1.0,4,64.0,,3966,3966,1.0,4,32.0,,15880,15880,1.0,4,16.0,,2.0355026721954346,5.566213440033607e-05,184.3848876953125,257506,0.9823074340820312,257506
wurenji-0302-02,000144,258291,3.966949939727783,0.0,3.966949939727783,0,,,7.125990390777588,8.114707946777344,3.966949939727783,256822,0.46412864327430725,0.7642491686849258,3.3472418785095215,5.712507724761963,3.966949939727783,253979,0.7717974185943604,0.933734678851401,2.626131534576416,4.878554821014404,3.966949939727783,253893,0.844434916973114,0.9675532606255391,1.877051591873169,4.567851543426514,3.966949939727783,255618,0.9275990724563599,0.9985368792495051,1.877051591873169,4.567851543426514,3.966949939727783,255618,0.9275990724563599,0.9985368792495051,992,992,1.0,4,64.0,,3997,3997,1.0,4,32.0,,15876,15876,1.0,4,16.0,,1.856124758720398,8.904685091692954e-05,175.52659606933594,258291,0.9853019714355469,258291
wurenji-0302-02,000145,258392,4.184782981872559,0.0,4.184782981872559,0,,,6.728623867034912,7.805554389953613,4.184782981872559,257216,0.4815531075000763,0.7887806357302811,3.657437801361084,5.696328639984131,4.184782981872559,252115,0.7083093523979187,0.9043254070563037,2.6937694549560547,5.111880302429199,4.184782981872559,254105,0.8257694840431213,0.9564195903268334,1.9544912576675415,5.01762580871582,4.184782981872559,257486,0.9175950884819031,0.9891489246017259,1.9544912576675415,5.01762580871582,4.184782981872559,257486,0.9175950884819031,0.9891489246017259,992,992,1.0,4,64.0,,3991,3991,1.0,4,32.0,,15981,15981,1.0,4,16.0,,1.9447847604751587,5.289121327223256e-05,181.28199768066406,258392,0.985687255859375,258392
wurenji-0302-02,000146,258962,3.5611557960510254,0.0,3.5611557960510254,0,,,6.779111385345459,7.812978267669678,3.5611557960510254,255308,0.5104401111602783,0.7980830996286837,3.982175588607788,5.777146816253662,3.5611557960510254,256276,0.6932559013366699,0.9188531114891757,2.8651607036590576,4.953271865844727,3.5611557960510254,254897,0.7957078218460083,0.9419451778561536,2.0436806678771973,4.78698205947876,3.5611557960510254,258658,0.9066645503044128,0.9881039828654052,2.0436806678771973,4.78698205947876,3.5611557960510254,258658,0.9066645503044128,0.9881039828654052,1000,1000,1.0,4,64.0,,3986,3986,1.0,4,32.0,,16074,16074,1.0,4,16.0,,2.032137870788574,0.00013000619946978986,165.50286865234375,258962,0.9878616333007812,258962
wurenji-0302-02,000147,258512,4.85720682144165,0.0,4.85720682144165,0,,,6.469454288482666,8.014671325683594,4.85720682144165,255010,0.5940549373626709,0.8459589820007059,3.3326094150543213,6.083688735961914,4.85720682144165,254420,0.8120371699333191,0.9519966983727695,2.6388015747070312,5.639249801635742,4.85720682144165,254425,0.8666813969612122,0.9698575218630244,2.133152723312378,5.569485664367676,4.85720682144165,258491,0.9304515719413757,0.9983442363563915,2.133152723312378,5.569485664367676,4.85720682144165,258491,0.9304515719413757,0.9983442363563915,992,992,1.0,4,64.0,,3994,3994,1.0,4,32.0,,16031,16031,1.0,4,16.0,,2.1200504302978516,7.349755469476804e-05,194.76866149902344,258512,0.98614501953125,258512
wurenji-0302-02,000148,257980,5.5786824226379395,0.0,5.5786824226379395,0,,,6.801301002502441,8.125244140625,5.5786824226379395,254880,0.5444199442863464,0.8206842435655995,3.0527424812316895,5.909859657287598,5.5786824226379395,254927,0.8160943984985352,0.9468475289004303,2.4786553382873535,5.8156328201293945,5.5786824226379395,254266,0.8894179463386536,0.9694571826355077,1.9502508640289307,5.921670913696289,5.5786824226379395,257519,0.9525282979011536,0.9975458121536663,1.9502508640289307,5.921670913696289,5.5786824226379395,257519,0.9525282979011536,0.9975458121536663,982,982,1.0,4,64.0,,3969,3969,1.0,4,32.0,,16036,16036,1.0,4,16.0,,1.942627191543579,8.140166028169915e-05,200.4239959716797,257980,0.9841156005859375,257980
wurenji-0302-02,000149,258516,5.065205097198486,0.0,5.065205097198486,0,,,6.836164951324463,7.323259353637695,5.065205097198486,253848,0.40013912320137024,0.7549084491506728,3.0747740268707275,4.98648738861084,5.065205097198486,250986,0.7362784147262573,0.8966794960675097,2.5006766319274902,5.420082092285156,5.065205097198486,253191,0.8450613617897034,0.9537266332531567,2.1055455207824707,5.81481409072876,5.065205097198486,257941,0.9303053021430969,0.9946964615939304,2.1055455207824707,5.81481409072876,5.065205097198486,257941,0.9303053021430969,0.9946964615939304,991,991,1.0,4,64.0,,3977,3977,1.0,4,32.0,,16069,16069,1.0,4,16.0,,2.0956313610076904,2.8367037884891033e-05,188.45777893066406,258516,0.9861602783203125,258516
wurenji-0302-02,000150,258761,5.052474498748779,0.0,5.052474498748779,0,,,6.417477607727051,7.156766891479492,5.052474498748779,253603,0.41492441296577454,0.7598096237031896,3.242459297180176,5.106622695922852,5.052474498748779,245464,0.6346738934516907,0.83562966463514,2.516754388809204,5.5977630615234375,5.052474498748779,251117,0.8430028557777405,0.9511741538804621,1.941554069519043,6.189118385314941,5.052474498748779,257441,0.9441773295402527,0.9956922168574547,1.941554069519043,6.189118385314941,5.052474498748779,257441,0.9441773295402527,0.9956922168574547,994,994,1.0,4,64.0,,3984,3984,1.0,4,32.0,,16066,16066,1.0,4,16.0,,1.939176321029663,3.8645699532935396e-05,177.3098907470703,258761,0.9870948791503906,258761
wurenji-0302-02,000151,257592,6.977825164794922,0.0,6.977825164794922,0,,,8.056117057800293,9.294979095458984,6.977825164794922,254399,0.4889568090438843,0.7928647518268547,3.935814380645752,6.683056354522705,6.977825164794922,250203,0.7110164165496826,0.8594581200065546,3.0463666915893555,7.203710079193115,6.977825164794922,254821,0.8695278167724609,0.9632840307509978,2.3373007774353027,7.800309658050537,6.977825164794922,256202,0.9495722651481628,0.9977751930117642,2.3373007774353027,7.800309658050537,6.977825164794922,256202,0.9495722651481628,0.9977751930117642,980,980,1.0,4,64.0,,3971,3971,1.0,4,32.0,,16004,16003,0.9999375156210947,4,16.0,16.103862762451172,2.333745002746582,3.3644937502685934e-05,211.92201232910156,257592,0.982635498046875,257592
wurenji-0302-02,000152,257845,7.01108980178833,0.0,7.01108980178833,0,,,7.35115385055542,9.46360969543457,7.01108980178833,253857,0.6440777778625488,0.8750753376901169,4.035872936248779,7.418270587921143,7.01108980178833,253125,0.8045945167541504,0.9227970370370371,2.978152275085449,7.379993915557861,7.01108980178833,254045,0.9156144857406616,0.9790785097128462,2.142808675765991,7.605703830718994,7.01108980178833,257433,0.9597110152244568,0.9972614233606414,2.142808675765991,7.605703830718994,7.01108980178833,257433,0.9597110152244568,0.9972614233606414,982,982,1.0,4,64.0,,3979,3979,1.0,4,32.0,,16017,16016,0.9999375663357682,4,16.0,16.377918243408203,2.1371278762817383,1.809872810554225e-05,214.01316833496094,257845,0.9836006164550781,257845
wurenji-0302-02,000153,258733,5.925853729248047,0.0,5.925853729248047,0,,,6.931460380554199,8.031172752380371,5.925853729248047,253297,0.49396878480911255,0.7795354860104936,3.798417329788208,6.432887554168701,5.925853729248047,243965,0.7148804664611816,0.8806714077839034,2.6852657794952393,6.33010721206665,5.925853729248047,252512,0.856488049030304,0.9528774870105183,2.1339046955108643,6.570156574249268,5.925853729248047,255848,0.9278577566146851,0.9864607110471842,2.1339046955108643,6.570156574249268,5.925853729248047,255848,0.9278577566146851,0.9864607110471842,993,993,1.0,4,64.0,,3983,3983,1.0,4,32.0,,16065,16065,1.0,4,16.0,,2.131993532180786,3.6073222872801125e-05,190.45022583007812,258733,0.9869880676269531,258733
wurenji-0302-02,000154,257857,7.40932559967041,0.0,7.40932559967041,0,,,7.416433334350586,9.881497383117676,7.40932559967041,256707,0.6540758013725281,0.8814484996513535,3.9116904735565186,7.693860054016113,7.40932559967041,253683,0.8688220977783203,0.9595873590268169,2.8301284313201904,7.9550323486328125,7.40932559967041,256829,0.9450914263725281,0.9927072098555848,2.1793715953826904,8.319742202758789,7.40932559967041,257857,0.9725342988967896,1.0,2.1793715953826904,8.319742202758789,7.40932559967041,257857,0.9725342988967896,1.0,984,984,1.0,4,64.0,,3974,3974,1.0,4,32.0,,16016,16002,0.9991258741258742,4,16.0,16.472915649414062,2.1741368770599365,2.585412403277587e-05,208.6979522705078,257857,0.9836463928222656,257857
wurenji-0302-02,000155,257307,8.284550666809082,0.0,8.284550666809082,0,,,9.442534446716309,11.943699836730957,8.284550666809082,255299,0.6071469187736511,0.8387302731307212,4.453495502471924,8.408638000488281,8.284550666809082,256999,0.8281731009483337,0.9573111179420931,3.2928271293640137,8.561156272888184,8.284550666809082,257307,0.9150775074958801,0.9821769326135705,2.284292697906494,9.291378021240234,8.284550666809082,257307,0.9776183366775513,1.0,2.284292697906494,9.291378021240234,8.284550666809082,257307,0.9776183366775513,1.0,975,975,1.0,4,64.0,,3969,3969,1.0,4,32.0,,15990,15962,0.9982489055659788,4,16.0,16.537124633789062,2.2813870906829834,3.109126555500552e-05,212.1324005126953,257307,0.9815483093261719,257307
wurenji-0302-02,000156,258062,7.574690341949463,0.0,7.574690341949463,0,,,8.498887062072754,10.075520515441895,7.574690341949463,254937,0.5670643448829651,0.8347434856454732,4.072794437408447,7.508862018585205,7.574690341949463,255570,0.8086419701576233,0.9327033689400165,2.905965566635132,7.801109790802002,7.574690341949463,257139,0.9187760949134827,0.9853114463383618,2.0241308212280273,8.588422775268555,7.574690341949463,258062,0.9733476042747498,0.9998488735265169,2.0241308212280273,8.588422775268555,7.574690341949463,258062,0.9733476042747498,0.9998488735265169,986,986,1.0,4,64.0,,3980,3980,1.0,4,32.0,,16024,15972,0.9967548676984523,4,16.0,16.856666564941406,2.020174503326416,4.391709444462322e-05,206.5327911376953,258062,0.9844284057617188,258062
wurenji-0302-02,000157,257385,8.629514694213867,0.0,8.629514694213867,0,,,8.567510604858398,11.595494270324707,8.629514694213867,256645,0.691801130771637,0.9109509244286855,3.976846933364868,8.875000953674316,8.629514694213867,257017,0.8759583830833435,0.9667142640370092,2.9526214599609375,9.067194938659668,8.629514694213867,257385,0.9394346475601196,0.996099228781786,2.277596950531006,9.323482513427734,8.629514694213867,257385,0.9698708653450012,1.0,2.277596950531006,9.323482513427734,8.629514694213867,257385,0.9698708653450012,1.0,978,978,1.0,4,64.0,,3970,3970,1.0,4,32.0,,15996,15893,0.9935608902225557,4,16.0,16.916210174560547,2.267425060272217,3.7557227187789977e-05,208.5469512939453,257385,0.9818458557128906,257385
wurenji-0302-02,000158,256648,9.783822059631348,0.0,9.783822059631348,0,,,8.953227996826172,12.230934143066406,9.783822059631348,255819,0.7076199650764465,0.9475566709274917,4.523885726928711,10.110610961914062,9.783822059631348,254217,0.8865199089050293,0.9708005365494833,3.3589284420013428,10.227070808410645,9.783822059631348,256294,0.9449299573898315,0.9978306164014764,2.683729410171509,10.476242065429688,9.783822059631348,256648,0.9670291543006897,1.0,2.683729410171509,10.476242065429688,9.783822059631348,256648,0.9670291543006897,1.0,968,968,1.0,4,64.0,,3969,3969,1.0,4,32.0,,15958,15657,0.9811379872164432,4,16.0,17.15515899658203,2.67475962638855,0.00014286753139458597,218.5589141845703,256648,0.979034423828125,256648
wurenji-0302-02,000159,256412,10.286249160766602,0.0,10.286249160766602,0,,,8.421040534973145,12.731012344360352,10.286249160766602,256072,0.7557868361473083,0.9488932800149957,3.901395559310913,10.067734718322754,10.286249160766602,255851,0.9288396239280701,0.9852257759399026,3.038724899291992,10.303521156311035,10.286249160766602,256241,0.9632190465927124,0.9977052852587993,2.42580246925354,10.614002227783203,10.286249160766602,256412,0.9802632927894592,1.0,2.42580246925354,10.614002227783203,10.286249160766602,256412,0.9802632927894592,1.0,968,968,1.0,4,64.0,,3969,3969,1.0,4,32.0,,15934,15490,0.9721350571105811,4,16.0,17.453136444091797,2.4161221981048584,4.549969162326306e-05,220.53172302246094,256412,0.9781341552734375,256412
wurenji-0302-02,000160,256339,10.475737571716309,0.0,10.475737571716309,0,,,8.719629287719727,12.000709533691406,10.475737571716309,255675,0.7004671096801758,0.9306815292852254,4.672013759613037,9.620892524719238,10.475737571716309,255095,0.8818427920341492,0.9727121268547012,3.468496561050415,10.094118118286133,10.475737571716309,256323,0.9414132833480835,0.9988842203001681,2.5257649421691895,10.7622709274292,10.475737571716309,256339,0.9755164980888367,1.0,2.5257649421691895,10.7622709274292,10.475737571716309,256339,0.9755164980888367,1.0,966,966,1.0,4,64.0,,3969,3969,1.0,4,32.0,,15931,15476,0.9714393321197665,4,16.0,17.330211639404297,2.5179507732391357,5.461517866933718e-05,222.8306884765625,256339,0.9778556823730469,256339
wurenji-0302-02,000161,256007,11.014927864074707,0.0,11.014927864074707,0,,,9.7291841506958,12.962390899658203,11.014927864074707,254603,0.6840201020240784,0.92936061240441,5.33639669418335,10.32738971710205,11.014927864074707,254007,0.8598421812057495,0.9661859712527607,3.781829595565796,10.68463134765625,11.014927864074707,255396,0.9428851008415222,0.9947023445942771,2.8166158199310303,11.162262916564941,11.014927864074707,256007,0.9737673997879028,1.0,2.8166158199310303,11.162262916564941,11.014927864074707,256007,0.9737673997879028,1.0,962,962,1.0,4,64.0,,3969,3969,1.0,4,32.0,,15906,15244,0.9583804853514397,4,16.0,17.755334854125977,2.8113791942596436,7.291467045433819e-05,222.8331756591797,256007,0.9765892028808594,256007
wurenji-0302-02,000162,255632,11.595088005065918,0.0,11.595088005065918,0,,,7.996226787567139,11.941367149353027,11.595088005065918,254443,0.7273475527763367,0.9096300546684326,4.126488208770752,11.015315055847168,11.595088005065918,255548,0.9191154837608337,0.9851769530577426,3.1022465229034424,11.641287803649902,11.595088005065918,255632,0.955219566822052,0.9955717594041434,2.438887596130371,12.077552795410156,11.595088005065918,255632,0.9814838767051697,1.0,2.438887596130371,12.077552795410156,11.595088005065918,255632,0.9814838767051697,1.0,961,961,1.0,4,64.0,,3969,3969,1.0,4,32.0,,15885,14867,0.9359143846395971,4,16.0,18.15250015258789,2.4295148849487305,2.868707088055089e-05,228.00148010253906,255632,0.97515869140625,255632
wurenji-0302-02,000163,255750,11.790350914001465,0.0,11.790350914001465,0,,,7.445803642272949,12.415632247924805,11.790350914001465,254918,0.7841827869415283,0.9266234632313136,3.779618978500366,11.078401565551758,11.790350914001465,255025,0.9422323107719421,0.9879227526713067,2.9671683311462402,11.907689094543457,11.790350914001465,255705,0.965980589389801,0.9974580082516963,2.1800382137298584,12.437278747558594,11.790350914001465,255750,0.987908124923706,1.0,2.1800382137298584,12.437278747558594,11.790350914001465,255750,0.987908124923706,1.0,970,970,1.0,4,64.0,,3958,3958,1.0,4,32.0,,15891,15037,0.9462588886791266,4,16.0,17.85348129272461,2.170853853225708,9.51449983404018e-05,224.5554962158203,255750,0.9756088256835938,255750
wurenji-0302-02,000164,255114,12.488258361816406,0.0,12.488258361816406,0,,,7.825599193572998,13.078892707824707,12.488258361816406,254811,0.835576057434082,0.9608258670151603,4.3299560546875,11.93773365020752,12.488258361816406,254958,0.9374781847000122,0.9969014504349736,3.0677919387817383,12.388145446777344,12.488258361816406,255114,0.9735201597213745,0.9998040091880492,2.2636446952819824,12.902057647705078,12.488258361816406,255114,0.9898529052734375,1.0,2.2636446952819824,12.902057647705078,12.488258361816406,255114,0.9898529052734375,1.0,961,961,1.0,4,64.0,,3967,3967,1.0,4,32.0,,15842,14483,0.9142153768463578,4,16.0,18.301250457763672,2.2594897747039795,6.663687963737175e-05,230.27105712890625,255114,0.9731826782226562,255114
wurenji-0302-02,000165,255924,11.348276138305664,0.0,11.348276138305664,0,,,8.191794395446777,13.611857414245605,11.348276138305664,255584,0.8347374200820923,0.9704519844747715,4.298214912414551,11.288763999938965,11.348276138305664,255572,0.9316838979721069,0.9943773183290814,3.08463716506958,11.425118446350098,11.348276138305664,255924,0.9681335687637329,0.9996952220190369,2.490121603012085,11.742348670959473,11.348276138305664,255924,0.9851278066635132,1.0,2.490121603012085,11.742348670959473,11.348276138305664,255924,0.9851278066635132,1.0,961,961,1.0,4,64.0,,3969,3969,1.0,4,32.0,,15876,14971,0.9429957168052406,4,16.0,17.834983825683594,2.4796292781829834,6.772844062652439e-05,224.78298950195312,255924,0.9762725830078125,255924
wurenji-0302-02,000166,255341,12.273737907409668,0.0,12.273737907409668,0,,,7.349416255950928,12.271806716918945,12.273737907409668,254714,0.7996996641159058,0.9356140612608651,4.227786540985107,11.214841842651367,12.273737907409668,255089,0.9364685416221619,0.988862710661769,3.1106135845184326,11.84260368347168,12.273737907409668,255341,0.9693173170089722,0.9996396975025554,2.4931581020355225,12.426812171936035,12.273737907409668,255341,0.987636387348175,1.0,2.4931581020355225,12.426812171936035,12.273737907409668,255341,0.987636387348175,1.0,961,961,1.0,4,64.0,,3969,3969,1.0,4,32.0,,15852,14901,0.9400075700227101,4,16.0,17.902925491333008,2.4884634017944336,0.00010965728142764419,224.55728149414062,255341,0.9740486145019531,255341
wurenji-0302-02,000167,255168,12.469524383544922,0.0,12.469524383544922,0,,,7.719301700592041,12.893848419189453,12.469524383544922,254600,0.8030776381492615,0.9469835035349567,4.493177890777588,11.374800682067871,12.469524383544922,255051,0.9317997694015503,0.9945187433101615,3.351045608520508,11.920071601867676,12.469524383544922,255050,0.9647195935249329,0.9987100568515977,2.364471435546875,12.755328178405762,12.469524383544922,255168,0.9897642731666565,1.0,2.364471435546875,12.755328178405762,12.469524383544922,255168,0.9897642731666565,1.0,961,961,1.0,4,64.0,,3969,3969,1.0,4,32.0,,15848,14842,0.9365219586067642,4,16.0,17.983339309692383,2.3602445125579834,6.923542969161645e-05,225.6265411376953,255168,0.973388671875,255168
wurenji-0302-02,000168,255810,11.749333381652832,0.0,11.749333381652832,0,,,7.282924175262451,12.152876853942871,11.749333381652832,255060,0.8060166239738464,0.9457578608954755,4.286977767944336,11.124567985534668,11.749333381652832,255810,0.9327332973480225,0.9901450295140924,3.166851043701172,11.549290657043457,11.749333381652832,255810,0.9633563160896301,0.9967944959149369,2.2905032634735107,12.270487785339355,11.749333381652832,255810,0.9881213307380676,1.0,2.2905032634735107,12.270487785339355,11.749333381652832,255810,0.9881213307380676,1.0,961,961,1.0,4,64.0,,3969,3969,1.0,4,32.0,,15933,15036,0.9437017510826586,4,16.0,17.676284790039062,2.290881633758545,6.645557004958391e-05,218.85414123535156,255810,0.9758377075195312,255810
wurenji-0302-02,000169,256160,11.262603759765625,0.0,11.262603759765625,0,,,9.132315635681152,13.716129302978516,11.262603759765625,255514,0.7476197481155396,0.9342932285510774,5.142723560333252,11.083728790283203,11.262603759765625,255307,0.8845986127853394,0.9908933166736518,3.404731035232544,11.193302154541016,11.262603759765625,255335,0.9435818791389465,0.9947519924804669,2.2503156661987305,11.73747444152832,11.262603759765625,256160,0.9853055477142334,1.0,2.2503156661987305,11.73747444152832,11.262603759765625,256160,0.9853055477142334,1.0,961,961,1.0,4,64.0,,3969,3969,1.0,4,32.0,,15980,15269,0.9555068836045056,4,16.0,17.4351806640625,2.251485824584961,6.2460960180033e-05,218.11790466308594,256160,0.9771728515625,256160
wurenji-0302-02,000170,255372,12.18972110748291,0.0,12.18972110748291,0,,,10.0032377243042,15.423579216003418,12.18972110748291,254954,0.7978918552398682,0.9722538183358567,5.445293426513672,11.815123558044434,12.18972110748291,255192,0.9058571457862854,0.9980720398758581,3.637996196746826,11.93516731262207,12.18972110748291,255366,0.9575678706169128,0.9997102198413258,2.4629740715026855,12.528016090393066,12.18972110748291,255372,0.9869475364685059,1.0,2.4629740715026855,12.528016090393066,12.18972110748291,255372,0.9869475364685059,1.0,961,961,1.0,4,64.0,,3969,3969,1.0,4,32.0,,15857,14905,0.9399634230939018,4,16.0,17.46786117553711,2.4599452018737793,5.7432556786807254e-05,222.14947509765625,255372,0.9741668701171875,255372
wurenji-0302-02,000171,255318,12.321054458618164,0.0,12.321054458618164,0,,,9.726409912109375,16.584720611572266,12.321054458618164,255092,0.8317860960960388,0.9773689492418421,5.34934139251709,12.578901290893555,12.321054458618164,254995,0.9191009998321533,0.999847055824624,3.4451396465301514,12.462968826293945,12.321054458618164,255223,0.9646689891815186,1.0,2.517698287963867,12.83754825592041,12.321054458618164,255318,0.9868448972702026,1.0,2.517698287963867,12.83754825592041,12.321054458618164,255318,0.9868448972702026,1.0,961,961,1.0,4,64.0,,3969,3969,1.0,4,32.0,,15841,14513,0.9161669086547567,4,16.0,17.529590606689453,2.509176254272461,9.400042472407222e-05,222.6595916748047,255318,0.9739608764648438,255318
wurenji-0302-02,000172,255021,12.633272171020508,0.0,12.633272171020508,0,,,8.704299926757812,14.611184120178223,12.633272171020508,254893,0.7999305129051208,0.9614426445606588,4.931241035461426,11.860695838928223,12.633272171020508,254873,0.9304875731468201,0.9997920532971323,3.3276026248931885,12.170430183410645,12.633272171020508,254990,0.9697917699813843,0.9999686262206361,2.344667434692383,12.81238842010498,12.633272171020508,255021,0.9895050525665283,1.0,2.344667434692383,12.81238842010498,12.633272171020508,255021,0.9895050525665283,1.0,961,961,1.0,4,64.0,,3969,3969,1.0,4,32.0,,15750,14909,0.9466031746031746,4,16.0,17.766679763793945,2.3299527168273926,6.404700980056077e-05,223.31182861328125,255021,0.9728279113769531,255021
wurenji-0302-02,000173,255926,11.466253280639648,0.0,11.466253280639648,0,,,8.287110328674316,14.149190902709961,11.466253280639648,255743,0.8132858872413635,0.9624232139296091,5.082179546356201,11.491308212280273,11.466253280639648,255270,0.9152957201004028,0.9982489129157363,3.374526262283325,11.50765323638916,11.466253280639648,255214,0.9621318578720093,0.9979429028188109,2.4102466106414795,11.932106018066406,11.466253280639648,255926,0.9863153100013733,1.0,2.4102466106414795,11.932106018066406,11.466253280639648,255926,0.9863153100013733,1.0,961,961,1.0,4,64.0,,3969,3969,1.0,4,32.0,,15927,15391,0.9663464557041502,4,16.0,17.27114486694336,2.4097304344177246,5.209839218878187e-05,217.153564453125,255926,0.9762802124023438,255926
wurenji-0302-02,000174,255921,11.528186798095703,0.0,11.528186798095703,0,,,8.1188383102417,14.414751052856445,11.528186798095703,255892,0.8535860776901245,0.9770528191580823,5.182982921600342,11.496459007263184,11.528186798095703,255751,0.917763888835907,0.9991945290536498,3.3664462566375732,11.572867393493652,11.528186798095703,255921,0.9682426452636719,1.0,2.4899489879608154,11.981411933898926,11.528186798095703,255921,0.9859331250190735,1.0,2.4899489879608154,11.981411933898926,11.528186798095703,255921,0.9859331250190735,1.0,961,961,1.0,4,64.0,,3969,3969,1.0,4,32.0,,15925,15280,0.9594976452119309,4,16.0,17.36536407470703,2.4914441108703613,4.4284497562330216e-05,218.7437286376953,255921,0.9762611389160156,255921
wurenji-0302-02,000175,255732,11.544221878051758,0.0,11.544221878051758,0,,,9.070502281188965,15.859962463378906,11.544221878051758,255718,0.8455665707588196,0.9741277500997192,5.189849853515625,12.216504096984863,11.544221878051758,255441,0.922051727771759,0.9977059281791099,3.5684516429901123,12.076277732849121,11.544221878051758,255724,0.9617161750793457,0.9997419092459058,2.6756014823913574,12.222329139709473,11.544221878051758,255721,0.9831457734107971,1.0,2.6756014823913574,12.222329139709473,11.544221878051758,255721,0.9831457734107971,1.0,961,961,1.0,4,64.0,,3969,3969,1.0,4,32.0,,15892,14710,0.9256229549458848,4,16.0,17.49539566040039,2.665281057357788,8.602756133768708e-05,219.91220092773438,255732,0.9755401611328125,255732
wurenji-0302-02,000176,255490,11.885923385620117,0.0,11.885923385620117,0,,,9.059885025024414,16.133569717407227,11.885923385620117,255478,0.8469728231430054,0.9696373073219612,5.436371326446533,12.334070205688477,11.885923385620117,255437,0.9218670129776001,0.9965744978213806,3.6665937900543213,12.18105697631836,11.885923385620117,255482,0.9619085788726807,0.9988022639559734,2.7893624305725098,12.276297569274902,11.885923385620117,255490,0.9832088351249695,1.0,2.7893624305725098,12.276297569274902,11.885923385620117,255490,0.9832088351249695,1.0,961,961,1.0,4,64.0,,3969,3969,1.0,4,32.0,,15873,14535,0.9157059157059158,4,16.0,17.349363327026367,2.778458833694458,5.479666651808657e-05,219.50894165039062,255490,0.9746170043945312,255490
wurenji-0302-02,000177,255810,11.354865074157715,0.0,11.354865074157715,0,,,9.155692100524902,15.934858322143555,11.354865074157715,255793,0.8427634239196777,0.9720359822199982,4.775137424468994,11.802827835083008,11.354865074157715,255289,0.9370868802070618,0.9985154080277646,3.3938066959381104,11.741544723510742,11.354865074157715,255613,0.9691951870918274,0.9998826350772457,2.5411570072174072,11.81202507019043,11.354865074157715,255810,0.9822743535041809,1.0,2.5411570072174072,11.81202507019043,11.354865074157715,255810,0.9822743535041809,1.0,961,961,1.0,4,64.0,,3969,3969,1.0,4,32.0,,15895,14948,0.9404215162000629,4,16.0,17.36853790283203,2.530379056930542,5.994032107992098e-05,216.91168212890625,255810,0.9758377075195312,255810
wurenji-0302-02,000178,257364,9.270613670349121,0.0,9.270613670349121,0,,,8.358777046203613,12.655442237854004,9.270613670349121,256898,0.7930806279182434,0.9646435550296226,4.322190761566162,9.540594100952148,9.270613670349121,257364,0.9251917600631714,0.9993122581246795,2.99690842628479,9.383757591247559,9.270613670349121,256838,0.9646210670471191,0.999264127582367,2.1446990966796875,9.636454582214355,9.270613670349121,257337,0.9820218086242676,1.0,2.1446990966796875,9.636454582214355,9.270613670349121,257337,0.9820218086242676,1.0,975,975,1.0,4,64.0,,3969,3969,1.0,4,32.0,,15992,15864,0.9919959979989995,4,16.0,16.87258529663086,2.1364848613739014,3.496992576401681e-05,195.47703552246094,257364,0.9817657470703125,257364
wurenji-0302-02,000179,256748,10.067342758178711,0.0,10.067342758178711,0,,,9.824490547180176,15.141279220581055,10.067342758178711,255816,0.7661583423614502,0.9480876880257685,5.551383972167969,12.030099868774414,10.067342758178711,256748,0.9039239287376404,1.0,3.711467981338501,11.176263809204102,10.067342758178711,256748,0.9539031982421875,1.0,2.6424410343170166,11.124515533447266,10.067342758178711,256748,0.9840702414512634,1.0,2.6424410343170166,11.124515533447266,10.067342758178711,256748,0.9840702414512634,1.0,969,969,1.0,4,64.0,,3969,3969,1.0,4,32.0,,15962,15189,0.9515724846510463,4,16.0,19.062009811401367,2.643510341644287,4.1545277781551704e-05,203.52752685546875,256748,0.9794158935546875,256748
wurenji-0302-02,000180,256396,10.60027027130127,0.0,10.60027027130127,0,,,10.034624099731445,15.548786163330078,10.60027027130127,255755,0.7805807590484619,0.9572129577134367,5.263125419616699,12.074665069580078,10.60027027130127,256396,0.9139801859855652,1.0,3.397705316543579,11.406490325927734,10.60027027130127,256396,0.9601097106933594,1.0,2.394859790802002,11.275795936584473,10.60027027130127,256396,0.9849143624305725,1.0,2.394859790802002,11.275795936584473,10.60027027130127,256396,0.9849143624305725,1.0,971,971,1.0,4,64.0,,3967,3967,1.0,4,32.0,,15933,14982,0.9403125588401431,4,16.0,18.80250358581543,2.392974615097046,3.7702095141867176e-05,200.42617797851562,256396,0.9780731201171875,256396
wurenji-0302-02,000181,256780,10.143122673034668,0.0,10.143122673034668,0,,,10.538537979125977,16.12024688720703,10.143122673034668,256762,0.7749098539352417,0.9534354772123601,5.3369927406311035,11.598886489868164,10.143122673034668,256759,0.9082505702972412,1.0,3.725017547607422,11.102526664733887,10.143122673034668,256780,0.9551759958267212,0.9999221123140432,2.7276647090911865,11.026607513427734,10.143122673034668,256780,0.979324996471405,1.0,2.7276647090911865,11.026607513427734,10.143122673034668,256780,0.979324996471405,1.0,977,977,1.0,4,64.0,,3974,3974,1.0,4,32.0,,15954,15153,0.9497931553215495,4,16.0,19.375925064086914,2.720721960067749,4.543448449112475e-05,185.66502380371094,256780,0.9795379638671875,256780
wurenji-0302-02,000182,257095,9.484679222106934,0.0,9.484679222106934,0,,,9.117791175842285,14.161446571350098,9.484679222106934,257006,0.7881442904472351,0.9591410317268858,4.538105010986328,10.282576560974121,9.484679222106934,257075,0.9191264510154724,1.0,3.2590348720550537,9.94088363647461,9.484679222106934,257077,0.9581969380378723,1.0,2.435871124267578,9.965819358825684,9.484679222106934,257085,0.9749526977539062,1.0,2.435871124267578,9.965819358825684,9.484679222106934,257085,0.9749526977539062,1.0,974,974,1.0,4,64.0,,3969,3969,1.0,4,32.0,,15982,15619,0.9772869478162933,4,16.0,17.94988250732422,2.4306867122650146,6.871649384265766e-05,200.12327575683594,257095,0.9807395935058594,257095
wurenji-0302-02,000183,256932,9.729411125183105,0.0,9.729411125183105,0,,,10.759788513183594,16.434022903442383,9.729411125183105,256872,0.8176660537719727,0.981013890186552,5.261646270751953,11.682087898254395,9.729411125183105,256932,0.9172754883766174,1.0,3.7256407737731934,10.965009689331055,9.729411125183105,256932,0.9566434621810913,1.0,2.7001073360443115,10.806063652038574,9.729411125183105,256899,0.9824143648147583,1.0,2.7001073360443115,10.806063652038574,9.729411125183105,256899,0.9824143648147583,1.0,975,975,1.0,4,64.0,,3969,3969,1.0,4,32.0,,15978,15239,0.9537489047440231,4,16.0,19.146957397460938,2.6971821784973145,3.2434003514936194e-05,199.05502319335938,256932,0.9801177978515625,256932
wurenji-0302-02,000184,256893,9.817520141601562,0.0,9.817520141601562,0,,,9.4264554977417,14.37342643737793,9.817520141601562,256710,0.78070467710495,0.9633048965759028,4.751655578613281,10.820201873779297,9.817520141601562,256893,0.9254499077796936,0.9999377172597151,3.384998321533203,10.35225772857666,9.817520141601562,256893,0.9626339077949524,1.0,2.4801270961761475,10.291748046875,9.817520141601562,256893,0.9805760383605957,1.0,2.4801270961761475,10.291748046875,9.817520141601562,256893,0.9805760383605957,1.0,977,977,1.0,4,64.0,,3970,3970,1.0,4,32.0,,15970,15479,0.9692548528490921,4,16.0,18.201007843017578,2.474675178527832,2.3356027668341994e-05,203.14198303222656,256893,0.9799690246582031,256893
wurenji-0302-02,000185,257676,8.825767517089844,0.0,8.825767517089844,0,,,9.478297233581543,14.229596138000488,8.825767517089844,256736,0.7559627890586853,0.9615636295650006,4.728181838989258,10.234506607055664,8.825767517089844,257676,0.905894935131073,0.9998059578695726,3.2320148944854736,9.575599670410156,8.825767517089844,257676,0.9603894948959351,1.0,2.3586413860321045,9.283855438232422,8.825767517089844,257676,0.9782610535621643,1.0,2.3586413860321045,9.283855438232422,8.825767517089844,257676,0.9782610535621643,1.0,984,984,1.0,4,64.0,,3988,3988,1.0,4,32.0,,16011,15718,0.981700081194179,4,16.0,17.66818618774414,2.357609987258911,3.1046740332385525e-05,177.836181640625,257676,0.9829559326171875,257676
wurenji-0302-02,000186,257727,8.66612434387207,0.0,8.66612434387207,0,,,9.076595306396484,12.299102783203125,8.66612434387207,255391,0.6007588505744934,0.8996636529869886,4.945554733276367,9.24244499206543,8.66612434387207,257293,0.8301922678947449,0.9725837858006242,3.330153703689575,8.79886245727539,8.66612434387207,256781,0.9318552613258362,0.9987382244013381,2.1932289600372314,8.63433837890625,8.66612434387207,257057,0.9720836877822876,0.999957207934427,2.1932289600372314,8.63433837890625,8.66612434387207,257057,0.9720836877822876,0.999957207934427,985,985,1.0,4,64.0,,3985,3985,1.0,4,32.0,,16011,15555,0.9715195802885517,4,16.0,18.920381546020508,2.18259859085083,3.492067116894759e-05,182.19833374023438,257727,0.9831504821777344,257727
wurenji-0302-02,000187,257723,8.851890563964844,0.0,8.851890563964844,0,,,9.102981567382812,12.004034996032715,8.851890563964844,256362,0.563647985458374,0.8446415615418822,4.792534828186035,8.519718170166016,8.851890563964844,257658,0.8028486371040344,0.9597955429289989,3.4279208183288574,8.547273635864258,8.851890563964844,256972,0.9212347269058228,0.9971670065221113,2.49332857131958,8.818500518798828,8.851890563964844,257497,0.9552148580551147,1.0,2.49332857131958,8.818500518798828,8.851890563964844,257497,0.9552148580551147,1.0,986,986,1.0,4,64.0,,3991,3991,1.0,4,32.0,,16016,15611,0.9747127872127872,4,16.0,19.664453506469727,2.485361337661743,3.492121322778985e-05,179.2301483154297,257723,0.9831352233886719,257723
wurenji-0302-02,000188,257535,9.116211891174316,0.0,9.116211891174316,0,,,7.785239219665527,11.364036560058594,9.116211891174316,256196,0.6389716863632202,0.8893464378834954,4.248720169067383,8.787056922912598,9.116211891174316,256232,0.8531615138053894,0.978156514408817,3.181446075439453,8.831313133239746,9.116211891174316,256690,0.9447528123855591,0.9994857610347111,2.4379007816314697,8.902850151062012,9.116211891174316,257535,0.9644129276275635,1.0,2.4379007816314697,8.902850151062012,9.116211891174316,257535,0.9644129276275635,1.0,985,985,1.0,4,64.0,,3993,3993,1.0,4,32.0,,16002,15666,0.979002624671916,4,16.0,18.88723373413086,2.4277193546295166,3.7535352021222934e-05,170.8118133544922,257535,0.9824180603027344,257535
wurenji-0302-02,000189,257903,8.684670448303223,0.0,8.684670448303223,0,,,9.802018165588379,11.897141456604004,8.684670448303223,255508,0.46643978357315063,0.76565900089234,5.785760402679443,7.9840192794799805,8.684670448303223,257903,0.6844761371612549,0.8986867155480937,4.087940692901611,8.144952774047852,8.684670448303223,257594,0.8285977244377136,0.9548475507969906,2.7641870975494385,8.474645614624023,8.684670448303223,257892,0.9379258155822754,0.999596730414282,2.7641870975494385,8.474645614624023,8.684670448303223,257892,0.9379258155822754,0.999596730414282,989,989,1.0,4,64.0,,4001,4001,1.0,4,32.0,,16035,15727,0.9807920174618023,4,16.0,18.915071487426758,2.7564001083374023,5.0406546506565064e-05,165.7296600341797,257903,0.9838218688964844,257903
wurenji-0302-02,000190,257990,8.544898986816406,0.0,8.544898986816406,0,,,9.696343421936035,12.239280700683594,8.544898986816406,256758,0.48678186535835266,0.7717695261686102,5.629080295562744,8.013346672058105,8.544898986816406,257799,0.6722036600112915,0.8891655902466651,3.943573236465454,7.862326145172119,8.544898986816406,257603,0.8248458504676819,0.9495774505731688,2.7119648456573486,7.962083339691162,8.544898986816406,257990,0.9375621676445007,0.9997519283693166,2.7119648456573486,7.962083339691162,8.544898986816406,257990,0.9375621676445007,0.9997519283693166,989,989,1.0,4,64.0,,4002,4002,1.0,4,32.0,,16040,15720,0.9800498753117207,4,16.0,18.3698673248291,2.7019827365875244,4.522138988249935e-05,160.73390197753906,257990,0.9841537475585938,257990
wurenji-0302-02,000191,258323,8.087923049926758,0.0,8.087923049926758,0,,,10.456572532653809,12.978032112121582,8.087923049926758,254882,0.459664523601532,0.7618937390635667,5.2127766609191895,7.912019729614258,8.087923049926758,255851,0.6638983488082886,0.8840692434268382,3.488173723220825,7.4362406730651855,8.087923049926758,253899,0.8409504890441895,0.9570852976971158,2.39552903175354,7.647610187530518,8.087923049926758,255819,0.9257708191871643,0.9972949624539225,2.39552903175354,7.647610187530518,8.087923049926758,255819,0.9257708191871643,0.9972949624539225,991,991,1.0,4,64.0,,4009,4009,1.0,4,32.0,,16069,15706,0.9774099197212023,4,16.0,17.991172790527344,2.3856682777404785,4.516309854807332e-05,156.7880859375,258323,0.9854240417480469,258323
wurenji-0302-02,000192,257584,9.150379180908203,0.0,9.150379180908203,0,,,9.410253524780273,12.771753311157227,9.150379180908203,256347,0.5448873043060303,0.8124456303370041,4.745159149169922,8.859016418457031,9.150379180908203,256699,0.8153249025344849,0.9661471217262241,3.2059326171875,8.46153736114502,9.150379180908203,257394,0.9373327493667603,0.9992268662051175,2.2895262241363525,8.510282516479492,9.150379180908203,257584,0.9654346108436584,1.0,2.2895262241363525,8.510282516479492,9.150379180908203,257584,0.9654346108436584,1.0,986,986,1.0,4,64.0,,3991,3991,1.0,4,32.0,,16012,15453,0.9650886834873844,4,16.0,18.448341369628906,2.2785162925720215,3.882228702423163e-05,169.05638122558594,257584,0.98260498046875,257584
wurenji-0302-02,000193,258146,8.333700180053711,0.0,8.333700180053711,0,,,10.036836624145508,12.7905912399292,8.333700180053711,257275,0.5194294452667236,0.798126518316976,5.877260684967041,8.503758430480957,8.333700180053711,257414,0.6527788639068604,0.8885142222256753,4.112655162811279,7.625082969665527,8.333700180053711,257378,0.8032034039497375,0.9454537683873524,2.918877601623535,7.3930463790893555,8.333700180053711,257412,0.9227219223976135,0.9947710285456778,2.918877601623535,7.3930463790893555,8.333700180053711,257412,0.9227219223976135,0.9947710285456778,990,990,1.0,4,64.0,,4005,4005,1.0,4,32.0,,16054,15699,0.9778871309331008,4,16.0,18.18255615234375,2.901221990585327,2.9698956495849416e-05,158.27284240722656,258146,0.9847488403320312,258146
wurenji-0302-02,000194,258364,8.067046165466309,0.0,8.067046165466309,0,,,10.323119163513184,12.752986907958984,8.067046165466309,255055,0.4087313711643219,0.725917939268001,6.027709007263184,8.404247283935547,8.067046165466309,254565,0.599922239780426,0.8473749337104473,4.202348709106445,7.487610340118408,8.067046165466309,254533,0.7542669177055359,0.9211929297969222,2.898355722427368,7.316670894622803,8.067046165466309,253470,0.8854690194129944,0.9909180573637906,2.898355722427368,7.316670894622803,8.067046165466309,253470,0.8854690194129944,0.9909180573637906,991,991,1.0,4,64.0,,4010,4010,1.0,4,32.0,,16072,15585,0.9696988551518169,4,16.0,18.78816032409668,2.8817718029022217,5.805762339150533e-05,158.92144775390625,258364,0.9855804443359375,258364
wurenji-0302-02,000195,258294,8.227802276611328,0.0,8.227802276611328,0,,,10.097776412963867,13.074991226196289,8.227802276611328,252237,0.4494134783744812,0.756403699695128,5.206915378570557,8.478096008300781,8.227802276611328,254201,0.6674876809120178,0.8761019822896055,3.86167311668396,7.646612644195557,8.227802276611328,252386,0.8058065176010132,0.9469859659410585,2.6317272186279297,7.651740550994873,8.227802276611328,253632,0.90109783411026,0.9919568508705526,2.6317272186279297,7.651740550994873,8.227802276611328,253632,0.90109783411026,0.9919568508705526,992,992,1.0,4,64.0,,4010,4010,1.0,4,32.0,,16068,15574,0.9692556634304207,4,16.0,18.56121063232422,2.618368625640869,6.710699381073937e-05,165.08074951171875,258294,0.9853134155273438,258294
wurenji-0302-02,000196,258316,8.217592239379883,0.0,8.217592239379883,0,,,9.03131103515625,11.488726615905762,8.217592239379883,252200,0.41534116864204407,0.7339651070578905,5.34488582611084,7.953616142272949,8.217592239379883,253315,0.6401656866073608,0.8703827250656297,3.830456495285034,7.139341831207275,8.217592239379883,249312,0.8020431995391846,0.9400670645616738,2.6370491981506348,7.37891149520874,8.217592239379883,250042,0.8982028365135193,0.9852504779197095,2.6370491981506348,7.37891149520874,8.217592239379883,250042,0.8982028365135193,0.9852504779197095,993,993,1.0,4,64.0,,4008,4008,1.0,4,32.0,,16070,15607,0.9711885500933416,4,16.0,18.619890213012695,2.6220972537994385,6.06492321821861e-05,156.57713317871094,258316,0.9853973388671875,258316
wurenji-0302-02,000197,258595,7.790024280548096,0.0,7.790024280548096,0,,,9.603440284729004,11.495622634887695,7.790024280548096,250938,0.42834368348121643,0.7417011373327276,6.01783561706543,7.774387359619141,7.790024280548096,252990,0.5801175236701965,0.8273370488952132,4.240900993347168,6.937873363494873,7.790024280548096,252281,0.7273905277252197,0.9111665167016144,2.813793420791626,7.1419830322265625,7.790024280548096,251484,0.8744905591011047,0.9797760493709341,2.813793420791626,7.1419830322265625,7.790024280548096,251484,0.8744905591011047,0.9797760493709341,994,994,1.0,4,64.0,,4013,4013,1.0,4,32.0,,16091,15687,0.974892797215835,4,16.0,18.244306564331055,2.7985572814941406,3.48034554917831e-05,156.29483032226562,258595,0.9864616394042969,258595
wurenji-0302-02,000198,258766,7.578824520111084,0.0,7.578824520111084,0,,,8.864842414855957,11.956268310546875,7.578824520111084,250916,0.500470757484436,0.7724856127150121,4.607905864715576,7.858352184295654,7.578824520111084,253182,0.7505561709403992,0.922162712989075,3.3938565254211426,6.848518371582031,7.578824520111084,252606,0.8290215730667114,0.9601474232599384,2.656642198562622,6.527665138244629,7.578824520111084,251690,0.871960461139679,0.9682426794866701,2.656642198562622,6.527665138244629,7.578824520111084,251690,0.871960461139679,0.9682426794866701,996,996,1.0,4,64.0,,4016,4016,1.0,4,32.0,,16094,15756,0.9789983844911146,4,16.0,18.026540756225586,2.6467344760894775,6.698458309983835e-05,155.67434692382812,258766,0.9871139526367188,258766
wurenji-0302-02,000199,257800,8.97957992553711,0.0,8.97957992553711,0,,,10.310795783996582,13.749939918518066,8.97957992553711,254514,0.569911539554596,0.815035715127655,5.37560510635376,8.704803466796875,8.97957992553711,254378,0.7380846738815308,0.9182673029900384,3.976895570755005,7.986754894256592,8.97957992553711,253702,0.8409820795059204,0.9625466098020512,2.8568124771118164,8.022252082824707,8.97957992553711,254942,0.9179981350898743,0.9929160358042222,2.8568124771118164,8.022252082824707,8.97957992553711,254942,0.9179981350898743,0.9929160358042222,988,988,1.0,4,64.0,,3996,3996,1.0,4,32.0,,16034,15561,0.9705001871024074,4,16.0,18.743038177490234,2.846299171447754,5.689164754585363e-05,160.7749786376953,257800,0.983428955078125,257800
